comparison,family,cell,time,absolute,reference_norm,relative_percent,original_norm_score,comparison_defined,roundoff_limited,undefined_checkpoints,final_relative_percent,initial_relative_percent
one_time_160_vs_1280,amplitudes,all,0.35000000000000003,2.121089626161421e-08,0.6723408185421222,3.1547833593692993e-06,3.154783359369299e-08,True,False,0,1.8314904335401399e-06,0.0
one_time_160_vs_1280,amplitudes,0,0.35000000000000003,2.121089626161421e-08,0.6723408185421222,3.1547833593692993e-06,3.154783359369299e-08,True,False,0,1.8314904335401399e-06,0.0
one_time_160_vs_1280,excitation_energy,all,0.6125,8.294747599890684e-08,0.5079658355110961,1.632934150294738e-05,1.632934150294738e-07,True,False,0,8.034940861566058e-06,0.0
one_time_160_vs_1280,excitation_energy,0,0.6125,8.294747599890684e-08,0.5079658355110961,1.632934150294738e-05,1.632934150294738e-07,True,False,0,8.034940861566058e-06,0.0
one_time_160_vs_1280,electron_energy,all,0.6125,7.422284004077184e-08,0.08620739842109565,8.609799321192473e-05,8.609799321192474e-07,True,False,0,5.38456552474486e-05,0.0
one_time_160_vs_1280,electron_energy,0,0.6125,7.422284004077184e-08,0.08620739842109565,8.609799321192473e-05,8.609799321192474e-07,True,False,0,5.38456552474486e-05,0.0
one_time_160_vs_1280,phonon_energy,all,0.6125,2.5038696171986174e-08,0.1373134452256797,1.823470100166386e-05,1.823470100166386e-07,True,False,0,3.940455024873327e-06,0.0
one_time_160_vs_1280,phonon_energy,0,0.6125,2.5038696171986174e-08,0.1373134452256797,1.823470100166386e-05,1.823470100166386e-07,True,False,0,3.940455024873327e-06,0.0
one_time_160_vs_1280,escape,all,0.0,0.0,0.0,,0.0,True,True,0,,
one_time_160_vs_1280,escape,0,0.0,0.0,0.0,,0.0,True,True,0,,
one_time_160_vs_1280,input,all,0.0,0.0,0.0,,0.0,True,True,0,,
one_time_160_vs_1280,input,0,0.0,0.0,0.0,,0.0,True,True,0,,
one_time_160_vs_1280,electron_to_phonon,all,0.037500000000000006,4.1791515551989344e-09,0.0013769165612757019,0.0003035152363427879,3.035152363427879e-06,True,False,0,2.6794380364476564e-05,
one_time_160_vs_1280,electron_to_phonon,0,0.037500000000000006,4.1791515551989344e-09,0.0013769165612757019,0.0003035152363427879,3.035152363427879e-06,True,False,0,2.6794380364476564e-05,
one_time_160_vs_1280,condensate_heat,all,0.0125,2.3961162739279812e-09,0.001176203540158584,0.00020371612498334428,2.037161249833443e-06,True,False,0,0.00010988305949096203,
one_time_160_vs_1280,condensate_heat,0,0.0125,2.3961162739279812e-09,0.001176203540158584,0.00020371612498334428,2.037161249833443e-06,True,False,0,0.00010988305949096203,
one_time_160_vs_1280,transport,all,0.0,0.0,0.0,,0.0,True,True,0,,
one_time_160_vs_1280,electronic_population,all,0.625,9.355238723378479e-08,0.49738840407941415,1.8808718994351144e-05,1.8808718994351144e-07,True,False,0,9.863996581885722e-06,0.0
one_time_160_vs_1280,electronic_population,0,0.625,9.355238723378479e-08,0.49738840407941415,1.8808718994351144e-05,1.8808718994351144e-07,True,False,0,9.863996581885722e-06,0.0
one_time_160_vs_1280,phonon_population,all,0.325,2.960563668343231e-06,0.05466628843012146,0.005415702718006263,5.415702718006263e-05,True,False,0,0.0035619461913250607,0.0
one_time_160_vs_1280,phonon_population,0,0.325,2.960563668343231e-06,0.05466628843012146,0.005415702718006263,5.415702718006263e-05,True,False,0,0.0035619461913250607,0.0
one_time_320_vs_1280,amplitudes,all,0.31875000000000003,2.4681221511002605e-09,0.6675475510877058,3.697297888485529e-07,3.697297888485529e-09,True,False,0,3.371095495404512e-07,0.0
one_time_320_vs_1280,amplitudes,0,0.31875000000000003,2.4681221511002605e-09,0.6675475510877058,3.697297888485529e-07,3.697297888485529e-09,True,False,0,3.371095495404512e-07,0.0
one_time_320_vs_1280,excitation_energy,all,0.45,1.491489920457667e-08,0.49635823077158475,3.004865897235467e-06,3.004865897235467e-08,True,False,0,9.851113341410582e-07,0.0
one_time_320_vs_1280,excitation_energy,0,0.45,1.491489920457667e-08,0.49635823077158475,3.004865897235467e-06,3.004865897235467e-08,True,False,0,9.851113341410582e-07,0.0
one_time_320_vs_1280,electron_energy,all,0.45,1.3706943746694122e-08,0.0836684615511446,1.6382449841408142e-05,1.6382449841408143e-07,True,False,0,6.993928655414286e-06,0.0
one_time_320_vs_1280,electron_energy,0,0.45,1.3706943746694122e-08,0.0836684615511446,1.6382449841408142e-05,1.6382449841408143e-07,True,False,0,6.993928655414286e-06,0.0
one_time_320_vs_1280,phonon_energy,all,0.58125,8.096846915162104e-09,0.13774666265533667,5.878071206285164e-06,5.878071206285164e-08,True,False,0,2.001287300245495e-07,0.0
one_time_320_vs_1280,phonon_energy,0,0.58125,8.096846915162104e-09,0.13774666265533667,5.878071206285164e-06,5.878071206285164e-08,True,False,0,2.001287300245495e-07,0.0
one_time_320_vs_1280,escape,all,0.0,0.0,0.0,,0.0,True,True,0,,
one_time_320_vs_1280,escape,0,0.0,0.0,0.0,,0.0,True,True,0,,
one_time_320_vs_1280,input,all,0.0,0.0,0.0,,0.0,True,True,0,,
one_time_320_vs_1280,input,0,0.0,0.0,0.0,,0.0,True,True,0,,
one_time_320_vs_1280,electron_to_phonon,all,0.0125,4.653685007878841e-10,0.0004683434473241688,9.936479381674245e-05,9.936479381674245e-07,True,False,0,1.3607983139652854e-06,
one_time_320_vs_1280,electron_to_phonon,0,0.0125,4.653685007878841e-10,0.0004683434473241688,9.936479381674245e-05,9.936479381674245e-07,True,False,0,1.3607983139652854e-06,
one_time_320_vs_1280,condensate_heat,all,0.00625,1.4880077443650552e-10,0.0005947220085993027,2.5020223278261237e-05,2.502022327826124e-07,True,False,0,1.2484172673917253e-05,
one_time_320_vs_1280,condensate_heat,0,0.00625,1.4880077443650552e-10,0.0005947220085993027,2.5020223278261237e-05,2.502022327826124e-07,True,False,0,1.2484172673917253e-05,
one_time_320_vs_1280,transport,all,0.0,0.0,0.0,,0.0,True,True,0,,
one_time_320_vs_1280,electronic_population,all,0.5875,1.420853060442506e-08,0.49586675018273085,2.865392890164364e-06,2.8653928901643643e-08,True,False,0,1.5164734860998203e-06,0.0
one_time_320_vs_1280,electronic_population,0,0.5875,1.420853060442506e-08,0.49586675018273085,2.865392890164364e-06,2.8653928901643643e-08,True,False,0,1.5164734860998203e-06,0.0
one_time_320_vs_1280,phonon_population,all,0.28750000000000003,8.589391543128913e-07,0.054710061671003715,0.0015699838897606808,1.5699838897606807e-05,True,False,0,0.001003053777415611,0.0
one_time_320_vs_1280,phonon_population,0,0.28750000000000003,8.589391543128913e-07,0.054710061671003715,0.0015699838897606808,1.5699838897606807e-05,True,False,0,0.001003053777415611,0.0
one_time_640_vs_1280,amplitudes,all,2.0,8.210918611695206e-10,0.7593466990655852,1.0813135319873201e-07,1.0813135319873201e-09,True,False,0,1.0813135319873201e-07,0.0
one_time_640_vs_1280,amplitudes,0,2.0,8.210918611695206e-10,0.7593466990655852,1.0813135319873201e-07,1.0813135319873201e-09,True,False,0,1.0813135319873201e-07,0.0
one_time_640_vs_1280,excitation_energy,all,0.696875,3.333986309250747e-09,0.5127317667613083,6.502398574424229e-07,6.502398574424229e-09,True,False,0,4.7596068796744025e-07,0.0
one_time_640_vs_1280,excitation_energy,0,0.696875,3.333986309250747e-09,0.5127317667613083,6.502398574424229e-07,6.502398574424229e-09,True,False,0,4.7596068796744025e-07,0.0
one_time_640_vs_1280,electron_energy,all,0.696875,3.3083174533210524e-09,0.08726058341318482,3.791307969665918e-06,3.791307969665918e-08,True,False,0,3.188368062843149e-06,0.0
one_time_640_vs_1280,electron_energy,0,0.696875,3.3083174533210524e-09,0.08726058341318482,3.791307969665918e-06,3.791307969665918e-08,True,False,0,3.188368062843149e-06,0.0
one_time_640_vs_1280,phonon_energy,all,0.9281250000000001,2.6124319374432048e-09,0.13411916471662855,1.9478438767217484e-06,1.9478438767217484e-08,True,False,0,1.6387645653374117e-06,0.0
one_time_640_vs_1280,phonon_energy,0,0.9281250000000001,2.6124319374432048e-09,0.13411916471662855,1.9478438767217484e-06,1.9478438767217484e-08,True,False,0,1.6387645653374117e-06,0.0
one_time_640_vs_1280,escape,all,0.0,0.0,0.0,,0.0,True,True,0,,
one_time_640_vs_1280,escape,0,0.0,0.0,0.0,,0.0,True,True,0,,
one_time_640_vs_1280,input,all,0.0,0.0,0.0,,0.0,True,True,0,,
one_time_640_vs_1280,input,0,0.0,0.0,0.0,,0.0,True,True,0,,
one_time_640_vs_1280,electron_to_phonon,all,0.19687500000000002,1.4825009032881642e-09,0.0063735394652973095,2.326024513318063e-05,2.326024513318063e-07,True,False,0,1.1143352101389957e-05,
one_time_640_vs_1280,electron_to_phonon,0,0.19687500000000002,1.4825009032881642e-09,0.0063735394652973095,2.326024513318063e-05,2.326024513318063e-07,True,False,0,1.1143352101389957e-05,
one_time_640_vs_1280,condensate_heat,all,0.003125,8.298749166156527e-12,0.00029903605328226253,2.775166765033269e-06,2.775166765033269e-08,True,False,0,1.0636479633601411e-06,
one_time_640_vs_1280,condensate_heat,0,0.003125,8.298749166156527e-12,0.00029903605328226253,2.775166765033269e-06,2.775166765033269e-08,True,False,0,1.0636479633601411e-06,
one_time_640_vs_1280,transport,all,0.0,0.0,0.0,,0.0,True,True,0,,
one_time_640_vs_1280,electronic_population,all,0.9281250000000001,2.7084016885308848e-09,0.5055649673009732,5.357178332569308e-07,5.357178332569309e-09,True,False,0,5.062048936227977e-07,0.0
one_time_640_vs_1280,electronic_population,0,0.9281250000000001,2.7084016885308848e-09,0.5055649673009732,5.357178332569308e-07,5.357178332569309e-09,True,False,0,5.062048936227977e-07,0.0
one_time_640_vs_1280,phonon_population,all,0.34375,2.059241674337774e-07,0.05465161495169273,0.000376794295311852,3.7679429531185205e-06,True,False,0,0.00025345165574541025,0.0
one_time_640_vs_1280,phonon_population,0,0.34375,2.059241674337774e-07,0.05465161495169273,0.000376794295311852,3.7679429531185205e-06,True,False,0,0.00025345165574541025,0.0
two_time_160_vs_1280,amplitudes,all,0.47500000000000003,9.359584884904848e-09,0.9605518414801317,9.74396641672405e-07,9.74396641672405e-09,True,False,0,4.5067560267902686e-07,0.0
two_time_160_vs_1280,amplitudes,0,0.4375,9.327436933936895e-09,0.6315108083760772,1.477003530299393e-06,1.477003530299393e-08,True,False,0,5.874217370065708e-07,0.0
two_time_160_vs_1280,amplitudes,1,0.35000000000000003,4.053252511404537e-09,0.9578734090943196,4.231511672546516e-07,4.231511672546516e-09,True,False,0,1.055743425143202e-07,0.0
two_time_160_vs_1280,excitation_energy,all,1.0250000000000001,4.075753023968787e-08,0.475378089936564,8.573708191962883e-06,8.573708191962883e-08,True,False,0,6.152560290328463e-06,0.0
two_time_160_vs_1280,excitation_energy,0,1.0250000000000001,4.075753023968787e-08,0.475378089936564,8.573708191962883e-06,8.573708191962883e-08,True,False,0,6.152560290328463e-06,0.0
two_time_160_vs_1280,excitation_energy,1,0.037500000000000006,6.233308385509423e-10,0.0016185342933463976,3.8512056316222735e-05,3.851205631622273e-07,True,False,0,1.0842121212631306e-05,0.0
two_time_160_vs_1280,electron_energy,all,1.1125,3.872932974324783e-08,0.46543697083779234,8.321068623649419e-06,8.321068623649418e-08,True,False,0,7.215683105724328e-06,0.0
two_time_160_vs_1280,electron_energy,0,1.975,3.247258939520492e-08,0.04023143570887261,8.071446823371367e-05,8.071446823371367e-07,True,False,0,7.960376765138898e-05,0.0
two_time_160_vs_1280,electron_energy,1,2.0,6.6497108930363424e-09,0.4376681697420933,1.519349898566955e-06,1.519349898566955e-08,True,False,0,1.519349898566955e-06,0.0
two_time_160_vs_1280,phonon_energy,all,1.1125,2.6416514531391044e-08,0.11951605753894755,2.2102899874171726e-05,2.2102899874171724e-07,True,False,0,1.7854182843311386e-05,0.0
two_time_160_vs_1280,phonon_energy,0,1.1125,2.6416514531391044e-08,0.11951605753894755,2.2102899874171726e-05,2.2102899874171724e-07,True,False,0,1.7854182843311386e-05,0.0
two_time_160_vs_1280,phonon_energy,1,2.0,1.9327860275794584e-10,0.0025863857797704766,7.472922418213185e-06,7.472922418213186e-08,True,False,0,7.472922418213185e-06,0.0
two_time_160_vs_1280,escape,all,2.0,2.380303842919318e-09,0.016347984951611598,1.4560227758740783e-05,1.4560227758740783e-07,True,False,0,1.4560227758740783e-05,
two_time_160_vs_1280,escape,0,2.0,2.380303842919318e-09,0.016347984951611598,1.4560227758740783e-05,1.4560227758740783e-07,True,False,0,1.4560227758740783e-05,
two_time_160_vs_1280,escape,1,0.0125,4.391252471855887e-14,4.4436141167748765e-12,0.9882164284424875,0.009882164284424875,True,False,0,5.508899074197362e-05,
two_time_160_vs_1280,input,all,0.0,0.0,0.0,,0.0,True,True,0,7.788908407136483e-12,
two_time_160_vs_1280,input,0,0.0,0.0,0.0,,0.0,True,True,0,7.788908407136483e-12,
two_time_160_vs_1280,input,1,0.0,0.0,0.0,,0.0,True,True,0,,
two_time_160_vs_1280,electron_to_phonon,all,0.0125,1.0304199887008897e-09,0.0004885364527251561,0.00021091977537254314,2.1091977537254315e-06,True,False,0,8.789076096532645e-05,
two_time_160_vs_1280,electron_to_phonon,0,0.0125,1.0304199887008897e-09,0.0004885364527251561,0.00021091977537254314,2.1091977537254315e-06,True,False,0,8.789076096532645e-05,
two_time_160_vs_1280,electron_to_phonon,1,0.0125,5.967612482003026e-12,1.608470129815248e-08,0.037101170680045384,0.0003710117068004538,True,False,0,2.9018635971810417e-05,
two_time_160_vs_1280,condensate_heat,all,0.0125,5.483921096090597e-10,0.0008264042996364478,6.635881612066981e-05,6.635881612066982e-07,True,False,0,2.6377107584154572e-05,
two_time_160_vs_1280,condensate_heat,0,0.0125,5.483921096090597e-10,0.0008264042996364478,6.635881612066981e-05,6.635881612066982e-07,True,False,0,2.6377107584154572e-05,
two_time_160_vs_1280,condensate_heat,1,0.0125,1.4595680880683274e-10,2.4685096824899313e-05,0.0005912750103520329,5.9127501035203284e-06,True,False,0,3.3803084350627416e-05,
two_time_160_vs_1280,transport,all,0.0125,1.1745511518685553e-10,0.0002937421409213243,3.9985789855843204e-05,3.99857898558432e-07,True,False,0,1.0441652417202941e-05,
two_time_160_vs_1280,electronic_population,all,1.0250000000000001,4.220805652941621e-08,0.525465731561827,8.032504118577322e-06,8.032504118577323e-08,True,False,0,6.639294532031819e-06,0.0
two_time_160_vs_1280,electronic_population,0,1.0250000000000001,3.850720498143807e-08,0.499908339920625,7.7028530845379e-06,7.702853084537899e-08,True,False,0,6.187708810950318e-06,0.0
two_time_160_vs_1280,electronic_population,1,0.05,9.319809532865323e-10,0.0016578489648436804,5.621627621394386e-05,5.621627621394386e-07,True,False,0,1.0797125263578625e-05,0.0
two_time_160_vs_1280,phonon_population,all,0.48750000000000004,2.383298768510679e-06,0.0586524018059656,0.004063429109681014,4.063429109681014e-05,True,False,0,0.0030288528130218853,0.0
two_time_160_vs_1280,phonon_population,0,0.48750000000000004,2.383253682983612e-06,0.052787737303175666,0.004514786586316207,4.5147865863162074e-05,True,False,0,0.0033836774710207843,0.0
two_time_160_vs_1280,phonon_population,1,1.7125000000000001,1.7948260220140886e-10,0.006152291671730929,2.9173292128868127e-06,2.9173292128868128e-08,True,False,0,2.9066943247448454e-06,0.0
two_time_320_vs_1280,amplitudes,all,2.0,2.516984620726248e-09,0.9763435167910288,2.577970332612932e-07,2.5779703326129316e-09,True,False,0,2.577970332612932e-07,0.0
two_time_320_vs_1280,amplitudes,0,2.0,2.516984620726248e-09,0.74906013028019,3.3601903491843253e-07,3.3601903491843253e-09,True,False,0,3.3601903491843253e-07,0.0
two_time_320_vs_1280,amplitudes,1,0.34375,5.955389514866738e-10,0.9577353517005698,6.218199531104554e-08,6.218199531104553e-10,True,False,0,9.15588990548923e-10,0.0
two_time_320_vs_1280,excitation_energy,all,0.675,1.3285600952706034e-08,0.4606228761096098,2.8842685940644845e-06,2.8842685940644843e-08,True,False,0,1.6254870982141932e-06,0.0
two_time_320_vs_1280,excitation_energy,0,0.675,1.3285600952706034e-08,0.4606228761096098,2.8842685940644845e-06,2.8842685940644843e-08,True,False,0,1.6254870982141932e-06,0.0
two_time_320_vs_1280,excitation_energy,1,0.037500000000000006,8.818553504617854e-11,0.0016185342933463976,5.448481098528392e-06,5.448481098528392e-08,True,False,0,3.1590605389970897e-06,0.0
two_time_320_vs_1280,electron_energy,all,0.675,1.3007183830016089e-08,0.47873530075809534,2.716988659373713e-06,2.7169886593737132e-08,True,False,0,2.040321155772543e-06,0.0
two_time_320_vs_1280,electron_energy,0,1.9312500000000001,9.42906352996431e-09,0.04120319404048972,2.2884302417668205e-05,2.2884302417668203e-07,True,False,0,2.250892241782105e-05,0.0
two_time_320_vs_1280,electron_energy,1,2.0,1.951143580036785e-09,0.4376681697420933,4.458043136165337e-07,4.458043136165337e-09,True,False,0,4.458043136165337e-07,0.0
two_time_320_vs_1280,phonon_energy,all,0.675,1.1870229715826852e-08,0.12805077415715144,9.269939829695217e-06,9.269939829695218e-08,True,False,0,7.098714445441592e-06,0.0
two_time_320_vs_1280,phonon_energy,0,0.675,1.1870229715826852e-08,0.12805077415715144,9.269939829695217e-06,9.269939829695218e-08,True,False,0,7.098714445441592e-06,0.0
two_time_320_vs_1280,phonon_energy,1,2.0,1.0026343600852416e-10,0.0025863857797704766,3.876584722694456e-06,3.876584722694456e-08,True,False,0,3.876584722694456e-06,0.0
two_time_320_vs_1280,escape,all,2.0,1.1492079440844627e-09,0.016347984951611598,7.029661132463746e-06,7.029661132463746e-08,True,False,0,7.029661132463746e-06,
two_time_320_vs_1280,escape,0,2.0,1.1492079440844627e-09,0.016347984951611598,7.029661132463746e-06,7.029661132463746e-08,True,False,0,7.029661132463746e-06,
two_time_320_vs_1280,escape,1,0.25,4.8613980145394206e-14,4.374998302524596e-08,0.00011111771201680576,1.1111771201680575e-06,True,False,0,2.2090085323347305e-05,
two_time_320_vs_1280,input,all,0.0,0.0,0.0,,0.0,True,True,0,7.372574772902015e-12,
two_time_320_vs_1280,input,0,0.0,0.0,0.0,,0.0,True,True,0,7.372574772902015e-12,
two_time_320_vs_1280,input,1,0.0,0.0,0.0,,0.0,True,True,0,,
two_time_320_vs_1280,electron_to_phonon,all,0.10625000000000001,3.1430871603316257e-09,0.0039176714574058035,8.022845188792093e-05,8.022845188792093e-07,True,False,0,3.57517048468254e-05,
two_time_320_vs_1280,electron_to_phonon,0,0.10625000000000001,3.1430871603316257e-09,0.0039176714574058035,8.022845188792093e-05,8.022845188792093e-07,True,False,0,3.57517048468254e-05,
two_time_320_vs_1280,electron_to_phonon,1,0.00625,3.680435336601821e-13,3.97907200243663e-09,0.009249481623725492,9.249481623725492e-05,True,False,0,1.4786465529035236e-05,
two_time_320_vs_1280,condensate_heat,all,0.00625,3.387087301170294e-11,0.00041599415384384656,8.142151205427081e-06,8.142151205427082e-08,True,False,0,1.4459946170556628e-06,
two_time_320_vs_1280,condensate_heat,0,0.00625,3.387087301170294e-11,0.00041599415384384656,8.142151205427081e-06,8.142151205427082e-08,True,False,0,1.4459946170556628e-06,
two_time_320_vs_1280,condensate_heat,1,0.00625,1.3622262245286169e-11,1.2252764641067464e-05,0.00011117704978702172,1.1117704978702172e-06,True,False,0,3.851690509181031e-06,
two_time_320_vs_1280,transport,all,0.00625,8.46652091425655e-12,0.00014660699869940518,5.774977313065274e-06,5.774977313065274e-08,True,False,0,3.3092441500456774e-06,
two_time_320_vs_1280,electronic_population,all,0.99375,1.1629151720571841e-08,0.525186215303002,2.2142911184107325e-06,2.2142911184107326e-08,True,False,0,1.9330491536111244e-06,0.0
two_time_320_vs_1280,electronic_population,0,0.99375,1.0681096263917355e-08,0.5004616466938937,2.134248715056965e-06,2.1342487150569652e-08,True,False,0,1.8054855108312452e-06,0.0
two_time_320_vs_1280,electronic_population,1,0.043750000000000004,1.1393513841017596e-10,0.001529152632913236,7.450867621573826e-06,7.450867621573826e-08,True,False,0,3.1075504928209177e-06,0.0
two_time_320_vs_1280,phonon_population,all,0.48125,6.639161796907628e-07,0.05867264424590924,0.0011315600110132283,1.1315600110132283e-05,True,False,0,0.0008398368457136592,0.0
two_time_320_vs_1280,phonon_population,0,0.48125,6.639049683476899e-07,0.052808631620873236,0.0012571902508552667,1.2571902508552667e-05,True,False,0,0.0009381970818883805,0.0
two_time_320_vs_1280,phonon_population,1,2.0,6.392741284519388e-11,0.006265220589629149,1.0203537438252892e-06,1.0203537438252893e-08,True,False,0,1.0203537438252892e-06,0.0
two_time_640_vs_1280,amplitudes,all,1.9187500000000002,2.33293051543626e-10,0.9762334383431865,2.3897260878459463e-08,2.389726087845946e-10,True,False,0,2.3825190670681737e-08,0.0
two_time_640_vs_1280,amplitudes,0,1.896875,2.3312107799711157e-10,0.7451603034830989,3.128468826203368e-08,3.1284688262033677e-10,True,False,0,3.1054343312771305e-08,0.0
two_time_640_vs_1280,amplitudes,1,0.340625,7.187139772213413e-11,0.9576661921701579,7.504848590224019e-09,7.504848590224018e-11,True,False,0,2.4024005319713724e-10,0.0
two_time_640_vs_1280,excitation_energy,all,0.41250000000000003,1.7145606046042872e-09,0.441144875217446,3.88661571498288e-07,3.88661571498288e-09,True,False,0,3.988837419296016e-08,0.0
two_time_640_vs_1280,excitation_energy,0,0.41250000000000003,1.7145606046042872e-09,0.441144875217446,3.88661571498288e-07,3.88661571498288e-09,True,False,0,3.988837419296016e-08,0.0
two_time_640_vs_1280,excitation_energy,1,0.034375,1.0079172739485553e-11,0.001537382263061408,6.556061548033456e-07,6.5560615480334566e-09,True,False,0,2.8389469683779407e-07,0.0
two_time_640_vs_1280,electron_energy,all,0.51875,1.6519567380690603e-09,0.48327036636413967,3.418286849445112e-07,3.4182868494451124e-09,True,False,0,6.696550990482817e-08,0.0
two_time_640_vs_1280,electron_energy,0,0.41250000000000003,1.6618133535928337e-09,0.06057847028013508,2.743240867436985e-06,2.7432408674369852e-08,True,False,0,7.38766768581035e-07,0.0
two_time_640_vs_1280,electron_energy,1,1.76875,1.835570029307121e-10,0.4448674289250532,4.1261056889295424e-08,4.1261056889295424e-10,True,False,0,4.004654131279581e-08,0.0
two_time_640_vs_1280,phonon_energy,all,0.6531250000000001,1.5092625205159749e-09,0.12858796840885797,1.1737198582352025e-06,1.1737198582352025e-08,True,False,0,1.3009364076614002e-07,0.0
two_time_640_vs_1280,phonon_energy,0,0.6531250000000001,1.5092625205159749e-09,0.12858796840885797,1.1737198582352025e-06,1.1737198582352025e-08,True,False,0,1.3009364076614002e-07,0.0
two_time_640_vs_1280,phonon_energy,1,1.765625,9.629661651411325e-12,0.002425740756100176,3.9697818603224425e-07,3.969781860322442e-09,True,False,0,3.874203975347946e-07,0.0
two_time_640_vs_1280,escape,all,1.2437500000000001,8.78365262468872e-11,0.010717029769827132,8.195976696284201e-07,8.1959766962842e-09,True,False,0,6.969204287101278e-07,
two_time_640_vs_1280,escape,0,1.2437500000000001,8.78365262468872e-11,0.010717029769827132,8.195976696284201e-07,8.1959766962842e-09,True,False,0,6.969204287101278e-07,
two_time_640_vs_1280,escape,1,0.41250000000000003,2.2486917181292233e-14,2.1284635039409605e-07,1.0564859176423059e-05,1.0564859176423059e-07,True,False,0,2.633839874280201e-06,
two_time_640_vs_1280,input,all,0.0,0.0,0.0,,0.0,True,True,0,3.087807787238962e-12,
two_time_640_vs_1280,input,0,0.0,0.0,0.0,,0.0,True,True,0,3.087807787238962e-12,
two_time_640_vs_1280,input,1,0.0,0.0,0.0,,0.0,True,True,0,,
two_time_640_vs_1280,electron_to_phonon,all,0.018750000000000003,1.0733961354307542e-10,0.0007299501656328809,1.4705060509166387e-05,1.4705060509166387e-07,True,False,0,1.024685683624954e-06,
two_time_640_vs_1280,electron_to_phonon,0,0.018750000000000003,1.0733961354307542e-10,0.0007299501656328809,1.4705060509166387e-05,1.4705060509166387e-07,True,False,0,1.024685683624954e-06,
two_time_640_vs_1280,electron_to_phonon,1,0.00625,4.029910487769225e-14,3.97907200243663e-09,0.001012776467804921,1.012776467804921e-05,True,False,0,1.495270270137437e-06,
two_time_640_vs_1280,condensate_heat,all,0.003125,1.8843267874865677e-12,0.00020870000924150714,9.028877355276153e-07,9.028877355276152e-09,True,False,0,1.4145775521686863e-07,
two_time_640_vs_1280,condensate_heat,0,0.003125,1.8843267874865677e-12,0.00020870000924150714,9.028877355276153e-07,9.028877355276152e-09,True,False,0,1.4145775521686863e-07,
two_time_640_vs_1280,condensate_heat,1,0.003125,9.498548747267606e-13,6.100994095960157e-06,1.55688541864959e-05,1.55688541864959e-07,True,False,0,4.257983371500166e-07,
two_time_640_vs_1280,transport,all,0.003125,5.164151712592352e-13,7.323721357373298e-05,7.051267327904608e-07,7.051267327904608e-09,True,False,0,2.966199814459369e-07,
two_time_640_vs_1280,electronic_population,all,0.8187500000000001,1.6895714020543763e-09,0.5231804980896161,3.229423512963146e-07,3.2294235129631457e-09,True,False,0,1.8247651826338301e-07,0.0
two_time_640_vs_1280,electronic_population,0,0.8187500000000001,1.5795197631478196e-09,0.5030753525120326,3.1397279856004086e-07,3.1397279856004085e-09,True,False,0,1.669282569149356e-07,0.0
two_time_640_vs_1280,electronic_population,1,0.040625,1.2557417743512017e-11,0.0014650153526579498,8.571526380750434e-07,8.571526380750434e-09,True,False,0,3.2563214927375506e-07,0.0
two_time_640_vs_1280,phonon_population,all,0.7406250000000001,1.639141526357869e-07,0.05811600728072488,0.00028204647962825843,2.8204647962825843e-06,True,False,0,0.0002228457556619542,0.0
two_time_640_vs_1280,phonon_population,0,0.7406250000000001,1.6390890231089522e-07,0.05221770425342081,0.00031389526723622183,3.138952672362218e-06,True,False,0,0.00024895763145267103,0.0
two_time_640_vs_1280,phonon_population,1,1.64375,1.0629422680184384e-11,0.006127888558411095,1.734597909029288e-07,1.734597909029288e-09,True,False,0,1.6357329494821965e-07,0.0
two_guarded_pair_320_640,amplitudes,all,2.0,2.284368916249946e-09,0.9763435167933744,2.3397184259004933e-07,2.3397184259004934e-09,True,False,0,2.3397184259004933e-07,0.0
two_guarded_pair_320_640,amplitudes,0,2.0,2.284368916249946e-09,0.7490601300475743,3.0496469170036604e-07,3.0496469170036603e-09,True,False,0,3.0496469170036604e-07,0.0
two_guarded_pair_320_640,amplitudes,1,0.34375,5.236628908278362e-10,0.9577353517724458,5.4677201782174213e-08,5.467720178217421e-10,True,False,0,6.753489373501633e-10,0.0
two_guarded_pair_320_640,excitation_energy,all,0.675,1.1754344164671693e-08,0.46062287764086657,2.5518368138536515e-06,2.5518368138536515e-08,True,False,0,1.5855987233887636e-06,0.0
two_guarded_pair_320_640,excitation_energy,0,0.675,1.1754344164671693e-08,0.46062287764086657,2.5518368138536515e-06,2.5518368138536515e-08,True,False,0,1.5855987233887636e-06,0.0
two_guarded_pair_320_640,excitation_energy,1,0.037500000000000006,7.759209572598402e-11,0.0016185343039398369,4.793972888749365e-06,4.793972888749365e-08,True,False,0,2.8751658339968524e-06,0.0
two_guarded_pair_320_640,electron_energy,all,0.675,1.148871048295419e-08,0.4787353006393642,2.399804331874148e-06,2.3998043318741484e-08,True,False,0,1.973355646657976e-06,0.0
two_guarded_pair_320_640,electron_energy,0,1.9312500000000001,9.132681222379091e-09,0.04120319433687203,2.2164983490628086e-05,2.2164983490628085e-07,True,False,0,2.1770155488409342e-05,0.0
two_guarded_pair_320_640,electron_energy,1,2.0,1.7758726156280602e-09,0.43766816956682236,4.0575777246622993e-07,4.057577724662299e-09,True,False,0,4.0575777246622993e-07,0.0
two_guarded_pair_320_640,phonon_energy,all,0.93125,1.0186997967398526e-08,0.12259068476191967,8.30976512382033e-06,8.30976512382033e-08,True,False,0,6.968620813741185e-06,0.0
two_guarded_pair_320_640,phonon_energy,0,0.93125,1.0186997967398526e-08,0.12259068476191967,8.30976512382033e-06,8.30976512382033e-08,True,False,0,6.968620813741185e-06,0.0
two_guarded_pair_320_640,phonon_energy,1,2.0,9.024324993875399e-11,0.0025863857897906626,3.4891643116419267e-06,3.4891643116419267e-08,True,False,0,3.4891643116419267e-06,0.0
two_guarded_pair_320_640,escape,all,2.0,1.035275497274224e-09,0.01634798483767915,6.332740747887782e-06,6.332740747887782e-08,True,False,0,6.332740747887782e-06,
two_guarded_pair_320_640,escape,0,2.0,1.035275497274224e-09,0.01634798483767915,6.332740747887782e-06,6.332740747887782e-08,True,False,0,6.332740747887782e-06,
two_guarded_pair_320_640,escape,1,0.25,4.2653649191178225e-14,4.374998898557691e-08,9.74940798390598e-05,9.74940798390598e-07,True,False,0,1.9456244936620768e-05,
two_guarded_pair_320_640,input,all,0.0,0.0,0.0,,0.0,True,True,0,4.284766985662922e-12,
two_guarded_pair_320_640,input,0,0.0,0.0,0.0,,0.0,True,True,0,4.284766985662922e-12,
two_guarded_pair_320_640,input,1,0.0,0.0,0.0,,0.0,True,True,0,,
two_guarded_pair_320_640,electron_to_phonon,all,0.10625000000000001,2.6614399451646564e-09,0.003917671939053019,6.793422181766401e-05,6.793422181766401e-07,True,False,0,3.472701880735766e-05,
two_guarded_pair_320_640,electron_to_phonon,0,0.10625000000000001,2.6614399451646564e-09,0.003917671939053019,6.793422181766401e-05,6.793422181766401e-07,True,False,0,3.472701880735766e-05,
two_guarded_pair_320_640,electron_to_phonon,1,0.00625,3.2774442878248985e-13,3.979112301541508e-09,0.008236621737353874,8.236621737353873e-05,True,False,0,1.3291195060158511e-05,
two_guarded_pair_320_640,condensate_heat,all,0.00625,3.012668760293824e-11,0.00041599415758803197,7.242093922091414e-06,7.242093922091413e-08,True,False,0,1.3045368599934256e-06,
two_guarded_pair_320_640,condensate_heat,0,0.00625,3.012668760293824e-11,0.00041599415758803197,7.242093922091414e-06,7.242093922091413e-08,True,False,0,1.3045368599934256e-06,
two_guarded_pair_320_640,condensate_heat,1,0.00625,1.1856066470719421e-11,1.2252766407263239e-05,9.676236432363012e-05,9.676236432363012e-07,True,False,0,3.4258921574436224e-06,
two_guarded_pair_320_640,transport,all,0.00625,7.515172566283784e-12,0.00014660699965075353,5.126066684528291e-06,5.126066684528291e-08,True,False,0,3.0126241596636946e-06,
two_guarded_pair_320_640,electronic_population,all,1.0,1.0618884921594937e-08,0.5252437575152704,2.0217060687839235e-06,2.0217060687839233e-08,True,False,0,1.8192617474889906e-06,0.0
two_guarded_pair_320_640,electronic_population,0,1.0,9.776767801186992e-09,0.5003527881334211,1.9539748819346993e-06,1.9539748819346994e-08,True,False,0,1.7113031185161498e-06,0.0
two_guarded_pair_320_640,electronic_population,1,0.043750000000000004,1.0083264247046726e-10,0.001529152644661219,6.594020735765497e-06,6.594020735765497e-08,True,False,0,2.813256206137325e-06,0.0
two_guarded_pair_320_640,phonon_population,all,0.5,7.277863748478634e-07,0.05861304764652256,0.0012416798035088047,1.2416798035088047e-05,True,False,0,0.0009341141266650181,0.0
two_guarded_pair_320_640,phonon_population,0,0.5,7.277745007296947e-07,0.052747053181411055,0.0013797443778075828,1.3797443778075828e-05,True,False,0,0.0010435359302397743,0.0
two_guarded_pair_320_640,phonon_population,1,2.0,6.043075558390601e-11,0.006265220595304167,9.645431420116211e-07,9.645431420116212e-09,True,False,0,9.645431420116211e-07,0.0
two_guarded_ph2049_pair_320_640,amplitudes,all,2.0,4.296653699498165e-09,0.9763437346059105,4.4007592277247095e-07,4.4007592277247095e-09,True,False,0,4.4007592277247095e-07,0.0
two_guarded_ph2049_pair_320_640,amplitudes,0,2.0,4.296653699498165e-09,0.7490642371983627,5.736028348607907e-07,5.736028348607906e-09,True,False,0,5.736028348607907e-07,0.0
two_guarded_ph2049_pair_320_640,amplitudes,1,0.39375000000000004,5.421816329231888e-10,0.9588294956775492,5.6546198815052145e-08,5.654619881505215e-10,True,False,0,1.9391621945390464e-08,0.0
two_guarded_ph2049_pair_320_640,excitation_energy,all,0.5375,2.2864799109623135e-08,0.4515358977693971,5.063783239068262e-06,5.0637832390682624e-08,True,False,0,1.5427960811568323e-06,0.0
two_guarded_ph2049_pair_320_640,excitation_energy,0,0.5375,2.2864799109623135e-08,0.4515358977693971,5.063783239068262e-06,5.0637832390682624e-08,True,False,0,1.5427960811568323e-06,0.0
two_guarded_ph2049_pair_320_640,excitation_energy,1,0.7250000000000001,1.7186733008989208e-09,0.021557354249938213,7.972561386580391e-06,7.97256138658039e-08,True,False,0,4.746271073558634e-06,0.0
two_guarded_ph2049_pair_320_640,electron_energy,all,0.70625,2.3326352793784366e-08,0.4778116327024948,4.881913958823249e-06,4.881913958823249e-08,True,False,0,2.125091729212051e-06,0.0
two_guarded_ph2049_pair_320_640,electron_energy,0,0.70625,2.3326352793784366e-08,0.06055564425440385,3.8520526172237e-05,3.8520526172237e-07,True,False,0,2.3460655542474452e-05,0.0
two_guarded_ph2049_pair_320_640,electron_energy,1,2.0,2.940802990014646e-09,0.43767101765074184,6.719208883877672e-07,6.719208883877672e-09,True,False,0,6.719208883877672e-07,0.0
two_guarded_ph2049_pair_320_640,phonon_energy,all,0.70625,2.276752630869794e-08,0.12731058854127364,1.7883450677252022e-05,1.7883450677252023e-07,True,False,0,7.802575503497408e-06,0.0
two_guarded_ph2049_pair_320_640,phonon_energy,0,0.70625,2.276752630869794e-08,0.12731058854127364,1.7883450677252022e-05,1.7883450677252023e-07,True,False,0,7.802575503497408e-06,0.0
two_guarded_ph2049_pair_320_640,phonon_energy,1,2.0,1.3396700112092153e-10,0.002586316669504748,5.179837515665658e-06,5.179837515665658e-08,True,False,0,5.179837515665658e-06,0.0
two_guarded_ph2049_pair_320_640,escape,all,1.4500000000000002,1.5803759030597053e-09,0.012291109689090345,1.2857878117078848e-05,1.2857878117078847e-07,True,False,0,1.2171637411449737e-05,
two_guarded_ph2049_pair_320_640,escape,0,1.4500000000000002,1.5803759030597053e-09,0.012291109689090345,1.2857878117078848e-05,1.2857878117078847e-07,True,False,0,1.2171637411449737e-05,
two_guarded_ph2049_pair_320_640,escape,1,0.25625000000000003,5.5454411968279834e-14,4.7290934653386864e-08,0.00011726224566024372,1.1726224566024373e-06,True,False,0,3.108741361313727e-05,
two_guarded_ph2049_pair_320_640,input,all,0.0,0.0,0.0,,0.0,True,True,0,4.284766985662922e-12,
two_guarded_ph2049_pair_320_640,input,0,0.0,0.0,0.0,,0.0,True,True,0,4.284766985662922e-12,
two_guarded_ph2049_pair_320_640,input,1,0.0,0.0,0.0,,0.0,True,True,0,,
two_guarded_ph2049_pair_320_640,electron_to_phonon,all,0.0125,9.933330232577559e-10,0.0004885328226299196,0.00020332984340956753,2.0332984340956755e-06,True,False,0,4.224867500496004e-05,
two_guarded_ph2049_pair_320_640,electron_to_phonon,0,0.0125,9.933330232577559e-10,0.0004885328226299196,0.00020332984340956753,2.0332984340956755e-06,True,False,0,4.224867500496004e-05,
two_guarded_ph2049_pair_320_640,electron_to_phonon,1,0.00625,3.277848389906328e-13,3.979112336789711e-09,0.008237637222755181,8.237637222755181e-05,True,False,0,1.9823503633214675e-05,
two_guarded_ph2049_pair_320_640,condensate_heat,all,0.00625,3.0074014242473246e-11,0.0004159941577048346,7.229431876736121e-06,7.229431876736121e-08,True,False,0,9.894617788760422e-07,
two_guarded_ph2049_pair_320_640,condensate_heat,0,0.00625,3.0074014242473246e-11,0.0004159941577048346,7.229431876736121e-06,7.229431876736121e-08,True,False,0,9.894617788760422e-07,
two_guarded_ph2049_pair_320_640,condensate_heat,1,0.00625,1.185624440693065e-11,1.2252766407085294e-05,9.676381653758331e-05,9.67638165375833e-07,True,False,0,2.6470132275306823e-06,
two_guarded_ph2049_pair_320_640,transport,all,0.7250000000000001,1.6723703810672674e-09,0.019715686035026582,8.482435650964213e-06,8.482435650964212e-08,True,False,0,5.035024322195345e-06,
two_guarded_ph2049_pair_320_640,electronic_population,all,0.8250000000000001,2.127733435687478e-08,0.5232618354488731,4.066288216610009e-06,4.066288216610009e-08,True,False,0,2.8375409119955003e-06,0.0
two_guarded_ph2049_pair_320_640,electronic_population,0,0.8250000000000001,1.9869969079365848e-08,0.5029934510937986,3.950343495756664e-06,3.9503434957566637e-08,True,False,0,2.597604625753323e-06,0.0
two_guarded_ph2049_pair_320_640,electronic_population,1,0.8500000000000001,1.4543677527301976e-09,0.020923453743024185,6.950897163500454e-06,6.950897163500454e-08,True,False,0,5.046668830992026e-06,0.0
two_guarded_ph2049_pair_320_640,phonon_population,all,0.76875,2.6518320738176176e-06,0.058088025158094005,0.004565195781058689,4.565195781058689e-05,True,False,0,0.0034692718354559526,0.0
two_guarded_ph2049_pair_320_640,phonon_population,0,0.76875,2.6517439951444784e-06,0.05218512906019731,0.005081416953258086,5.0814169532580863e-05,True,False,0,0.00387570237282765,0.0
two_guarded_ph2049_pair_320_640,phonon_population,1,1.7625000000000002,1.7550959336768265e-10,0.006170637471911902,2.8442700477314383e-06,2.844270047731438e-08,True,False,0,2.7488861664598005e-06,0.0
two_mesh_ph1025_vs_2049_steps320,amplitudes,all,2.0,4.1051385035739685e-06,0.9763437344165816,0.00042046037259889943,4.204603725988994e-06,True,False,0,0.00042046037259889943,0.0
two_mesh_ph1025_vs_2049_steps320,amplitudes,0,2.0,4.1051385035739685e-06,0.749064232901709,0.0005480355786941756,5.480355786941756e-06,True,False,0,0.0005480355786941756,0.0
two_mesh_ph1025_vs_2049_steps320,amplitudes,1,2.0,2.1761661350705452e-07,0.9763437344165816,2.2288934300079496e-05,2.2288934300079497e-07,True,False,0,2.2288934300079496e-05,0.0
two_mesh_ph1025_vs_2049_steps320,electron_energy,all,2.0,2.771117337790896e-05,0.43767101470993885,0.006331507558542392,6.331507558542392e-05,True,False,0,0.006331507558542392,0.0
two_mesh_ph1025_vs_2049_steps320,electron_energy,0,2.0,2.771117337790896e-05,0.0396447267318249,0.06989876248954884,0.0006989876248954883,True,False,0,0.06989876248954884,0.0
two_mesh_ph1025_vs_2049_steps320,electron_energy,1,2.0,2.8469189891078273e-06,0.43767101470993885,0.0006504700776208789,6.5047007762087886e-06,True,False,0,0.0006504700776208789,0.0
two_mesh_ph1025_vs_2049_steps320,excitation_energy,all,2.0,2.5934231388802242e-05,0.48231146397463565,0.005377071317169874,5.377071317169874e-05,True,False,0,0.005377071317169874,0.0
two_mesh_ph1025_vs_2049_steps320,excitation_energy,0,2.0,2.5934231388802242e-05,0.48231146397463565,0.005377071317169874,5.377071317169874e-05,True,False,0,0.005377071317169874,0.0
two_mesh_ph1025_vs_2049_steps320,excitation_energy,1,2.0,2.836745704282162e-06,0.06177380556751414,0.004592149825028687,4.592149825028687e-05,True,False,0,0.004592149825028687,0.0
two_mesh_ph1025_vs_2049_steps320,phonon_energy,all,2.0,2.9020244905211823e-05,0.11043786467568989,0.026277441157009165,0.00026277441157009166,True,False,0,0.026277441157009165,1.8273035137612992e-14
two_mesh_ph1025_vs_2049_steps320,phonon_energy,0,2.0,2.9020244905211823e-05,0.11043786467568989,0.026277441157009165,0.00026277441157009166,True,False,0,0.026277441157009165,1.8273035137612992e-14
two_mesh_ph1025_vs_2049_steps320,phonon_energy,1,2.0,6.907656216340388e-08,0.002586316803471749,0.0026708468997563937,2.670846899756394e-05,True,False,0,0.0026708468997563937,1.2596178029544318e-13
two_mesh_ph1025_vs_2049_steps320,temperatures,all,2.0,7.752751289891169e-06,0.4076162696961781,0.0019019729746483818,1.9019729746483817e-05,True,False,0,0.0019019729746483818,0.0
two_mesh_ph1025_vs_2049_steps320,temperatures,0,2.0,7.752751289891169e-06,0.4076162696961781,0.0019019729746483818,1.9019729746483817e-05,True,False,0,0.0019019729746483818,0.0
two_mesh_ph1025_vs_2049_steps320,temperatures,1,2.0,2.503557203326068e-06,0.25148133036038617,0.0009955240811468338,9.955240811468338e-06,True,False,0,0.0009955240811468338,0.0
two_mesh_ph1025_vs_2049_steps320,forces,all,2.0,7.25141669372098e-06,0.0499844351771061,0.014507349473946399,0.00014507349473946398,True,False,0,0.014507349473946399,0.0
two_mesh_ph1025_vs_2049_steps320,forces,0,2.0,7.25141669372098e-06,0.0499844351771061,0.014507349473946399,0.00014507349473946398,True,False,0,0.014507349473946399,0.0
two_mesh_ph1025_vs_2049_steps320,forces,1,2.0,1.1319271817841758e-06,0.0024444582104060503,0.046305851209301335,0.00046305851209301336,True,False,0,0.046305851209301335,0.0
two_mesh_ph1025_vs_2049_steps320,escape,all,2.0,1.6086070987950118e-06,0.01634959240950245,0.00983882080057288,9.83882080057288e-05,True,False,0,0.00983882080057288,
two_mesh_ph1025_vs_2049_steps320,escape,0,2.0,1.6086070987950118e-06,0.01634959240950245,0.00983882080057288,9.83882080057288e-05,True,False,0,0.00983882080057288,
two_mesh_ph1025_vs_2049_steps320,escape,1,2.0,1.684801611147557e-09,2.9729600538940705e-05,0.005667084591132511,5.6670845911325116e-05,True,False,0,0.005667084591132511,
two_mesh_ph1025_vs_2049_steps320,input,all,0.0,0.0,0.0,,0.0,True,True,0,0.0,
two_mesh_ph1025_vs_2049_steps320,input,0,0.0,0.0,0.0,,0.0,True,True,0,0.0,
two_mesh_ph1025_vs_2049_steps320,input,1,0.0,0.0,0.0,,0.0,True,True,0,,
two_mesh_ph1025_vs_2049_steps320,electron_to_phonon,all,2.0,3.062885200410398e-05,0.025106168722470998,0.12199731604882415,0.0012199731604882415,True,False,0,0.12199731604882415,
two_mesh_ph1025_vs_2049_steps320,electron_to_phonon,0,2.0,3.062885200410398e-05,0.025106168722470998,0.12199731604882415,0.0012199731604882415,True,False,0,0.12199731604882415,
two_mesh_ph1025_vs_2049_steps320,electron_to_phonon,1,2.0,7.076136377597107e-08,0.0007224205963462398,0.00979503687102198,9.795036871021981e-05,True,False,0,0.00979503687102198,
two_mesh_ph1025_vs_2049_steps320,condensate_heat,all,2.0,7.549315985885818e-07,0.032474102217264364,0.0023247189207504368,2.324718920750437e-05,True,False,0,0.0023247189207504368,
two_mesh_ph1025_vs_2049_steps320,condensate_heat,0,2.0,7.549315985885818e-07,0.032474102217264364,0.0023247189207504368,2.324718920750437e-05,True,False,0,0.0023247189207504368,
two_mesh_ph1025_vs_2049_steps320,condensate_heat,1,2.0,7.582781331224447e-09,0.001524002490420308,0.0004975570170579692,4.975570170579692e-06,True,False,0,0.0004975570170579692,
two_mesh_ph1025_vs_2049_steps320,transport,all,2.0,2.917680352369778e-06,0.059938676956984516,0.0048677757009279255,4.867775700927926e-05,True,False,0,0.0048677757009279255,
two_mesh_ph1025_vs_2049_steps320,total,all,2.0,1.6069240239557914e-06,0.2850021064989523,0.000563828823476327,5.63828823476327e-06,True,False,0,0.000563828823476327,0.0
two_mesh_ph1025_vs_2049_steps320,conserved,all,1.28125,1.9470536294363683e-12,0.28862278454927726,6.746014984495943e-10,6.7460149844959424e-12,True,False,0,5.982844994058611e-10,0.0
two_mesh_ph1025_vs_2049_steps320,electronic_population,all,2.0,2.2522504853314284e-05,0.5290294500211202,0.004257325344064518,4.257325344064518e-05,True,False,0,0.004257325344064518,0.0
two_mesh_ph1025_vs_2049_steps320,electronic_population,0,2.0,2.049756028131157e-05,0.4772001168685459,0.004295380398441525,4.295380398441525e-05,True,False,0,0.004295380398441525,0.0
two_mesh_ph1025_vs_2049_steps320,electronic_population,1,2.0,2.0249445720027116e-06,0.05182933315257431,0.003906946990889723,3.906946990889723e-05,True,False,0,0.003906946990889723,0.0
two_mesh_ph1025_vs_2049_steps320,phonon_65_bands,all,2.0,4.151416101473786e-05,0.059702038096639085,0.0695355842752626,0.0006953558427526261,True,False,0,0.0695355842752626,0.03994510719786685
two_mesh_ph1025_vs_2049_steps320,phonon_65_bands,0,2.0,4.0026989600943684e-05,0.05343686293013213,0.07490520102813361,0.0007490520102813362,True,False,0,0.07490520102813361,0.041955586438322756
two_mesh_ph1025_vs_2049_steps320,phonon_65_bands,1,2.0,1.4871714137941754e-06,0.0062651751665069476,0.0237371082893972,0.000237371082893972,True,False,0,0.0237371082893972,0.020721374146578563
two_mesh_ph1025_vs_2049_steps320,electron_129_bands,all,2.0,2.2518250007088132e-05,0.5290294500211202,0.004256521070082043,4.256521070082043e-05,True,False,0,0.004256521070082043,0.0
two_mesh_ph1025_vs_2049_steps320,electron_129_bands,0,2.0,2.049338541922806e-05,0.4772001168685459,0.004294505532334847,4.294505532334847e-05,True,False,0,0.004294505532334847,0.0
two_mesh_ph1025_vs_2049_steps320,electron_129_bands,1,2.0,2.0248645878600763e-06,0.05182933315257432,0.003906792668737053,3.906792668737053e-05,True,False,0,0.003906792668737053,0.0
