Q,delta_usadel_kBTc,delta_allmaras_kBTc,I_usadel_uA,I_allmaras_usadel_uA,I_vodolazov_uA
0.000000000000000000e+00,1.763876942569619688e+00,1.763870426124148016e+00,0.000000000000000000e+00,0.000000000000000000e+00,0.000000000000000000e+00
5.911949685534590576e-03,1.763849491737118358e+00,1.763834057382817067e+00,5.155688748340395700e-01,5.155643633655947466e-01,5.155686992955685888e-01
1.182389937106918115e-02,1.763767136675836511e+00,1.763724946659192439e+00,1.031063589247927181e+00,1.031038924927565548e+00,1.031073612367631176e+00
1.773584905660377173e-02,1.763629869692841190e+00,1.763543080451596357e+00,1.546409975324064101e+00,1.546333869724881405e+00,1.546450939837508143e+00
2.364779874213836230e-02,1.763437677961251726e+00,1.763288436247948177e+00,2.061533850143395075e+00,2.061359356470265247e+00,2.061636856004775531e+00
2.955974842767295288e-02,1.763190543512228592e+00,1.762960982511824204e+00,2.576361008268241104e+00,2.576025504358483431e+00,2.576567495657873685e+00
3.547169811320754346e-02,1.762888443223739943e+00,1.762560678662914215e+00,3.090817214205374697e+00,3.090242379840256959e+00,3.091178940850431101e+00
4.138364779874213750e-02,1.762531348806130493e+00,1.762087475051844043e+00,3.604828194842731648e+00,3.603919983350257095e+00,3.605407207631792232e+00
4.729559748427672461e-02,1.762119226784363946e+00,1.761541312929329806e+00,4.118319631852939366e+00,4.116968235977503277e+00,4.119188232720107479e+00
5.320754716981131172e-02,1.761652038477057980e+00,1.760922124409618705e+00,4.631217154057103436e+00,4.629296966066463348e+00,4.632457860106301339e+00
5.911949685534590576e-02,1.761129739972143282e+00,1.760229832428162444e+00,5.143446329741784950e+00,5.140815895736911223e+00,5.145151827577042702e+00
6.503144654088049981e-02,1.760552282099207000e+00,1.759464350693460855e+00,5.654932658922412259e+00,5.651434627310539582e+00,5.657205753144737947e+00
7.094339622641508691e-02,1.759919610398426260e+00,1.758625583633008915e+00,6.165601565546000806e+00,6.161062629632088949e+00,6.168555121372345518e+00
7.685534591194967402e-02,1.759231665086062657e+00,1.757713426333261664e+00,6.675378389626021480e+00,6.669609224272571524e+00,6.679135269580667611e+00
8.276729559748427500e-02,1.758488381016474644e+00,1.756727764473534181e+00,7.184188379302187677e+00,7.176983571601929235e+00,7.188881373925502416e+00
8.867924528301886211e-02,1.757689687640566101e+00,1.755668474253736511e+00,7.691956682817647994e+00,7.683094656718232329e+00,7.697728435331812946e+00
9.459119496855344922e-02,1.756835508960614245e+00,1.754535422315832704e+00,8.198608340405924011e+00,8.187851275220207725e+00,8.205611265271789634e+00
1.005031446540880363e-01,1.755925763481429369e+00,1.753328465658915203e+00,8.704068276079938826e+00,8.691162018809606593e+00,8.712464471373403185e+00
1.064150943396226234e-01,1.754960364157753805e+00,1.752047451547756651e+00,9.208261289315071707e+00,9.192935260709589329e+00,9.218222442845686260e+00
1.123270440251572244e-01,1.753939218337791095e+00,1.750692217414707264e+00,9.711112046617868643e+00,9.693079140884872658e+00,9.722819335706617494e+00
1.182389937106918115e-01,1.752862227702831177e+00,1.749262590754788516e+00,1.021254507297219760e+01,1.019150155104907718e+01,1.022618905779915188e+01
1.241509433962263986e-01,1.751729288202832802e+00,1.747758389013818636e+00,1.071248474315393828e+01,1.068811011944423051e+01,1.072826525358046723e+01
1.300628930817609996e-01,1.750540289987883469e+00,1.746179419469401806e+00,1.121085527290533257e+01,1.118281219537686866e+01,1.122898128866903633e+01
1.359748427672955728e-01,1.749295117335395666e+00,1.744525479104592769e+00,1.170758070995948863e+01,1.167551483349475383e+01,1.172827023413372416e+01
1.418867924528301738e-01,1.747993648572982783e+00,1.742796354474043019e+00,1.220258492490576074e+01,1.216612477778767243e+01,1.222606485050848590e+01
1.477987421383647748e-01,1.746635755996797990e+00,1.740991821562414277e+00,1.269579160188556877e+01,1.265454844529509870e+01,1.272229757151576734e+01
1.537106918238993480e-01,1.745221305785285226e+00,1.739111645634835890e+00,1.318712422910863502e+01,1.314069190950296218e+01,1.321690048748104651e+01
1.596226415094339490e-01,1.743750157908154685e+00,1.737155581079165900e+00,1.367650608917880284e+01,1.362446088341113004e+01,1.370980532842037647e+01
1.655345911949685500e-01,1.742222166030425345e+00,1.735123371239801982e+00,1.416386024921802012e+01,1.410576070225236478e+01,1.420094344678199860e+01
1.714465408805031232e-01,1.740637177411395120e+00,1.733014748242769576e+00,1.464910955077707655e+01,1.458449630584272150e+01,1.469024579982251666e+01
1.773584905660377242e-01,1.738995032798340779e+00,1.730829432811800794e+00,1.513217659952075245e+01,1.506057222054283784e+01,1.517764293159718214e+01
1.832704402515722975e-01,1.737295566314781547e+00,1.728567134075093437e+00,1.561298375467469590e+01,1.553389254080808257e+01,1.566306495454309911e+01
1.891823899371068984e-01,1.735538605343078356e+00,1.726227549362435054e+00,1.609145311822053870e+01,1.600436091030525887e+01,1.614644153063321497e+01
1.950943396226414994e-01,1.733723970401188419e+00,1.723810363992335670e+00,1.656750652382562805e+01,1.647188050257193126e+01,1.662770185207811124e+01
2.010062893081760726e-01,1.731851475013343800e+00,1.721315251048811446e+00,1.704106552549254516e+01,1.693635400119371326e+01,1.710677462155139494e+01
2.069182389937106736e-01,1.729920925574423451e+00,1.718741871147430711e+00,1.751205138591329913e+01,1.739768357947361821e+01,1.758358803191363151e+01
2.128301886792452469e-01,1.727932121207704785e+00,1.716089872190207588e+00,1.798038506451137764e+01,1.785577087956600906e+01,1.805806974540850263e+01
2.187421383647798478e-01,1.725884853615799130e+00,1.713358889108913319e+00,1.844598720515550028e+01,1.831051699104691721e+01,1.853014687230357183e+01
2.246540880503144488e-01,1.723778906924629428e+00,1.710548543596336790e+00,1.890877812352882970e+01,1.876182242889026597e+01,1.899974594894687030e+01
2.305660377358490221e-01,1.721614057519178509e+00,1.707658443825011974e+00,1.936867779412416013e+01,1.920958711081875947e+01,1.946679291520904087e+01
2.364779874213836230e-01,1.719390073872995917e+00,1.704688184152887809e+00,1.982560583687061495e+01,1.965371033399585343e+01,1.993121309127933216e+01
2.423899371069182240e-01,1.717106716368103747e+00,1.701637344815390085e+00,2.027948150333801891e+01,2.009409075102373166e+01,2.039293115378198351e+01
2.483018867924527973e-01,1.714763737107146024e+00,1.698505491603299555e+00,2.073022366252057580e+01,2.053062634521034013e+01,2.085187111117813785e+01
2.542138364779873982e-01,1.712360879716533502e+00,1.695292175525816125e+00,2.117775078616733353e+01,2.096321440506606137e+01,2.130795627841638762e+01
2.601257861635219992e-01,1.709897879140289678e+00,1.691996932458164071e+00,2.162198093363566187e+01,2.139175149798856523e+01,2.176110925079307634e+01
2.660377358490566002e-01,1.707374461424141510e+00,1.688619282773033747e+00,2.206283173624123251e+01,2.181613344309210945e+01,2.221125187698169157e+01
2.719496855345911457e-01,1.704790343489407833e+00,1.685158730955124140e+00,2.250022038107661615e+01,2.223625528313425903e+01,2.265830523118818363e+01
2.778616352201257467e-01,1.702145232896131954e+00,1.681614765198007122e+00,2.293406359426811036e+01,2.265201125549094741e+01,2.310218958438691672e+01
2.837735849056603477e-01,1.699438827594945023e+00,1.677986856982469854e+00,2.336427762363927485e+01,2.306329476212683005e+01,2.354282437458921251e+01
2.896855345911949486e-01,1.696670815667055576e+00,1.674274460635459594e+00,2.379077822074660631e+01,2.346999833850510342e+01,2.398012817609394887e+01
2.955974842767295496e-01,1.693840875051737305e+00,1.670477012868691213e+00,2.421348062225131414e+01,2.387201362137706084e+01,2.441401866766683781e+01
3.015094339622640951e-01,1.690948673260662893e+00,1.666593932295910241e+00,2.463229953058814559e+01,2.426923131538739398e+01,2.484441259959146464e+01
3.074213836477986961e-01,1.687993867078334764e+00,1.662624618927760034e+00,2.504714909388941635e+01,2.466154115842734740e+01,2.527122575953266903e+01
3.133333333333332971e-01,1.684976102247848440e+00,1.658568453643112894e+00,2.545794288511936188e+01,2.504883188566245877e+01,2.569437293714833004e+01
3.192452830188678981e-01,1.681895013141178952e+00,1.654424797635670075e+00,2.586459388037138041e+01,2.543099119215697712e+01,2.611376788738278876e+01
3.251572327044024990e-01,1.678750222413046833e+00,1.650192991834543710e+00,2.626701443627543142e+01,2.580790569401079182e+01,2.652932329237023268e+01
3.310691823899371000e-01,1.675541340637444199e+00,1.645872356297459538e+00,2.666511626646084920e+01,2.617946088791878978e+01,2.694095072187254303e+01
3.369811320754716455e-01,1.672267965925764877e+00,1.641462189575122466e+00,2.705881041701418255e+01,2.654554110905534969e+01,2.734856059217114321e+01
3.428930817610062465e-01,1.668929683525399055e+00,1.636961768045195109e+00,2.744800724086677945e+01,2.690602948717932819e+01,2.775206212332735589e+01
3.488050314465408475e-01,1.665526065397605837e+00,1.632370345214235519e+00,2.783261637104264352e+01,2.726080790084643724e+01,2.815136329472038312e+01
3.547169811320754484e-01,1.662056669773346540e+00,1.627687150985817288e+00,2.821254669269018578e+01,2.760975692960634476e+01,2.854637079876618344e+01
3.606289308176100494e-01,1.658521040685645209e+00,1.622911390892954664e+00,2.858770631381553073e+01,2.795275580405238358e+01,2.893698999271405725e+01
3.665408805031445949e-01,1.654918707476940254e+00,1.618042245292803605e+00,2.895800253462747875e+01,2.828968235357940486e+01,2.932312484841106581e+01
3.724528301886791959e-01,1.651249184279778293e+00,1.613078868521481635e+00,2.932334181539747320e+01,2.862041295169373356e+01,2.970467789991711527e+01
3.783647798742137969e-01,1.647511969468980819e+00,1.608020388006695445e+00,2.968362974272719157e+01,2.894482245870452530e+01,3.008155018884540866e+01
3.842767295597483979e-01,1.643706545083370107e+00,1.602865903335696229e+00,3.003877099410896179e+01,2.926278416161082063e+01,3.045364120729457369e+01
3.901886792452829988e-01,1.639832376214835907e+00,1.597614485275908214e+00,3.038866930065157135e+01,2.957416971098097846e+01,3.082084883822937371e+01
3.961006289308175443e-01,1.635888910362439219e+00,1.592265174745383538e+00,3.073322740783313733e+01,2.987884905460219898e+01,3.118306929315692244e+01
4.020125786163521453e-01,1.631875576748937018e+00,1.586816981730023501e+00,3.107234703412863297e+01,3.017669036765622792e+01,3.154019704693454784e+01
4.079245283018867463e-01,1.627791785596939711e+00,1.581268884144284570e+00,3.140592882734526015e+01,3.046755997915322212e+01,3.189212476953339603e+01
4.138364779874213473e-01,1.623636927361612470e+00,1.575619826631835085e+00,3.173387231848222001e+01,3.075132229432905362e+01,3.223874325456912970e+01
4.197484276729559483e-01,1.619410371916672586e+00,1.569868719302366156e+00,3.205607587291536476e+01,3.102783971268102192e+01,3.257994134439762490e+01
4.256603773584904937e-01,1.615111467689188895e+00,1.564014436400464447e+00,3.237243663866793497e+01,3.129697254128325312e+01,3.291560585155750829e+01
4.315723270440250947e-01,1.610739540740862674e+00,1.558055814902138403e+00,3.268285049155738164e+01,3.155857890298472768e+01,3.324562147632578046e+01
4.374842767295596957e-01,1.606293893788995009e+00,1.551991653034243912e+00,3.298721197689894780e+01,3.181251463905086752e+01,3.356987072013454565e+01
4.433962264150942967e-01,1.601773805163916098e+00,1.545820708711672653e+00,3.328541424750049060e+01,3.205863320576070663e+01,3.388823379457678442e+01
4.493081761006288977e-01,1.597178527696560879e+00,1.539541697886758875e+00,3.357734899759685021e+01,3.229678556441820092e+01,3.420058852570860353e+01
4.552201257861634986e-01,1.592507287530299687e+00,1.533153292804905421e+00,3.386290639235640043e+01,3.252682006417516902e+01,3.450681025333144447e+01
4.611320754716980441e-01,1.587759282850239817e+00,1.526654120159932404e+00,3.414197499254559176e+01,3.274858231699458599e+01,3.480677172491206051e+01
4.670440251572326451e-01,1.582933682522521979e+00,1.520042759142112399e+00,3.441444167389149555e+01,3.296191506400563043e+01,3.510034298377058803e+01
4.729559748427672461e-01,1.578029624635228112e+00,1.513317739371255577e+00,3.468019154062808695e+01,3.316665803241481569e+01,3.538739125113567496e+01
4.788679245283018471e-01,1.573046214931698161e+00,1.506477538706562536e+00,3.493910783265463493e+01,3.336264778203887005e+01,3.566778080163234677e+01
4.847798742138364481e-01,1.567982525125856341e+00,1.499520580924227353e+00,3.519107182566475700e+01,3.354971754041478249e+01,3.594137283173096620e+01
4.906918238993709935e-01,1.562837591088041433e+00,1.492445233252991166e+00,3.543596272353019572e+01,3.372769702531666525e+01,3.620802532064440982e+01
4.966037735849055945e-01,1.557610410888466301e+00,1.485249803756968356e+00,3.567365754213746953e+01,3.389641225336973207e+01,3.646759288311636027e+01
5.025157232704402510e-01,1.552299942683873724e+00,1.477932538554092234e+00,3.590403098377763058e+01,3.405568533329221736e+01,3.671992661349283793e+01
5.084276729559747965e-01,1.546905102431236134e+00,1.470491618857471927e+00,3.612695530107968267e+01,3.420533424211964757e+01,3.696487392041478870e+01
5.143396226415093420e-01,1.541424761410414845e+00,1.462925157825747169e+00,3.634230014935479858e+01,3.434517258256537531e+01,3.720227835140833150e+01
5.202515723270439985e-01,1.535857743535414155e+00,1.455231197207233818e+00,3.654993242607618953e+01,3.447500931944903613e+01,3.743197940658166800e+01
5.261635220125785439e-01,1.530202822431387499e+00,1.447407703761178110e+00,3.674971609606085110e+01,3.459464849287451926e+01,3.765381234056278714e+01
5.320754716981132004e-01,1.524458718251659128e+00,1.439452565437814746e+00,3.694151200073861929e+01,3.470388890556101558e+01,3.786760795172839522e+01
5.379874213836477459e-01,1.518624094205748953e+00,1.431363587297126871e+00,3.712517764968807654e+01,3.480252378142275660e+01,3.807319235768195398e+01
5.438993710691822914e-01,1.512697552765720932e+00,1.423138487144167019e+00,3.730056699238756579e+01,3.489034039215111704e+01,3.827038675583430916e+01
5.498113207547169479e-01,1.506677631513872573e+00,1.414774890856552503e+00,3.746753016786427537e+01,3.496711964817712470e+01,3.845900716782508511e+01
5.557232704402514933e-01,1.500562798590027391e+00,1.406270327377224350e+00,3.762591322962611429e+01,3.503263564998276536e+01,3.863886416639252275e+01
5.616352201257861498e-01,1.494351447691135926e+00,1.397622223342708025e+00,3.777555784292014351e+01,3.508665519528279475e+01,3.880976258315411087e+01
5.675471698113206953e-01,1.488041892569633262e+00,1.388827897313946735e+00,3.791630095097590925e+01,3.512893723712091543e+01,3.897150119559619696e+01
5.734591194968552408e-01,1.481632360969787454e+00,1.379884553573173411e+00,3.804797440645265993e+01,3.515923228741560536e+01,3.912387239138632111e+01
5.793710691823898973e-01,1.475120987933089989e+00,1.370789275446261613e+00,3.817040456381222668e+01,3.517728175996055029e+01,3.926666180791391980e+01
5.852830188679244428e-01,1.468505808394229284e+00,1.361539018105405674e+00,3.828341182777077023e+01,3.518281724634196905e+01,3.939964794472878395e+01
5.911949685534590992e-01,1.461784748978523174e+00,1.352130600801812355e+00,3.838681015234219274e+01,3.517555971769778722e+01,3.952260174628057854e+01
5.971069182389936447e-01,1.454955618899165248e+00,1.342560698472215597e+00,3.848040648425089216e+01,3.515521864473353020e+01,3.963528615205822092e+01
6.030188679245281902e-01,1.448016099838467019e+00,1.332825832656326703e+00,3.856400014366075624e+01,3.512149102796208666e+01,3.973745561088301059e+01
6.089308176100628467e-01,1.440963734680918540e+00,1.322922361654738310e+00,3.863738213422130485e+01,3.507406032979331911e+01,3.982885555571482428e+01
6.148427672955973922e-01,1.433795914947026739e+00,1.312846469848079511e+00,3.870033437335455062e+01,3.501259529992588426e+01,3.990922183487898423e+01
6.207547169811320487e-01,1.426509866755296674e+00,1.302594156088254573e+00,3.875262883248521462e+01,3.493674868557256019e+01,3.997828009510315894e+01
6.266666666666665941e-01,1.419102635113681066e+00,1.292161221061162601e+00,3.879402657549331934e+01,3.484615581848480304e+01,4.003574511115799339e+01
6.325786163522011396e-01,1.411571066315969070e+00,1.281543253507103186e+00,3.882427668217715677e+01,3.474043307167740835e+01,4.008132005620625904e+01
6.384905660377357961e-01,1.403911788179821096e+00,1.270735615169874766e+00,3.884311504154909045e+01,3.461917618036335398e+01,4.011469570616983304e+01
6.444025157232703416e-01,1.396121187829575394e+00,1.259733424327958318e+00,3.885026299789262794e+01,3.448195842412464884e+01,4.013554957049847616e+01
6.503144654088049981e-01,1.388195386679032861e+00,1.248531537740725561e+00,3.884542583008330041e+01,3.432832867104215779e+01,4.014354494064774315e+01
6.562264150943395435e-01,1.380130212217610675e+00,1.237124530818822787e+00,3.882829104203213433e+01,3.415780928973885011e+01,4.013832984631476819e+01
6.621383647798742000e-01,1.371921166142634041e+00,1.225506675800037026e+00,3.879852643909154608e+01,3.396989394246524085e+01,4.011953590800409586e+01
6.680503144654087455e-01,1.363563388309235291e+00,1.213671917679368661e+00,3.875577796181217138e+01,3.376404528196368204e+01,4.008677707275835189e+01
6.739622641509432910e-01,1.355051615886287308e+00,1.201613847603659080e+00,3.869966724451970919e+01,3.353969258743980930e+01,4.003964821783475969e+01
6.798742138364779475e-01,1.346380137009527633e+00,1.189325673395859706e+00,3.862978886172312087e+01,3.329622939114610602e+01,3.997772360467257613e+01
6.857861635220124930e-01,1.337542738108939755e+00,1.176800186820369465e+00,3.854570722030049268e+01,3.303301116745463872e+01,3.990055516259330659e+01
6.916981132075471495e-01,1.328532643953036718e+00,1.164029727137022130e+00,3.844695304964847082e+01,3.274935318141915985e+01,3.980767057820225574e+01
6.976100628930816949e-01,1.319342449294576003e+00,1.151006140415079981e+00,3.833301943545504287e+01,3.244452862410172145e+01,3.969857116228358507e+01
7.035220125786162404e-01,1.309964040814853847e+00,1.137720733987054089e+00,3.820335733534622591e+01,3.211776719744472786e+01,3.957272946093542743e+01
7.094339622641508969e-01,1.300388507842102470e+00,1.124164225311923282e+00,3.805737050628630413e+01,3.176825435176690959e+01,3.942958657156543723e+01
7.153459119496854424e-01,1.290606040055544357e+00,1.110326684383729612e+00,3.789440976414640971e+01,3.139513142278848790e+01,3.926854911688806027e+01
7.212578616352200989e-01,1.280605810072278139e+00,1.096197468658941299e+00,3.771376648520980268e+01,3.099749696003413746e+01,3.908898582088230000e+01
7.271698113207546443e-01,1.270375838437714178e+00,1.081765149276989746e+00,3.751466524742988895e+01,3.057440958057082980e+01,3.889022361932954652e+01
7.330817610062891898e-01,1.259902838088378996e+00,1.067017427103493787e+00,3.729625549590978295e+01,3.012489271547525149e+01,3.867154322345786710e+01
7.389937106918238463e-01,1.249172034811098619e+00,1.051941036822475306e+00,3.705760210225209050e+01,2.964794163324844334e+01,3.843217403758968231e+01
7.449056603773583918e-01,1.238166959563229863e+00,1.036521636926129863e+00,3.679767467110151813e+01,2.914253311464193175e+01,3.817128830948145435e+01
7.508176100628930483e-01,1.226869207716718035e+00,1.020743682976875899e+00,3.651533542938738464e+01,2.860763810561180875e+01,3.788799436385923514e+01
7.567295597484275937e-01,1.215258159309144048e+00,1.004590280917879497e+00,3.620932551460628446e+01,2.804223757782579085e+01,3.758132873360705162e+01
7.626415094339621392e-01,1.203310653181062229e+00,9.880430164463611664e-01,3.587824945821651568e+01,2.744534166980253076e+01,3.725024695657695872e+01
7.685534591194967957e-01,1.191000606391078298e+00,9.710817554863641066e-01,3.552055763933709898e+01,2.681601196196256254e+01,3.689361274550827119e+01
7.744654088050313412e-01,1.178298568448215677e+00,9.536844095322243309e-01,3.513452646321054118e+01,2.615338645992253319e+01,3.651018515911940199e+01
7.803773584905659977e-01,1.165171197578777074e+00,9.358266579807769103e-01,3.471823599948627503e+01,2.545670653866332600e+01,3.609860329709307791e+01
7.862893081761005432e-01,1.151580643307271501e+00,9.174816173888206139e-01,3.426954479904899387e+01,2.472534476619786759e+01,3.565736790046746307e+01
7.922012578616350886e-01,1.137483815878299165e+00,8.986194446825844784e-01,3.378606159732738945e+01,2.395883222271624291e+01,3.518481904750528599e+01
7.981132075471697451e-01,1.122831518199107981e+00,8.792068574193215857e-01,3.326511361024940072e+01,2.315688371195254902e+01,3.467910887240240925e+01
8.040251572327042906e-01,1.107567409641971645e+00,8.592065488350149050e-01,3.270371114097529386e+01,2.231941917718635793e+01,3.413816786895975497e+01
8.099371069182389471e-01,1.091626762633129744e+00,8.385764679771838814e-01,3.209850824754952470e+01,2.144657972390497847e+01,3.355966282640043374e+01
8.158490566037734926e-01,1.074934961613485118e+00,8.172689247643607491e-01,3.144575928185290792e+01,2.053873692948378959e+01,3.294094370744508637e+01
8.217610062893080380e-01,1.057405678392386417e+00,7.952294648604225635e-01,3.074127120911851918e+01,1.959649456981016513e+01,3.227897570633188451e+01
8.276729559748426945e-01,1.038938636131879090e+00,7.723954374769351761e-01,2.998035176744080843e+01,1.862068246320301412e+01,3.157025113609692113e+01
8.335849056603772400e-01,1.019416843054373079e+00,7.486941468613692585e-01,2.915775374331163050e+01,1.761234274801395827e+01,3.081067339580283004e+01
8.394968553459118965e-01,9.987031313780699859e-01,7.240404290576971658e-01,2.826761593836620534e+01,1.657270948697158275e+01,2.999540156834154558e+01
8.454088050314464420e-01,9.766357685738021877e-01,6.983334188852267088e-01,2.730340180126692573e+01,1.550318295197568119e+01,2.911863835658108002e+01
8.513207547169809875e-01,9.530228025475860898e-01,6.714521491588943958e-01,2.625783721048002306e+01,1.440530023474716259e+01,2.817333459653609395e+01
8.572327044025156439e-01,9.276346348649063822e-01,6.432494204774381608e-01,2.512284952553350692e+01,1.328070393096296442e+01,2.715076779007256391e+01
8.631446540880501894e-01,9.001940415363709480e-01,6.135430294081387625e-01,2.388951076883557079e+01,1.213111057010245553e+01,2.603992487867201788e+01
8.690566037735848459e-01,8.703623943193192769e-01,5.821028127250084117e-01,2.254798862717862562e+01,1.095828024710264259e+01,2.482657081253860909e+01
8.749685534591193914e-01,8.377200098548408524e-01,5.486307719092239354e-01,2.108750980758699001e+01,9.763988605554963840e+00,2.349179371857050569e+01
8.808805031446540479e-01,8.017370219653071617e-01,5.127291359434800189e-01,1.949634103757820469e+01,8.550001977904777561e+00,2.200963980003347942e+01
8.867924528301885934e-01,7.617281639120018211e-01,4.738459807377075061e-01,1.776179350451651118e+01,7.318056150932741311e+00,2.034308281036544486e+01
8.927044025157231388e-01,7.167785137735990242e-01,4.311754442608083937e-01,1.587025657207132490e+01,6.069838927160389197e+00,1.843675571177162809e+01
8.986163522012577953e-01,6.656127010587373771e-01,3.834552355386808831e-01,1.380726595278088631e+01,4.806976413354111521e+00,1.620290200840896588e+01
9.045283018867923408e-01,6.063425792496153210e-01,3.284919713582636902e-01,1.155760992593456216e+01,3.531022792327660031e+00,1.349173692850327200e+01
9.104402515723269973e-01,5.359154981919398431e-01,2.617621754340088702e-01,9.105474525000897046e+00,2.243453220924256364e+00,1.002130941418280763e+01
9.163522012578615428e-01,4.486578693615572155e-01,1.699273414884906741e-01,6.434624907523344817e+00,9.456594368413799856e-01,5.182937626046809854e+00
9.222641509433960882e-01,3.309138393611099072e-01,0.000000000000000000e+00,3.528615652733174013e+00,0.000000000000000000e+00,0.000000000000000000e+00
9.281761006289307447e-01,1.068863519662783396e-01,0.000000000000000000e+00,3.710181016787320041e-01,0.000000000000000000e+00,0.000000000000000000e+00
9.340880503144652902e-01,0.000000000000000000e+00,0.000000000000000000e+00,0.000000000000000000e+00,0.000000000000000000e+00,0.000000000000000000e+00
9.399999999999999467e-01,0.000000000000000000e+00,0.000000000000000000e+00,0.000000000000000000e+00,0.000000000000000000e+00,0.000000000000000000e+00
