T_over_Tc,delta_kBTc,Q,h,force_scaled_error,current_scaled_error,mixed_scaled_error
5.000000000000000278e-02,2.500000000000000000e-01,0.000000000000000000e+00,1.000000000000000021e-02,1.732612723293058821e-07,9.251858538542971828e-16,0.000000000000000000e+00
5.000000000000000278e-02,2.500000000000000000e-01,0.000000000000000000e+00,3.000000000000000062e-03,1.402464477884279859e-09,3.083952846180990083e-15,1.233581138472396033e-14
5.000000000000000278e-02,2.500000000000000000e-01,0.000000000000000000e+00,1.000000000000000021e-03,1.728783782795062507e-11,4.625929269271485322e-15,1.850371707708594129e-14
5.000000000000000278e-02,2.500000000000000000e-01,0.000000000000000000e+00,2.999999999999999737e-04,1.619815392928103392e-13,1.541976423090495160e-14,3.083952846180990320e-14
5.000000000000000278e-02,2.500000000000000000e-01,0.000000000000000000e+00,1.000000000000000048e-04,3.623767952376510948e-13,2.312964634635742582e-14,0.000000000000000000e+00
5.000000000000000278e-02,2.500000000000000000e-01,1.499999999999999944e-01,1.000000000000000021e-02,1.459895367927899201e-07,3.249609664690567001e-09,4.759368540385722213e-07
5.000000000000000278e-02,2.500000000000000000e-01,1.499999999999999944e-01,3.000000000000000062e-03,1.184464304415655533e-09,2.648926911152926778e-11,3.820592398007249813e-09
5.000000000000000278e-02,2.500000000000000000e-01,1.499999999999999944e-01,1.000000000000000021e-03,1.460620513427102196e-11,3.273353810229195915e-13,4.712663592698618231e-11
5.000000000000000278e-02,2.500000000000000000e-01,1.499999999999999944e-01,2.999999999999999737e-04,1.910693825379894406e-13,8.139322549283178887e-14,1.233457780358548916e-13
5.000000000000000278e-02,2.500000000000000000e-01,1.499999999999999944e-01,1.000000000000000048e-04,1.019184736605893704e-13,3.734929032717104747e-13,9.368061881787070888e-13
5.000000000000000278e-02,2.500000000000000000e-01,4.500000000000000111e-01,1.000000000000000021e-02,6.599773605397984966e-08,9.625864688667107316e-09,1.640397922089080156e-07
5.000000000000000278e-02,2.500000000000000000e-01,4.500000000000000111e-01,3.000000000000000062e-03,5.352737142416685856e-10,7.766592924340898207e-11,1.334248674617275535e-09
5.000000000000000278e-02,2.500000000000000000e-01,4.500000000000000111e-01,1.000000000000000021e-03,6.601608149026105821e-12,9.402201239794294452e-13,1.644998563579483237e-11
5.000000000000000278e-02,2.500000000000000000e-01,4.500000000000000111e-01,2.999999999999999737e-04,2.664535259100375697e-15,1.491862189340054101e-13,4.310419068480436199e-14
5.000000000000000278e-02,2.500000000000000000e-01,4.500000000000000111e-01,1.000000000000000048e-04,1.798561299892753595e-13,9.370282327836321201e-14,2.421897332721116167e-13
5.000000000000000278e-02,2.500000000000000000e-01,7.500000000000000000e-01,1.000000000000000021e-02,1.640722058215970947e-09,5.223533078302367016e-09,5.297809488834661845e-08
5.000000000000000278e-02,2.500000000000000000e-01,7.500000000000000000e-01,3.000000000000000062e-03,1.328748222562126102e-11,4.225755856346324890e-11,4.284695216193862214e-10
5.000000000000000278e-02,2.500000000000000000e-01,7.500000000000000000e-01,1.000000000000000021e-03,1.961486528756495318e-13,4.985456492079265445e-13,5.227407813089151502e-12
5.000000000000000278e-02,2.500000000000000000e-01,7.500000000000000000e-01,2.999999999999999737e-04,9.836575998178886948e-14,2.495226247845039325e-14,5.358851336470099448e-13
5.000000000000000278e-02,2.500000000000000000e-01,7.500000000000000000e-01,1.000000000000000048e-04,2.063349491265853430e-13,9.424405700286797583e-13,3.621526278881196147e-12
5.000000000000000278e-02,8.000000000000000444e-01,0.000000000000000000e+00,1.000000000000000021e-02,2.063088408625165755e-09,0.000000000000000000e+00,3.700743415417188731e-15
5.000000000000000278e-02,8.000000000000000444e-01,0.000000000000000000e+00,3.000000000000000062e-03,1.685397215037256323e-11,6.167905692361980167e-15,1.233581138472396033e-14
5.000000000000000278e-02,8.000000000000000444e-01,0.000000000000000000e+00,1.000000000000000021e-03,4.037005680558298801e-13,0.000000000000000000e+00,0.000000000000000000e+00
5.000000000000000278e-02,8.000000000000000444e-01,0.000000000000000000e+00,2.999999999999999737e-04,4.475810645836375114e-14,1.233581138472396128e-13,1.233581138472396128e-13
5.000000000000000278e-02,8.000000000000000444e-01,0.000000000000000000e+00,1.000000000000000048e-04,3.457958648377349891e-12,1.850371707708594066e-13,0.000000000000000000e+00
5.000000000000000278e-02,8.000000000000000444e-01,1.499999999999999944e-01,1.000000000000000021e-02,2.127709257279969479e-09,7.398137658043424381e-12,3.982925100842749089e-13
5.000000000000000278e-02,8.000000000000000444e-01,1.499999999999999944e-01,3.000000000000000062e-03,1.734047239039811299e-11,1.896816037572079949e-13,1.217914658013796725e-13
5.000000000000000278e-02,8.000000000000000444e-01,1.499999999999999944e-01,1.000000000000000021e-03,1.123073557011560752e-13,2.112754415861672896e-13,1.475652933180526816e-12
5.000000000000000278e-02,8.000000000000000444e-01,1.499999999999999944e-01,2.999999999999999737e-04,4.894939570833346153e-13,6.944445019030354160e-14,2.451761016430964446e-12
5.000000000000000278e-02,8.000000000000000444e-01,1.499999999999999944e-01,1.000000000000000048e-04,2.746655136536955327e-12,4.433176048479481324e-12,9.992007221626408864e-12
5.000000000000000278e-02,8.000000000000000444e-01,4.500000000000000111e-01,1.000000000000000021e-02,3.270351101036794716e-09,2.543875322089913947e-09,1.280376159860851195e-08
5.000000000000000278e-02,8.000000000000000444e-01,4.500000000000000111e-01,3.000000000000000062e-03,2.652600361585655264e-11,2.051353977246075355e-11,1.033678055755051148e-10
5.000000000000000278e-02,8.000000000000000444e-01,4.500000000000000111e-01,1.000000000000000021e-03,3.002043058586423285e-13,6.006196765044534533e-13,1.663860189255511164e-12
5.000000000000000278e-02,8.000000000000000444e-01,4.500000000000000111e-01,2.999999999999999737e-04,6.271649866107509297e-13,9.665397286856856110e-14,3.930502195158957899e-13
5.000000000000000278e-02,8.000000000000000444e-01,4.500000000000000111e-01,1.000000000000000048e-04,4.019340416050454223e-12,8.674639022828248989e-14,1.703322431292226445e-12
5.000000000000000278e-02,8.000000000000000444e-01,7.500000000000000000e-01,1.000000000000000021e-02,7.885040065325199521e-09,9.226844655681723085e-08,2.024133861926976377e-07
5.000000000000000278e-02,8.000000000000000444e-01,7.500000000000000000e-01,3.000000000000000062e-03,6.377859351758274897e-11,7.493499014535702364e-10,1.660310761573394204e-09
5.000000000000000278e-02,8.000000000000000444e-01,7.500000000000000000e-01,1.000000000000000021e-03,1.266819982248534870e-12,1.003072197635860117e-11,2.043800736896628306e-11
5.000000000000000278e-02,8.000000000000000444e-01,7.500000000000000000e-01,2.999999999999999737e-04,4.108380302625391778e-13,1.300071795862118208e-12,2.036468716369690168e-13
5.000000000000000278e-02,8.000000000000000444e-01,7.500000000000000000e-01,1.000000000000000048e-04,3.043232332800016593e-12,4.498854673553866381e-12,2.520382074707519958e-12
5.000000000000000278e-02,1.500000000000000000e+00,0.000000000000000000e+00,1.000000000000000021e-02,3.950697546883930045e-10,7.401486830834377462e-15,0.000000000000000000e+00
5.000000000000000278e-02,1.500000000000000000e+00,0.000000000000000000e+00,3.000000000000000062e-03,3.202937914892345361e-12,0.000000000000000000e+00,0.000000000000000000e+00
5.000000000000000278e-02,1.500000000000000000e+00,0.000000000000000000e+00,1.000000000000000021e-03,1.525279902381271313e-12,0.000000000000000000e+00,0.000000000000000000e+00
5.000000000000000278e-02,1.500000000000000000e+00,0.000000000000000000e+00,2.999999999999999737e-04,1.278588346309561530e-12,2.467162276944792256e-13,0.000000000000000000e+00
5.000000000000000278e-02,1.500000000000000000e+00,0.000000000000000000e+00,1.000000000000000048e-04,1.771860436150518581e-11,7.401486830834376263e-13,0.000000000000000000e+00
5.000000000000000278e-02,1.500000000000000000e+00,1.499999999999999944e-01,1.000000000000000021e-02,3.949089943944272818e-10,1.765254609153998899e-14,6.383782391594650107e-14
5.000000000000000278e-02,1.500000000000000000e+00,1.499999999999999944e-01,3.000000000000000062e-03,3.434419415526690500e-12,3.868017017794045387e-13,2.250977182427504886e-13
5.000000000000000278e-02,1.500000000000000000e+00,1.499999999999999944e-01,1.000000000000000021e-03,1.090683099391753785e-12,1.065814103640150279e-13,6.754041770307139814e-13
5.000000000000000278e-02,1.500000000000000000e+00,1.499999999999999944e-01,2.999999999999999737e-04,1.953992523340275511e-14,1.044053732357497211e-12,1.264433002745590784e-12
5.000000000000000278e-02,1.500000000000000000e+00,1.499999999999999944e-01,1.000000000000000048e-04,2.000360987963745174e-11,2.757494232952240054e-11,9.436895709313830594e-12
5.000000000000000278e-02,1.500000000000000000e+00,4.500000000000000111e-01,1.000000000000000021e-02,3.948684434984528480e-10,1.001238901539498419e-15,1.719775698568782570e-12
5.000000000000000278e-02,1.500000000000000000e+00,4.500000000000000111e-01,3.000000000000000062e-03,3.643085833004988672e-12,2.562059100272738549e-13,4.374660726320625731e-13
5.000000000000000278e-02,1.500000000000000000e+00,4.500000000000000111e-01,1.000000000000000021e-03,7.484290964754336528e-13,5.720411590795667865e-13,1.312240686000673004e-13
5.000000000000000278e-02,1.500000000000000000e+00,4.500000000000000111e-01,2.999999999999999737e-04,5.016626003495616715e-12,1.158433409081199615e-12,2.625426563366575581e-12
5.000000000000000278e-02,1.500000000000000000e+00,4.500000000000000111e-01,1.000000000000000048e-04,8.224809722179315941e-13,3.878020763196152967e-12,3.190020875234947761e-11
5.000000000000000278e-02,1.500000000000000000e+00,7.500000000000000000e-01,1.000000000000000021e-02,4.147582832736418368e-10,2.029272217263153807e-10,2.630227879259746548e-09
5.000000000000000278e-02,1.500000000000000000e+00,7.500000000000000000e-01,3.000000000000000062e-03,3.139488669035017665e-12,1.478727069547631145e-12,2.146063277602982411e-11
5.000000000000000278e-02,1.500000000000000000e+00,7.500000000000000000e-01,1.000000000000000021e-03,1.048050535246147774e-13,4.392169692298794999e-13,7.877039741520801342e-13
5.000000000000000278e-02,1.500000000000000000e+00,7.500000000000000000e-01,2.999999999999999737e-04,5.113132139911158447e-12,5.806825574787670731e-13,4.043244613185073450e-12
5.000000000000000278e-02,1.500000000000000000e+00,7.500000000000000000e-01,1.000000000000000048e-04,2.460376347102055661e-11,8.398115873822849495e-12,1.575407948305053688e-12
5.000000000000000278e-02,2.000000000000000000e+00,0.000000000000000000e+00,1.000000000000000021e-02,1.665713122989131989e-10,0.000000000000000000e+00,0.000000000000000000e+00
5.000000000000000278e-02,2.000000000000000000e+00,0.000000000000000000e+00,3.000000000000000062e-03,3.441691376337985275e-15,0.000000000000000000e+00,0.000000000000000000e+00
5.000000000000000278e-02,2.000000000000000000e+00,0.000000000000000000e+00,1.000000000000000021e-03,2.167710455580618145e-12,0.000000000000000000e+00,0.000000000000000000e+00
5.000000000000000278e-02,2.000000000000000000e+00,0.000000000000000000e+00,2.999999999999999737e-04,1.065481036732762732e-11,0.000000000000000000e+00,0.000000000000000000e+00
5.000000000000000278e-02,2.000000000000000000e+00,0.000000000000000000e+00,1.000000000000000048e-04,2.940514498561697110e-11,0.000000000000000000e+00,0.000000000000000000e+00
5.000000000000000278e-02,2.000000000000000000e+00,1.499999999999999944e-01,1.000000000000000021e-02,1.667999072196835186e-10,6.388223283693150734e-13,1.230682222796986025e-13
5.000000000000000278e-02,2.000000000000000000e+00,1.499999999999999944e-01,3.000000000000000062e-03,4.194422587033841410e-13,5.011546733157956623e-13,1.893540879649435738e-12
5.000000000000000278e-02,2.000000000000000000e+00,1.499999999999999944e-01,1.000000000000000021e-03,9.622302954426231736e-13,4.383826635034893116e-12,1.276756478318930021e-12
5.000000000000000278e-02,2.000000000000000000e+00,1.499999999999999944e-01,2.999999999999999737e-04,4.909628259497367253e-12,1.036970509460388712e-11,1.171895913643083986e-12
5.000000000000000278e-02,2.000000000000000000e+00,1.499999999999999944e-01,1.000000000000000048e-04,4.048616997209819601e-11,1.678446270858557909e-11,1.369271362960944316e-11
5.000000000000000278e-02,2.000000000000000000e+00,4.500000000000000111e-01,1.000000000000000021e-02,1.665961812946648024e-10,2.299105830794288310e-13,4.230778067731939048e-13
5.000000000000000278e-02,2.000000000000000000e+00,4.500000000000000111e-01,3.000000000000000062e-03,1.696087714719851647e-12,3.065474441059050911e-13,7.271009195046331034e-13
5.000000000000000278e-02,2.000000000000000000e+00,4.500000000000000111e-01,1.000000000000000021e-03,3.126943148856753396e-12,3.256244309708648511e-14,3.942208411974390651e-13
5.000000000000000278e-02,2.000000000000000000e+00,4.500000000000000111e-01,2.999999999999999737e-04,7.025047210618140525e-12,3.138986623202473730e-12,4.117400153793587100e-12
5.000000000000000278e-02,2.000000000000000000e+00,4.500000000000000111e-01,1.000000000000000048e-04,2.307420920999447844e-11,5.997738887630020849e-12,2.102616278598724836e-12
5.000000000000000278e-02,2.000000000000000000e+00,7.500000000000000000e-01,1.000000000000000021e-02,1.203056193442773857e-10,2.837917426486581306e-13,6.802659590759818809e-12
5.000000000000000278e-02,2.000000000000000000e+00,7.500000000000000000e-01,3.000000000000000062e-03,1.988220016822969717e-13,6.435186908132837505e-14,1.892255797151006556e-13
5.000000000000000278e-02,2.000000000000000000e+00,7.500000000000000000e-01,1.000000000000000021e-03,1.835490030070251933e-12,4.240788172459539824e-13,1.892255797151603314e-13
5.000000000000000278e-02,2.000000000000000000e+00,7.500000000000000000e-01,2.999999999999999737e-04,3.762842891289352554e-12,6.722625256696104290e-13,2.207694838538353424e-12
5.000000000000000278e-02,2.000000000000000000e+00,7.500000000000000000e-01,1.000000000000000048e-04,1.125721179961276768e-11,9.576416144222745936e-12,1.923799701282596864e-11
1.499999999999999944e-01,2.500000000000000000e-01,0.000000000000000000e+00,1.000000000000000021e-02,6.341565672585147695e-08,4.625929269271485914e-16,1.850371707708594366e-15
1.499999999999999944e-01,2.500000000000000000e-01,0.000000000000000000e+00,3.000000000000000062e-03,5.136726599630492274e-10,0.000000000000000000e+00,3.083952846180990083e-15
1.499999999999999944e-01,2.500000000000000000e-01,0.000000000000000000e+00,1.000000000000000021e-03,6.336153823838230892e-12,2.312964634635742661e-15,9.251858538542970644e-15
1.499999999999999944e-01,2.500000000000000000e-01,0.000000000000000000e+00,2.999999999999999737e-04,7.027711745877240901e-14,1.156482317317871449e-14,9.251858538542971591e-14
1.499999999999999944e-01,2.500000000000000000e-01,0.000000000000000000e+00,1.000000000000000048e-04,2.553512956637860043e-13,4.625929269271485164e-14,2.775557561562890846e-13
1.499999999999999944e-01,2.500000000000000000e-01,1.499999999999999944e-01,1.000000000000000021e-02,5.841051564647870009e-08,1.086677682560210911e-08,7.373401134103119148e-08
1.499999999999999944e-01,2.500000000000000000e-01,1.499999999999999944e-01,3.000000000000000062e-03,4.732381153615961011e-10,8.806087803403528369e-11,5.966585003847058033e-10
1.499999999999999944e-01,2.500000000000000000e-01,1.499999999999999944e-01,1.000000000000000021e-03,5.849987161354874843e-12,1.093014567743466614e-12,7.230327447871331970e-12
1.499999999999999944e-01,2.500000000000000000e-01,1.499999999999999944e-01,2.999999999999999737e-04,9.370282327836321201e-14,2.498001805406602216e-16,4.241051954068097984e-14
1.499999999999999944e-01,2.500000000000000000e-01,1.499999999999999944e-01,1.000000000000000048e-04,2.132738430304925714e-13,6.576683642123271056e-14,3.121947145245940192e-13
1.499999999999999944e-01,2.500000000000000000e-01,4.500000000000000111e-01,1.000000000000000021e-02,1.360792711846414704e-08,2.405828730678294392e-09,6.175021221080181267e-08
1.499999999999999944e-01,2.500000000000000000e-01,4.500000000000000111e-01,3.000000000000000062e-03,1.102470337244199072e-10,1.946473537906001638e-11,5.004134750133245387e-10
1.499999999999999944e-01,2.500000000000000000e-01,4.500000000000000111e-01,1.000000000000000021e-03,1.356470491487016261e-12,2.451372438372345641e-13,6.260579541899739854e-12
1.499999999999999944e-01,2.500000000000000000e-01,4.500000000000000111e-01,2.999999999999999737e-04,3.330669073875469621e-15,4.976574707882264192e-14,1.347284996379469036e-14
1.499999999999999944e-01,2.500000000000000000e-01,4.500000000000000111e-01,1.000000000000000048e-04,1.768585278227874369e-13,8.901213099932192563e-14,1.403519500575035298e-12
1.499999999999999944e-01,2.500000000000000000e-01,7.500000000000000000e-01,1.000000000000000021e-02,4.035119460787939261e-11,3.225962080799504861e-09,2.782633739864335647e-08
1.499999999999999944e-01,2.500000000000000000e-01,7.500000000000000000e-01,3.000000000000000062e-03,3.280709037767337577e-13,2.611996730017551727e-11,2.254492292651552221e-10
1.499999999999999944e-01,2.500000000000000000e-01,7.500000000000000000e-01,1.000000000000000021e-03,1.942890293094023946e-15,3.103906021095781398e-13,2.962422867955021324e-12
1.499999999999999944e-01,2.500000000000000000e-01,7.500000000000000000e-01,2.999999999999999737e-04,1.403044347370041578e-13,2.706168622523819067e-14,2.723096105376801562e-13
1.499999999999999944e-01,2.500000000000000000e-01,7.500000000000000000e-01,1.000000000000000048e-04,3.369249323981193811e-13,2.852162950262027152e-13,7.541809745321904692e-13
1.499999999999999944e-01,8.000000000000000444e-01,0.000000000000000000e+00,1.000000000000000021e-02,4.216990279966566538e-09,0.000000000000000000e+00,5.551115123125782702e-15
1.499999999999999944e-01,8.000000000000000444e-01,0.000000000000000000e+00,3.000000000000000062e-03,3.413395753164763565e-11,6.167905692361980167e-15,2.467162276944792067e-14
1.499999999999999944e-01,8.000000000000000444e-01,0.000000000000000000e+00,1.000000000000000021e-03,4.549097924787679021e-13,9.251858538542970644e-15,1.850371707708594129e-14
1.499999999999999944e-01,8.000000000000000444e-01,0.000000000000000000e+00,2.999999999999999737e-04,5.741579905071828037e-14,6.167905692361980640e-14,6.167905692361980640e-14
1.499999999999999944e-01,8.000000000000000444e-01,0.000000000000000000e+00,1.000000000000000048e-04,2.370830840801966959e-13,1.850371707708594066e-13,5.551115123125781692e-13
1.499999999999999944e-01,8.000000000000000444e-01,1.499999999999999944e-01,1.000000000000000021e-02,4.297497515790751466e-09,1.760345758050618770e-09,2.855127245737776320e-09
1.499999999999999944e-01,8.000000000000000444e-01,1.499999999999999944e-01,3.000000000000000062e-03,3.472858035715005433e-11,1.422578721488321207e-11,2.316818958902899794e-11
1.499999999999999944e-01,8.000000000000000444e-01,1.499999999999999944e-01,1.000000000000000021e-03,2.846530355823905042e-13,2.832734047331086913e-13,2.498001805406602216e-13
1.499999999999999944e-01,8.000000000000000444e-01,1.499999999999999944e-01,2.999999999999999737e-04,1.330443535874216498e-13,2.964850587261480541e-13,8.634759574022154993e-13
1.499999999999999944e-01,8.000000000000000444e-01,1.499999999999999944e-01,1.000000000000000048e-04,1.232161797246025441e-12,2.348676808594518661e-13,6.476486014150850679e-13
1.499999999999999944e-01,8.000000000000000444e-01,4.500000000000000111e-01,1.000000000000000021e-02,1.694698048559928338e-09,7.695144965680356108e-09,3.292588113406829377e-08
1.499999999999999944e-01,8.000000000000000444e-01,4.500000000000000111e-01,3.000000000000000062e-03,1.373912095203877470e-11,6.215894465810833935e-11,2.668008878736724027e-10
1.499999999999999944e-01,8.000000000000000444e-01,4.500000000000000111e-01,1.000000000000000021e-03,2.007283228522283025e-13,4.427569422205124283e-13,3.561455752436674987e-12
1.499999999999999944e-01,8.000000000000000444e-01,4.500000000000000111e-01,2.999999999999999737e-04,3.543831894603499677e-13,5.533351554731780197e-13,4.225996188386673283e-13
1.499999999999999944e-01,8.000000000000000444e-01,4.500000000000000111e-01,1.000000000000000048e-04,2.006173005497657869e-13,1.231792445821611182e-12,3.380507201219627832e-12
1.499999999999999944e-01,8.000000000000000444e-01,7.500000000000000000e-01,1.000000000000000021e-02,3.204397192035912667e-09,1.710152323113515776e-08,5.918732373996595076e-08
1.499999999999999944e-01,8.000000000000000444e-01,7.500000000000000000e-01,3.000000000000000062e-03,2.592864811745698717e-11,1.387145478132353810e-10,4.802169098976424061e-10
1.499999999999999944e-01,8.000000000000000444e-01,7.500000000000000000e-01,1.000000000000000021e-03,3.009259508246486803e-13,1.680996532494438527e-12,6.217830412652269701e-12
1.499999999999999944e-01,8.000000000000000444e-01,7.500000000000000000e-01,2.999999999999999737e-04,1.019018203152199931e-12,2.685356338585986336e-14,8.200378929833599846e-13
1.499999999999999944e-01,8.000000000000000444e-01,7.500000000000000000e-01,1.000000000000000048e-04,5.230260669009112462e-13,3.477445119817880174e-12,3.802270396217023908e-12
1.499999999999999944e-01,1.500000000000000000e+00,0.000000000000000000e+00,1.000000000000000021e-02,4.498330596902633260e-10,0.000000000000000000e+00,0.000000000000000000e+00
1.499999999999999944e-01,1.500000000000000000e+00,0.000000000000000000e+00,3.000000000000000062e-03,3.770039835870875322e-12,2.467162276944792067e-14,0.000000000000000000e+00
1.499999999999999944e-01,1.500000000000000000e+00,0.000000000000000000e+00,1.000000000000000021e-03,7.660538869913580129e-15,7.401486830834376515e-14,0.000000000000000000e+00
1.499999999999999944e-01,1.500000000000000000e+00,0.000000000000000000e+00,2.999999999999999737e-04,3.187283770245130654e-12,2.467162276944792256e-13,0.000000000000000000e+00
1.499999999999999944e-01,1.500000000000000000e+00,0.000000000000000000e+00,1.000000000000000048e-04,2.857214465024071615e-12,7.401486830834376263e-13,0.000000000000000000e+00
1.499999999999999944e-01,1.500000000000000000e+00,1.499999999999999944e-01,1.000000000000000021e-02,4.609431725199897301e-10,1.345166200650282917e-10,4.911968609633277083e-10
1.499999999999999944e-01,1.500000000000000000e+00,1.499999999999999944e-01,3.000000000000000062e-03,4.183764445997439907e-12,1.161404306060376257e-12,4.394651309524988392e-12
1.499999999999999944e-01,1.500000000000000000e+00,1.499999999999999944e-01,1.000000000000000021e-03,6.927791673660976812e-13,7.790434963794723444e-13,2.414735078559715475e-12
1.499999999999999944e-01,1.500000000000000000e+00,1.499999999999999944e-01,2.999999999999999737e-04,5.676459302605962876e-12,2.826849865300573583e-12,7.308986749166024310e-12
1.499999999999999944e-01,1.500000000000000000e+00,1.499999999999999944e-01,1.000000000000000048e-04,9.500511488624852063e-12,1.593170040337099636e-12,5.181022277866986769e-12
1.499999999999999944e-01,1.500000000000000000e+00,4.500000000000000111e-01,1.000000000000000021e-02,5.973020689165053909e-10,9.501708615424696853e-10,3.828241236658033728e-09
1.499999999999999944e-01,1.500000000000000000e+00,4.500000000000000111e-01,3.000000000000000062e-03,4.556438559788489329e-12,7.532673746755582154e-12,3.128761860083959915e-11
1.499999999999999944e-01,1.500000000000000000e+00,4.500000000000000111e-01,1.000000000000000021e-03,1.241368119409003157e-12,2.251596306376768111e-13,3.915317904549602973e-14
1.499999999999999944e-01,1.500000000000000000e+00,4.500000000000000111e-01,2.999999999999999737e-04,4.864858516029357816e-12,7.317410020871857443e-13,2.914719260853320389e-12
1.499999999999999944e-01,1.500000000000000000e+00,4.500000000000000111e-01,1.000000000000000048e-04,1.929773008058077721e-11,3.777789437306522414e-12,2.610733978756673666e-13
1.499999999999999944e-01,1.500000000000000000e+00,7.500000000000000000e-01,1.000000000000000021e-02,6.777212679942579143e-10,7.060157864722499155e-10,1.804809187582894711e-08
1.499999999999999944e-01,1.500000000000000000e+00,7.500000000000000000e-01,3.000000000000000062e-03,5.789702051117728843e-12,5.731502226366115879e-12,1.454955907749262324e-10
1.499999999999999944e-01,1.500000000000000000e+00,7.500000000000000000e-01,1.000000000000000021e-03,1.069089261562794491e-12,4.998542822155774441e-13,1.582971312582269351e-12
1.499999999999999944e-01,1.500000000000000000e+00,7.500000000000000000e-01,2.999999999999999737e-04,1.200706201132106798e-12,1.801608207685051541e-12,1.690679019277324268e-12
1.499999999999999944e-01,1.500000000000000000e+00,7.500000000000000000e-01,1.000000000000000048e-04,1.402999938449056572e-11,1.551080280180369086e-12,1.997941072963827150e-12
1.499999999999999944e-01,2.000000000000000000e+00,0.000000000000000000e+00,1.000000000000000021e-02,1.689113293679156413e-10,7.401486830834377462e-15,0.000000000000000000e+00
1.499999999999999944e-01,2.000000000000000000e+00,0.000000000000000000e+00,3.000000000000000062e-03,1.080247002960277314e-12,0.000000000000000000e+00,0.000000000000000000e+00
1.499999999999999944e-01,2.000000000000000000e+00,0.000000000000000000e+00,1.000000000000000021e-03,1.771027768882049713e-12,0.000000000000000000e+00,0.000000000000000000e+00
1.499999999999999944e-01,2.000000000000000000e+00,0.000000000000000000e+00,2.999999999999999737e-04,6.543321440233285102e-12,2.467162276944792256e-13,0.000000000000000000e+00
1.499999999999999944e-01,2.000000000000000000e+00,0.000000000000000000e+00,1.000000000000000048e-04,9.257150601627017750e-12,0.000000000000000000e+00,0.000000000000000000e+00
1.499999999999999944e-01,2.000000000000000000e+00,1.499999999999999944e-01,1.000000000000000021e-02,1.697788576393577387e-10,1.055777687497538864e-11,4.562739075453237092e-11
1.499999999999999944e-01,2.000000000000000000e+00,1.499999999999999944e-01,3.000000000000000062e-03,2.750022431996512751e-13,2.609024107869117870e-13,1.418587469714793770e-12
1.499999999999999944e-01,2.000000000000000000e+00,1.499999999999999944e-01,1.000000000000000021e-03,6.696865284538944252e-13,8.459899447643692838e-14,2.960409695162979915e-13
1.499999999999999944e-01,2.000000000000000000e+00,1.499999999999999944e-01,2.999999999999999737e-04,6.393441331908888969e-12,5.780931289223190106e-13,1.819544515058169054e-12
1.499999999999999944e-01,2.000000000000000000e+00,1.499999999999999944e-01,1.000000000000000048e-04,2.255973186038318090e-13,8.057110534309686045e-12,3.265909764849084240e-11
1.499999999999999944e-01,2.000000000000000000e+00,4.500000000000000111e-01,1.000000000000000021e-02,1.820593675816439827e-10,9.555146254298244679e-11,7.440264998302281949e-10
1.499999999999999944e-01,2.000000000000000000e+00,4.500000000000000111e-01,3.000000000000000062e-03,9.747758156208874425e-13,1.013489301053187880e-12,5.406951540047458375e-12
1.499999999999999944e-01,2.000000000000000000e+00,4.500000000000000111e-01,1.000000000000000021e-03,2.158828671383616893e-12,8.949122024694248617e-13,4.454300419595030177e-13
1.499999999999999944e-01,2.000000000000000000e+00,4.500000000000000111e-01,2.999999999999999737e-04,6.377565142656749231e-12,1.168690628146894437e-12,6.027063112756283563e-12
1.499999999999999944e-01,2.000000000000000000e+00,4.500000000000000111e-01,1.000000000000000048e-04,2.315414526776748971e-11,3.484721437327263181e-12,5.503018520438849835e-12
1.499999999999999944e-01,2.000000000000000000e+00,7.500000000000000000e-01,1.000000000000000021e-02,1.963087208659236615e-10,9.590556541018786983e-10,4.055946431001919889e-09
1.499999999999999944e-01,2.000000000000000000e+00,7.500000000000000000e-01,3.000000000000000062e-03,1.227312088988529022e-12,7.856306853261779822e-12,3.269021691920203327e-11
1.499999999999999944e-01,2.000000000000000000e+00,7.500000000000000000e-01,1.000000000000000021e-03,2.295501459036516116e-12,1.089302752938142896e-12,8.782148626050658025e-13
1.499999999999999944e-01,2.000000000000000000e+00,7.500000000000000000e-01,2.999999999999999737e-04,1.728396421442782823e-12,9.699593946795776280e-13,9.408772901298828015e-13
1.499999999999999944e-01,2.000000000000000000e+00,7.500000000000000000e-01,1.000000000000000048e-04,6.891632198867955113e-12,1.267567876943755699e-12,3.763509160486876151e-12
4.000000000000000222e-01,2.500000000000000000e-01,0.000000000000000000e+00,1.000000000000000021e-02,4.810155995738085721e-09,2.312964634635742957e-16,4.625929269271485914e-16
4.000000000000000222e-01,2.500000000000000000e-01,0.000000000000000000e+00,3.000000000000000062e-03,3.897110412154347614e-11,1.927470528863118802e-16,1.541976423090495042e-15
4.000000000000000222e-01,2.500000000000000000e-01,0.000000000000000000e+00,1.000000000000000021e-03,4.796163466380676255e-13,1.156482317317871331e-15,1.387778780781445676e-14
4.000000000000000222e-01,2.500000000000000000e-01,0.000000000000000000e+00,2.999999999999999737e-04,3.386180225106727448e-15,5.782411586589357244e-15,0.000000000000000000e+00
4.000000000000000222e-01,2.500000000000000000e-01,0.000000000000000000e+00,1.000000000000000048e-04,3.907985046680551022e-14,1.156482317317871291e-14,1.850371707708594066e-13
4.000000000000000222e-01,2.500000000000000000e-01,1.499999999999999944e-01,1.000000000000000021e-02,4.251907326224824146e-09,1.644275431089692319e-09,3.962512207245083573e-09
4.000000000000000222e-01,2.500000000000000000e-01,1.499999999999999944e-01,3.000000000000000062e-03,3.444677876274226946e-11,1.332375876295088801e-11,3.211009236281370249e-11
4.000000000000000222e-01,2.500000000000000000e-01,1.499999999999999944e-01,1.000000000000000021e-03,4.267142195146789163e-13,1.606700883449718731e-13,3.498312750593868259e-13
4.000000000000000222e-01,2.500000000000000000e-01,1.499999999999999944e-01,2.999999999999999737e-04,2.164934898019055254e-15,6.591949208711866959e-16,1.021405182655144017e-13
4.000000000000000222e-01,2.500000000000000000e-01,1.499999999999999944e-01,1.000000000000000048e-04,4.218847493575594854e-14,2.956662692454870012e-14,1.503241975342461956e-13
4.000000000000000222e-01,2.500000000000000000e-01,4.500000000000000111e-01,1.000000000000000021e-02,1.618550571347299183e-09,1.412694114466539475e-09,3.518669577928790204e-09
4.000000000000000222e-01,2.500000000000000000e-01,4.500000000000000111e-01,3.000000000000000062e-03,1.311312169960388019e-11,1.144599692803893731e-11,2.851963110117594624e-11
4.000000000000000222e-01,2.500000000000000000e-01,4.500000000000000111e-01,1.000000000000000021e-03,1.550981565401343687e-13,1.475347621848754898e-13,4.776179451937423437e-13
4.000000000000000222e-01,2.500000000000000000e-01,4.500000000000000111e-01,2.999999999999999737e-04,7.605027718682322302e-15,3.326505737533125284e-14,8.482103908136195969e-14
4.000000000000000222e-01,2.500000000000000000e-01,4.500000000000000111e-01,1.000000000000000048e-04,1.157962614684038272e-13,5.252742685257771882e-14,6.938893903907228378e-14
4.000000000000000222e-01,2.500000000000000000e-01,7.500000000000000000e-01,1.000000000000000021e-02,2.598300880007897717e-10,2.386378594732008196e-10,3.248206703609923807e-09
4.000000000000000222e-01,2.500000000000000000e-01,7.500000000000000000e-01,3.000000000000000062e-03,2.111422148232122709e-12,1.928235349168971879e-12,2.630728968000539680e-11
4.000000000000000222e-01,2.500000000000000000e-01,7.500000000000000000e-01,1.000000000000000021e-03,3.206462872995530233e-14,6.175615574477433256e-15,1.781907954523376247e-13
4.000000000000000222e-01,2.500000000000000000e-01,7.500000000000000000e-01,2.999999999999999737e-04,2.210037708394452238e-14,3.218258992632172522e-14,6.707967514785195817e-13
4.000000000000000222e-01,2.500000000000000000e-01,7.500000000000000000e-01,1.000000000000000048e-04,2.402245069532682464e-14,2.177424907046088265e-14,2.312594560294201074e-13
4.000000000000000222e-01,8.000000000000000444e-01,0.000000000000000000e+00,1.000000000000000021e-02,1.982154995694429545e-09,4.625929269271485914e-16,0.000000000000000000e+00
4.000000000000000222e-01,8.000000000000000444e-01,0.000000000000000000e+00,3.000000000000000062e-03,1.603572830077837352e-11,4.625929269271485322e-15,6.167905692361980167e-15
4.000000000000000222e-01,8.000000000000000444e-01,0.000000000000000000e+00,1.000000000000000021e-03,1.548761119352093374e-13,1.850371707708594129e-14,9.251858538542970644e-15
4.000000000000000222e-01,8.000000000000000444e-01,0.000000000000000000e+00,2.999999999999999737e-04,3.212985433265203028e-13,4.625929269271485795e-14,6.167905692361980640e-14
4.000000000000000222e-01,8.000000000000000444e-01,0.000000000000000000e+00,1.000000000000000048e-04,1.292854712175994791e-12,9.251858538542970329e-14,9.251858538542970329e-14
4.000000000000000222e-01,8.000000000000000444e-01,1.499999999999999944e-01,1.000000000000000021e-02,2.034862611743903926e-09,3.879578658327886842e-09,4.945726272964634518e-09
4.000000000000000222e-01,8.000000000000000444e-01,1.499999999999999944e-01,3.000000000000000062e-03,1.647304515017822268e-11,3.140476767526934054e-11,4.012989940349598328e-11
4.000000000000000222e-01,8.000000000000000444e-01,1.499999999999999944e-01,1.000000000000000021e-03,1.588729148238599009e-13,3.493316746983055054e-13,3.145261828763068479e-13
4.000000000000000222e-01,8.000000000000000444e-01,1.499999999999999944e-01,2.999999999999999737e-04,2.512434704726729251e-13,1.564304241696845565e-13,4.629630012686902774e-14
4.000000000000000222e-01,8.000000000000000444e-01,1.499999999999999944e-01,1.000000000000000048e-04,8.064660050877137110e-13,9.229839115221238899e-13,2.220446049250313081e-12
4.000000000000000222e-01,8.000000000000000444e-01,4.500000000000000111e-01,1.000000000000000021e-02,1.861654608248386467e-09,9.642189269243317540e-09,3.742975038217543720e-09
4.000000000000000222e-01,8.000000000000000444e-01,4.500000000000000111e-01,3.000000000000000062e-03,1.505717772687376055e-11,7.812017699393436487e-11,3.035021640282579058e-11
4.000000000000000222e-01,8.000000000000000444e-01,4.500000000000000111e-01,1.000000000000000021e-03,1.955102746364900668e-13,9.426903702092204185e-13,5.367159596535562510e-13
4.000000000000000222e-01,8.000000000000000444e-01,4.500000000000000111e-01,2.999999999999999737e-04,9.903189379656396341e-14,1.798561299892753595e-14,1.206163455175073703e-12
4.000000000000000222e-01,8.000000000000000444e-01,4.500000000000000111e-01,1.000000000000000048e-04,4.843903056439557986e-13,1.979527652906654112e-13,1.688744633569467933e-12
4.000000000000000222e-01,8.000000000000000444e-01,7.500000000000000000e-01,1.000000000000000021e-02,7.390229903730949346e-10,3.032376016953719500e-09,6.721750454370012148e-09
4.000000000000000222e-01,8.000000000000000444e-01,7.500000000000000000e-01,3.000000000000000062e-03,5.988988818761420418e-12,2.452271719022292018e-11,5.436899993190191004e-11
4.000000000000000222e-01,8.000000000000000444e-01,7.500000000000000000e-01,1.000000000000000021e-03,1.172395514004165307e-13,2.950972799453666084e-13,5.461607264072913848e-13
4.000000000000000222e-01,8.000000000000000444e-01,7.500000000000000000e-01,2.999999999999999737e-04,2.343299165818990559e-13,3.443911822387235588e-13,3.641071509380845312e-13
4.000000000000000222e-01,8.000000000000000444e-01,7.500000000000000000e-01,1.000000000000000048e-04,2.282601191394562079e-13,4.986011603591578023e-13,2.534278055749220364e-12
4.000000000000000222e-01,1.500000000000000000e+00,0.000000000000000000e+00,1.000000000000000021e-02,5.316121987064548193e-10,1.850371707708594366e-15,0.000000000000000000e+00
4.000000000000000222e-01,1.500000000000000000e+00,0.000000000000000000e+00,3.000000000000000062e-03,4.264200104131532498e-12,1.233581138472396033e-14,0.000000000000000000e+00
4.000000000000000222e-01,1.500000000000000000e+00,0.000000000000000000e+00,1.000000000000000021e-03,4.833355937705618999e-13,3.700743415417188258e-14,0.000000000000000000e+00
4.000000000000000222e-01,1.500000000000000000e+00,0.000000000000000000e+00,2.999999999999999737e-04,1.988298414801192848e-12,6.167905692361980640e-14,0.000000000000000000e+00
4.000000000000000222e-01,1.500000000000000000e+00,0.000000000000000000e+00,1.000000000000000048e-04,8.489875469308572065e-13,0.000000000000000000e+00,0.000000000000000000e+00
4.000000000000000222e-01,1.500000000000000000e+00,1.499999999999999944e-01,1.000000000000000021e-02,4.887396598540760806e-10,2.231300699762073236e-10,2.175483015953716404e-09
4.000000000000000222e-01,1.500000000000000000e+00,1.499999999999999944e-01,3.000000000000000062e-03,3.936684311867111319e-12,1.776800928610100527e-12,1.763711399149769932e-11
4.000000000000000222e-01,1.500000000000000000e+00,1.499999999999999944e-01,1.000000000000000021e-03,4.301559108910169016e-13,8.071321389024888049e-14,3.700373341075646749e-13
4.000000000000000222e-01,1.500000000000000000e+00,1.499999999999999944e-01,2.999999999999999737e-04,2.451372438372345641e-13,1.536548666081216652e-13,1.696087714719851647e-12
4.000000000000000222e-01,1.500000000000000000e+00,1.499999999999999944e-01,1.000000000000000048e-04,2.160327472466860854e-12,2.250866160125042370e-12,4.718447854656915297e-12
4.000000000000000222e-01,1.500000000000000000e+00,4.500000000000000111e-01,1.000000000000000021e-02,1.150978617969755646e-10,2.006489688466866054e-09,7.807964005411741088e-09
4.000000000000000222e-01,1.500000000000000000e+00,4.500000000000000111e-01,3.000000000000000062e-03,8.028577802576819522e-13,1.623971547779735197e-11,6.313790748656210045e-11
4.000000000000000222e-01,1.500000000000000000e+00,4.500000000000000111e-01,1.000000000000000021e-03,3.526068326209497172e-13,1.609316545559097190e-13,1.703000481097332861e-12
4.000000000000000222e-01,1.500000000000000000e+00,4.500000000000000111e-01,2.999999999999999737e-04,3.896119538104869662e-13,5.637362168084784787e-13,1.380736566482456885e-12
4.000000000000000222e-01,1.500000000000000000e+00,4.500000000000000111e-01,1.000000000000000048e-04,5.161503169315295736e-12,2.082484135505239608e-12,2.416288991339944279e-12
4.000000000000000222e-01,1.500000000000000000e+00,7.500000000000000000e-01,1.000000000000000021e-02,4.013449572681793143e-10,5.670625500338543211e-09,1.784760195382721671e-10
4.000000000000000222e-01,1.500000000000000000e+00,7.500000000000000000e-01,3.000000000000000062e-03,3.142375248899043072e-12,4.589635529401057001e-11,1.406052804046402416e-12
4.000000000000000222e-01,1.500000000000000000e+00,7.500000000000000000e-01,1.000000000000000021e-03,1.635358515272855584e-13,3.592650142715800401e-13,3.072231243085253383e-13
4.000000000000000222e-01,1.500000000000000000e+00,7.500000000000000000e-01,2.999999999999999737e-04,2.142730437526552123e-14,1.280235384498818463e-13,4.642706242957728835e-14
4.000000000000000222e-01,1.500000000000000000e+00,7.500000000000000000e-01,1.000000000000000048e-04,1.001343452600167439e-11,8.893390668391012011e-13,1.117434026058668517e-12
4.000000000000000222e-01,2.000000000000000000e+00,0.000000000000000000e+00,1.000000000000000021e-02,3.380848934142477447e-10,3.700743415417188731e-15,0.000000000000000000e+00
4.000000000000000222e-01,2.000000000000000000e+00,0.000000000000000000e+00,3.000000000000000062e-03,3.130717907140478928e-12,0.000000000000000000e+00,0.000000000000000000e+00
4.000000000000000222e-01,2.000000000000000000e+00,0.000000000000000000e+00,1.000000000000000021e-03,3.180788965551073488e-13,3.700743415417188258e-14,0.000000000000000000e+00
4.000000000000000222e-01,2.000000000000000000e+00,0.000000000000000000e+00,2.999999999999999737e-04,1.773692304141150089e-12,1.233581138472396128e-13,0.000000000000000000e+00
4.000000000000000222e-01,2.000000000000000000e+00,0.000000000000000000e+00,1.000000000000000048e-04,1.904387758600023517e-11,0.000000000000000000e+00,0.000000000000000000e+00
4.000000000000000222e-01,2.000000000000000000e+00,1.499999999999999944e-01,1.000000000000000021e-02,3.346902754941538660e-10,7.071599972263697964e-10,2.239227692157896854e-10
4.000000000000000222e-01,2.000000000000000000e+00,1.499999999999999944e-01,3.000000000000000062e-03,3.002598170098735864e-12,5.687561532852214441e-12,1.585120923408567251e-12
4.000000000000000222e-01,2.000000000000000000e+00,1.499999999999999944e-01,1.000000000000000021e-03,1.653122083666858089e-13,9.736655925962622860e-13,7.031042414951116371e-13
4.000000000000000222e-01,2.000000000000000000e+00,1.499999999999999944e-01,2.999999999999999737e-04,4.201528014391442412e-12,2.515543329195679689e-12,3.793243497085541094e-12
4.000000000000000222e-01,2.000000000000000000e+00,1.499999999999999944e-01,1.000000000000000048e-04,4.941602682606571761e-12,5.502598376949663361e-12,1.026956297778269800e-11
4.000000000000000222e-01,2.000000000000000000e+00,4.500000000000000111e-01,1.000000000000000021e-02,2.752892358515168780e-10,3.797586548660908791e-10,2.650265240535438645e-09
4.000000000000000222e-01,2.000000000000000000e+00,4.500000000000000111e-01,3.000000000000000062e-03,2.327471548824178171e-12,3.022792440031798796e-12,2.129760718187778641e-11
4.000000000000000222e-01,2.000000000000000000e+00,4.500000000000000111e-01,1.000000000000000021e-03,3.125277814319815661e-13,3.862130923380433828e-13,3.421620284121574739e-13
4.000000000000000222e-01,2.000000000000000000e+00,4.500000000000000111e-01,2.999999999999999737e-04,3.055111719163505768e-12,7.412339852948987451e-14,4.642350022998030581e-12
4.000000000000000222e-01,2.000000000000000000e+00,4.500000000000000111e-01,1.000000000000000048e-04,1.082678391384206407e-11,5.398262892905608857e-13,3.664974597406326028e-12
4.000000000000000222e-01,2.000000000000000000e+00,7.500000000000000000e-01,1.000000000000000021e-02,1.364883657786124588e-11,2.044034316983525666e-09,7.457415812655703297e-09
4.000000000000000222e-01,2.000000000000000000e+00,7.500000000000000000e-01,3.000000000000000062e-03,1.363147926069066133e-13,1.644479578799403842e-11,6.048801518052696056e-11
4.000000000000000222e-01,2.000000000000000000e+00,7.500000000000000000e-01,1.000000000000000021e-03,1.117152844789423492e-12,6.424715281582644963e-13,1.142837393270960709e-13
4.000000000000000222e-01,2.000000000000000000e+00,7.500000000000000000e-01,2.999999999999999737e-04,1.393373599073012662e-12,6.862916098254283354e-13,1.572859992000206670e-12
4.000000000000000222e-01,2.000000000000000000e+00,7.500000000000000000e-01,1.000000000000000048e-04,2.264381730538219646e-12,3.473717110073337854e-12,1.573031589209927649e-12
8.000000000000000444e-01,2.500000000000000000e-01,0.000000000000000000e+00,1.000000000000000021e-02,3.565809730821101198e-10,0.000000000000000000e+00,1.156482317317871478e-16
8.000000000000000444e-01,2.500000000000000000e-01,0.000000000000000000e+00,3.000000000000000062e-03,2.888647654408771359e-12,0.000000000000000000e+00,1.156482317317871331e-15
8.000000000000000444e-01,2.500000000000000000e-01,0.000000000000000000e+00,1.000000000000000021e-03,3.660960423701453692e-14,2.891205793294678326e-16,3.469446951953614189e-15
8.000000000000000444e-01,2.500000000000000000e-01,0.000000000000000000e+00,2.999999999999999737e-04,1.623701173514291440e-15,1.445602896647339311e-15,3.854941057726237900e-15
8.000000000000000444e-01,2.500000000000000000e-01,0.000000000000000000e+00,1.000000000000000048e-04,2.765843110097421231e-14,2.891205793294678228e-15,0.000000000000000000e+00
8.000000000000000444e-01,2.500000000000000000e-01,1.499999999999999944e-01,1.000000000000000021e-02,3.328917003164733046e-10,2.528832560022564735e-10,1.626721951586418413e-09
8.000000000000000444e-01,2.500000000000000000e-01,1.499999999999999944e-01,3.000000000000000062e-03,2.696842749116967752e-12,2.048593933379194709e-12,1.318245512749172121e-11
8.000000000000000444e-01,2.500000000000000000e-01,1.499999999999999944e-01,1.000000000000000021e-03,3.301525719479059262e-14,2.585778813291028655e-14,1.564026685940689276e-13
8.000000000000000444e-01,2.500000000000000000e-01,1.499999999999999944e-01,2.999999999999999737e-04,2.359223927328457648e-16,3.087807787238716628e-16,6.744604874597825983e-15
8.000000000000000444e-01,2.500000000000000000e-01,1.499999999999999944e-01,1.000000000000000048e-04,2.579880753472707511e-14,7.535638779643250018e-15,1.329769627744781246e-13
8.000000000000000444e-01,2.500000000000000000e-01,4.500000000000000111e-01,1.000000000000000021e-02,1.946552450476923823e-10,3.945868423671505809e-10,2.570440860161227192e-09
8.000000000000000444e-01,2.500000000000000000e-01,4.500000000000000111e-01,3.000000000000000062e-03,1.577796920892993171e-12,3.196873321620330444e-12,2.083672123731616921e-11
8.000000000000000444e-01,2.500000000000000000e-01,4.500000000000000111e-01,1.000000000000000021e-03,2.184537273297593174e-14,3.866351683257107652e-14,2.307043445171075291e-13
8.000000000000000444e-01,2.500000000000000000e-01,4.500000000000000111e-01,2.999999999999999737e-04,2.102484852883890198e-14,6.009082120783659775e-15,5.784261958297065576e-14
8.000000000000000444e-01,2.500000000000000000e-01,4.500000000000000111e-01,1.000000000000000048e-04,2.584737979205442571e-15,3.157890615668179635e-14,2.254862963013692934e-13
8.000000000000000444e-01,2.500000000000000000e-01,7.500000000000000000e-01,1.000000000000000021e-02,7.072803454022391634e-11,1.425737999882770168e-10,8.784908356318510414e-10
8.000000000000000444e-01,2.500000000000000000e-01,7.500000000000000000e-01,3.000000000000000062e-03,5.694472671180506040e-13,1.154937256941934720e-12,7.135514401568343601e-12
8.000000000000000444e-01,2.500000000000000000e-01,7.500000000000000000e-01,1.000000000000000021e-03,4.662936703425657470e-15,1.405819904931604469e-14,4.163336342344337027e-14
8.000000000000000444e-01,2.500000000000000000e-01,7.500000000000000000e-01,2.999999999999999737e-04,1.300348717592214598e-14,3.358424649491098535e-15,1.928457393773896911e-13
8.000000000000000444e-01,2.500000000000000000e-01,7.500000000000000000e-01,1.000000000000000048e-04,1.079691891447964736e-13,2.937927678914320495e-14,7.632783294297951215e-13
8.000000000000000444e-01,8.000000000000000444e-01,0.000000000000000000e+00,1.000000000000000021e-02,6.790558115810085837e-10,2.312964634635742957e-16,6.938893903907228378e-16
8.000000000000000444e-01,8.000000000000000444e-01,0.000000000000000000e+00,3.000000000000000062e-03,5.488776100293080162e-12,0.000000000000000000e+00,2.312964634635742661e-15
8.000000000000000444e-01,8.000000000000000444e-01,0.000000000000000000e+00,1.000000000000000021e-03,8.065770273901762266e-14,0.000000000000000000e+00,2.312964634635742661e-15
8.000000000000000444e-01,8.000000000000000444e-01,0.000000000000000000e+00,2.999999999999999737e-04,5.387357226993572112e-14,1.541976423090495160e-14,1.541976423090495160e-14
8.000000000000000444e-01,8.000000000000000444e-01,0.000000000000000000e+00,1.000000000000000048e-04,3.200772979994326306e-13,2.312964634635742582e-14,6.938893903907227115e-14
8.000000000000000444e-01,8.000000000000000444e-01,1.499999999999999944e-01,1.000000000000000021e-02,6.471272406827210943e-10,1.717058634165269382e-09,1.963639917335058271e-09
8.000000000000000444e-01,8.000000000000000444e-01,1.499999999999999944e-01,3.000000000000000062e-03,5.238393052664491734e-12,1.391933790451105324e-11,1.591626830332870668e-11
8.000000000000000444e-01,8.000000000000000444e-01,1.499999999999999944e-01,1.000000000000000021e-03,7.238654120556020644e-14,1.764699497641686321e-13,2.775557561562891351e-13
8.000000000000000444e-01,8.000000000000000444e-01,1.499999999999999944e-01,2.999999999999999737e-04,3.516631430500183342e-14,1.012800954214299054e-13,4.629630012686902774e-14
8.000000000000000444e-01,8.000000000000000444e-01,1.499999999999999944e-01,1.000000000000000048e-04,3.127220704612909685e-13,2.775557561562891351e-15,1.526556658859590243e-12
8.000000000000000444e-01,8.000000000000000444e-01,4.500000000000000111e-01,1.000000000000000021e-02,4.357022520551367961e-10,3.219810140731027559e-09,4.644431677092462521e-09
8.000000000000000444e-01,8.000000000000000444e-01,4.500000000000000111e-01,3.000000000000000062e-03,3.533284775869560690e-12,2.608058213837693984e-11,3.759604663974355698e-11
8.000000000000000444e-01,8.000000000000000444e-01,4.500000000000000111e-01,1.000000000000000021e-03,4.148070775755741124e-14,3.033129303275927668e-13,6.334043849586484354e-13
8.000000000000000444e-01,8.000000000000000444e-01,4.500000000000000111e-01,2.999999999999999737e-04,1.358427259567918099e-13,1.739164368075307721e-13,6.192161267355616903e-13
8.000000000000000444e-01,8.000000000000000444e-01,4.500000000000000111e-01,1.000000000000000048e-04,4.346870086102683217e-13,2.732813975114822824e-13,8.024473472164294627e-13
8.000000000000000444e-01,8.000000000000000444e-01,7.500000000000000000e-01,1.000000000000000021e-02,1.916297120985177571e-10,1.682087580334723498e-09,2.547730591602584880e-09
8.000000000000000444e-01,8.000000000000000444e-01,7.500000000000000000e-01,3.000000000000000062e-03,1.545819028336836709e-12,1.360300760921973051e-11,2.062601540453617888e-11
8.000000000000000444e-01,8.000000000000000444e-01,7.500000000000000000e-01,1.000000000000000021e-03,3.830269434956790064e-15,7.360778653264787863e-14,1.796353247513266900e-13
8.000000000000000444e-01,8.000000000000000444e-01,7.500000000000000000e-01,2.999999999999999737e-04,2.690070388666754297e-13,3.457234498682737467e-13,7.185412990052449637e-13
8.000000000000000444e-01,8.000000000000000444e-01,7.500000000000000000e-01,1.000000000000000048e-04,4.546363285840016033e-14,2.247091401841316838e-13,5.992634433701351326e-14
8.000000000000000444e-01,1.500000000000000000e+00,0.000000000000000000e+00,1.000000000000000021e-02,3.088606592704934428e-10,0.000000000000000000e+00,9.251858538542971828e-16
8.000000000000000444e-01,1.500000000000000000e+00,0.000000000000000000e+00,3.000000000000000062e-03,2.489813910599991686e-12,1.541976423090495042e-15,0.000000000000000000e+00
8.000000000000000444e-01,1.500000000000000000e+00,0.000000000000000000e+00,1.000000000000000021e-03,6.677991493120316591e-14,4.625929269271485322e-15,9.251858538542970644e-15
8.000000000000000444e-01,1.500000000000000000e+00,0.000000000000000000e+00,2.999999999999999737e-04,1.161015728001757452e-13,1.541976423090495160e-14,3.083952846180990320e-14
8.000000000000000444e-01,1.500000000000000000e+00,0.000000000000000000e+00,1.000000000000000048e-04,9.324208072314377205e-13,4.625929269271485164e-14,9.251858538542970329e-14
8.000000000000000444e-01,1.500000000000000000e+00,1.499999999999999944e-01,1.000000000000000021e-02,3.098986067762155017e-10,2.067530147087381920e-09,1.229271351377292376e-09
8.000000000000000444e-01,1.500000000000000000e+00,1.499999999999999944e-01,3.000000000000000062e-03,2.387423592153936625e-12,1.682265438063268448e-11,1.009370365068207320e-11
8.000000000000000444e-01,1.500000000000000000e+00,1.499999999999999944e-01,1.000000000000000021e-03,8.121281425133020093e-14,2.664535259100375697e-14,3.053113317719180486e-13
8.000000000000000444e-01,1.500000000000000000e+00,1.499999999999999944e-01,2.999999999999999737e-04,1.598721155460225418e-13,5.972999872483342187e-14,3.392841563254478388e-13
8.000000000000000444e-01,1.500000000000000000e+00,1.499999999999999944e-01,1.000000000000000048e-04,1.089128787157278566e-12,2.064348691988016071e-12,1.017630424371418485e-12
8.000000000000000444e-01,1.500000000000000000e+00,4.500000000000000111e-01,1.000000000000000021e-02,2.962469158873659580e-10,4.007079766810789629e-09,5.930425515791057257e-12
8.000000000000000444e-01,1.500000000000000000e+00,4.500000000000000111e-01,3.000000000000000062e-03,2.344013871891093004e-12,3.243782692114878759e-11,3.131521964684932754e-14
8.000000000000000444e-01,1.500000000000000000e+00,4.500000000000000111e-01,1.000000000000000021e-03,1.817435091311381257e-13,4.156245635885531854e-13,1.880323774289044339e-13
8.000000000000000444e-01,1.500000000000000000e+00,4.500000000000000111e-01,2.999999999999999737e-04,4.561906408184768225e-13,3.806654881465253466e-14,2.742197612316720428e-13
8.000000000000000444e-01,1.500000000000000000e+00,4.500000000000000111e-01,1.000000000000000048e-04,9.932055178296650411e-13,4.480976603324812398e-13,2.586185752266923082e-12
8.000000000000000444e-01,1.500000000000000000e+00,7.500000000000000000e-01,1.000000000000000021e-02,1.765510234917311923e-10,2.872754661384461401e-09,2.380419982356652299e-09
8.000000000000000444e-01,1.500000000000000000e+00,7.500000000000000000e-01,3.000000000000000062e-03,1.464765674748182629e-12,2.333281589784202027e-11,1.920596425095515361e-11
8.000000000000000444e-01,1.500000000000000000e+00,7.500000000000000000e-01,1.000000000000000021e-03,4.215793783921802481e-13,4.477480392713931086e-13,2.945003817391468991e-13
8.000000000000000444e-01,1.500000000000000000e+00,7.500000000000000000e-01,2.999999999999999737e-04,3.052368298658171558e-13,7.807498387488143086e-13,1.085167862719813441e-12
8.000000000000000444e-01,1.500000000000000000e+00,7.500000000000000000e-01,1.000000000000000048e-04,2.942149042159511409e-12,9.298551220969133624e-13,1.937972505733555059e-12
8.000000000000000444e-01,2.000000000000000000e+00,0.000000000000000000e+00,1.000000000000000021e-02,6.082068182422517566e-11,0.000000000000000000e+00,1.850371707708594366e-15
8.000000000000000444e-01,2.000000000000000000e+00,0.000000000000000000e+00,3.000000000000000062e-03,6.112887973586111912e-13,0.000000000000000000e+00,6.167905692361980167e-15
8.000000000000000444e-01,2.000000000000000000e+00,0.000000000000000000e+00,1.000000000000000021e-03,1.949551631241774885e-13,0.000000000000000000e+00,1.850371707708594129e-14
8.000000000000000444e-01,2.000000000000000000e+00,0.000000000000000000e+00,2.999999999999999737e-04,1.734168364464494516e-13,0.000000000000000000e+00,6.167905692361980640e-14
8.000000000000000444e-01,2.000000000000000000e+00,0.000000000000000000e+00,1.000000000000000048e-04,3.257283331947746774e-12,0.000000000000000000e+00,1.850371707708594066e-13
8.000000000000000444e-01,2.000000000000000000e+00,1.499999999999999944e-01,1.000000000000000021e-02,6.737637682001790643e-11,1.193588339276629995e-09,1.835640861536091961e-09
8.000000000000000444e-01,2.000000000000000000e+00,1.499999999999999944e-01,3.000000000000000062e-03,6.014596620919390921e-13,9.608314144315954763e-12,1.488320577891499852e-11
8.000000000000000444e-01,2.000000000000000000e+00,1.499999999999999944e-01,1.000000000000000021e-03,6.338056032218835178e-13,3.872457909892546013e-13,1.387778780781445676e-13
8.000000000000000444e-01,2.000000000000000000e+00,1.499999999999999944e-01,2.999999999999999737e-04,9.354096488929867202e-13,7.881473251813986280e-13,1.942890293094023946e-12
8.000000000000000444e-01,2.000000000000000000e+00,1.499999999999999944e-01,1.000000000000000048e-04,2.100082083227268488e-12,2.603472992745992087e-13,3.238187495924194081e-12
8.000000000000000444e-01,2.000000000000000000e+00,4.500000000000000111e-01,1.000000000000000021e-02,8.573167819639383205e-11,2.075096004407281962e-09,2.214079180072312891e-09
8.000000000000000444e-01,2.000000000000000000e+00,4.500000000000000111e-01,3.000000000000000062e-03,5.825751807795932027e-13,1.679598642120048658e-11,1.779959984513416752e-11
8.000000000000000444e-01,2.000000000000000000e+00,4.500000000000000111e-01,1.000000000000000021e-03,5.009456727876400492e-13,1.206409311274791749e-14,8.889404517150732014e-14
8.000000000000000444e-01,2.000000000000000000e+00,4.500000000000000111e-01,2.999999999999999737e-04,9.384929751831393966e-13,1.792605573343395373e-12,1.776947982414379156e-12
8.000000000000000444e-01,2.000000000000000000e+00,4.500000000000000111e-01,1.000000000000000048e-04,1.479678546276671830e-12,2.270422769415509581e-13,4.442436593248259275e-12
8.000000000000000444e-01,2.000000000000000000e+00,7.500000000000000000e-01,1.000000000000000021e-02,7.172940467014029488e-11,2.392742029792164560e-09,5.659096301306818901e-10
8.000000000000000444e-01,2.000000000000000000e+00,7.500000000000000000e-01,3.000000000000000062e-03,7.427266742893911742e-13,1.938296253194350460e-11,4.726949889611095890e-12
8.000000000000000444e-01,2.000000000000000000e+00,7.500000000000000000e-01,1.000000000000000021e-03,1.927721380166379240e-13,6.010510852805700802e-14,1.390180854785901459e-14
8.000000000000000444e-01,2.000000000000000000e+00,7.500000000000000000e-01,2.999999999999999737e-04,9.521171000660841056e-13,3.309787976278339498e-13,8.374583462556865866e-13
8.000000000000000444e-01,2.000000000000000000e+00,7.500000000000000000e-01,1.000000000000000048e-04,4.829717577412248858e-12,1.963567112157702557e-12,2.931104211891357344e-12
9.799999999999999822e-01,2.500000000000000000e-01,0.000000000000000000e+00,1.000000000000000021e-02,1.614056726814694365e-10,1.807003620809174185e-18,2.168404344971008868e-17
9.799999999999999822e-01,2.500000000000000000e-01,0.000000000000000000e+00,3.000000000000000062e-03,1.307517462356688753e-12,6.023345402697246256e-18,7.228014483236695816e-17
9.799999999999999822e-01,2.500000000000000000e-01,0.000000000000000000e+00,1.000000000000000021e-03,1.602711019454972075e-14,3.614007241618347908e-17,1.445602896647339163e-16
9.799999999999999822e-01,2.500000000000000000e-01,0.000000000000000000e+00,2.999999999999999737e-04,5.039371697712624609e-16,6.023345402697246719e-17,2.409338161078898687e-16
9.799999999999999822e-01,2.500000000000000000e-01,0.000000000000000000e+00,1.000000000000000048e-04,2.854487479719836074e-15,1.807003620809173892e-16,1.445602896647339114e-15
9.799999999999999822e-01,2.500000000000000000e-01,1.499999999999999944e-01,1.000000000000000021e-02,1.524930294885540327e-10,1.417704616896164893e-10,9.840780135217386260e-10
9.799999999999999822e-01,2.500000000000000000e-01,1.499999999999999944e-01,3.000000000000000062e-03,1.235090155149443092e-12,1.148558678720768000e-12,7.973566251706643015e-12
9.799999999999999822e-01,2.500000000000000000e-01,1.499999999999999944e-01,1.000000000000000021e-03,1.542906427620671650e-14,1.387952253129043356e-14,1.003225280626907079e-13
9.799999999999999822e-01,2.500000000000000000e-01,1.499999999999999944e-01,2.999999999999999737e-04,9.324138683375338132e-17,3.122502256758252770e-17,1.541822225448186146e-14
9.799999999999999822e-01,2.500000000000000000e-01,1.499999999999999944e-01,1.000000000000000048e-04,6.353424730765055983e-16,2.688821387764050996e-16,8.384959393481494772e-14
9.799999999999999822e-01,2.500000000000000000e-01,4.500000000000000111e-01,1.000000000000000021e-02,9.774628328962364776e-11,2.487287181773822908e-10,1.739377919474094369e-09
9.799999999999999822e-01,2.500000000000000000e-01,4.500000000000000111e-01,3.000000000000000062e-03,7.910616606210396640e-13,2.015339284344719317e-12,1.409422578646513102e-11
9.799999999999999822e-01,2.500000000000000000e-01,4.500000000000000111e-01,1.000000000000000021e-03,9.478529072737273964e-15,2.647881913730998349e-14,1.694200335577988881e-13
9.799999999999999822e-01,2.500000000000000000e-01,4.500000000000000111e-01,2.999999999999999737e-04,1.473821065189895307e-14,1.583455588871629516e-14,7.716050021144837956e-15
9.799999999999999822e-01,2.500000000000000000e-01,4.500000000000000111e-01,1.000000000000000048e-04,2.911559882079473027e-14,6.175615574477433256e-14,4.394817842978682165e-13
9.799999999999999822e-01,2.500000000000000000e-01,7.500000000000000000e-01,1.000000000000000021e-02,4.200781389407381994e-11,1.268556162892231498e-10,8.762988112920311323e-10
9.799999999999999822e-01,2.500000000000000000e-01,7.500000000000000000e-01,3.000000000000000062e-03,3.410050020136168314e-13,1.024777485092442930e-12,7.084222097830661369e-12
9.799999999999999822e-01,2.500000000000000000e-01,7.500000000000000000e-01,1.000000000000000021e-03,1.182387521225791716e-14,2.374489493917053551e-14,1.601496713021788310e-13
9.799999999999999822e-01,2.500000000000000000e-01,7.500000000000000000e-01,2.999999999999999737e-04,3.283484595328900468e-14,1.066507993030541002e-14,2.929878561985788110e-13
9.799999999999999822e-01,2.500000000000000000e-01,7.500000000000000000e-01,1.000000000000000048e-04,2.403632848313463910e-14,4.427014310692811705e-14,5.782041512247815263e-13
9.799999999999999822e-01,8.000000000000000444e-01,0.000000000000000000e+00,1.000000000000000021e-02,3.646147411773270619e-10,1.445602896647339348e-17,0.000000000000000000e+00
9.799999999999999822e-01,8.000000000000000444e-01,0.000000000000000000e+00,3.000000000000000062e-03,2.956218603245019949e-12,4.818676322157797005e-17,1.156482317317871331e-15
9.799999999999999822e-01,8.000000000000000444e-01,0.000000000000000000e+00,1.000000000000000021e-03,5.045963646921336476e-14,1.445602896647339163e-16,0.000000000000000000e+00
9.799999999999999822e-01,8.000000000000000444e-01,0.000000000000000000e+00,2.999999999999999737e-04,1.068589661201713170e-14,4.818676322157797375e-16,7.709882115452475800e-15
9.799999999999999822e-01,8.000000000000000444e-01,0.000000000000000000e+00,1.000000000000000048e-04,9.547918011776346248e-15,1.445602896647339114e-15,1.156482317317871291e-14
9.799999999999999822e-01,8.000000000000000444e-01,1.499999999999999944e-01,1.000000000000000021e-02,3.484789956598177696e-10,1.097759383394958377e-09,1.697349427676186906e-09
9.799999999999999822e-01,8.000000000000000444e-01,1.499999999999999944e-01,3.000000000000000062e-03,2.825836786790603128e-12,8.893275005306122694e-12,1.375982661144803387e-11
9.799999999999999822e-01,8.000000000000000444e-01,1.499999999999999944e-01,1.000000000000000021e-03,3.699818229563334171e-14,1.153521722585537646e-13,1.757483047981622803e-13
9.799999999999999822e-01,8.000000000000000444e-01,1.499999999999999944e-01,2.999999999999999737e-04,2.660371922758031360e-14,2.997602166487922659e-14,7.716050021144837956e-15
9.799999999999999822e-01,8.000000000000000444e-01,1.499999999999999944e-01,1.000000000000000048e-04,1.006000838188469970e-13,5.292988269900433806e-14,2.081668171172168513e-13
9.799999999999999822e-01,8.000000000000000444e-01,4.500000000000000111e-01,1.000000000000000021e-02,2.422104738997177265e-10,2.139659505129287709e-09,3.864102038342309697e-09
9.799999999999999822e-01,8.000000000000000444e-01,4.500000000000000111e-01,3.000000000000000062e-03,1.940891891649698664e-12,1.733979626550308240e-11,3.131916948007074097e-11
9.799999999999999822e-01,8.000000000000000444e-01,4.500000000000000111e-01,1.000000000000000021e-03,7.821521208484227827e-14,2.480793348524912290e-13,3.145261828763068479e-13
9.799999999999999822e-01,8.000000000000000444e-01,4.500000000000000111e-01,2.999999999999999737e-04,4.440892098500626162e-14,1.096345236817342084e-13,2.466915560717097833e-13
9.799999999999999822e-01,8.000000000000000444e-01,4.500000000000000111e-01,1.000000000000000048e-04,1.022515405679769174e-13,1.024180740216706909e-13,1.387778780781445676e-13
9.799999999999999822e-01,8.000000000000000444e-01,7.500000000000000000e-01,1.000000000000000021e-02,1.169346841578544627e-10,1.329913512648772667e-09,2.197081245483134369e-09
9.799999999999999822e-01,8.000000000000000444e-01,7.500000000000000000e-01,3.000000000000000062e-03,9.215961327413424442e-13,1.077593569931423190e-11,1.777249562958235355e-11
9.799999999999999822e-01,8.000000000000000444e-01,7.500000000000000000e-01,1.000000000000000021e-03,2.364775042451583431e-14,1.577626917992347444e-13,4.073681712848166570e-14
9.799999999999999822e-01,8.000000000000000444e-01,7.500000000000000000e-01,2.999999999999999737e-04,2.857714065385152935e-13,5.351274978693254525e-14,7.469502788676352434e-13
9.799999999999999822e-01,8.000000000000000444e-01,7.500000000000000000e-01,1.000000000000000048e-04,9.015010959956271108e-13,8.101297410689767275e-13,2.714701493443732731e-13
9.799999999999999822e-01,1.500000000000000000e+00,0.000000000000000000e+00,1.000000000000000021e-02,2.664879428238009496e-10,9.251858538542971828e-16,0.000000000000000000e+00
9.799999999999999822e-01,1.500000000000000000e+00,0.000000000000000000e+00,3.000000000000000062e-03,2.112088282046897803e-12,1.541976423090495042e-15,6.167905692361980167e-15
9.799999999999999822e-01,1.500000000000000000e+00,0.000000000000000000e+00,1.000000000000000021e-03,6.439293542825907934e-14,0.000000000000000000e+00,0.000000000000000000e+00
9.799999999999999822e-01,1.500000000000000000e+00,0.000000000000000000e+00,2.999999999999999737e-04,8.981704269217516412e-14,0.000000000000000000e+00,9.251858538542971591e-14
9.799999999999999822e-01,1.500000000000000000e+00,0.000000000000000000e+00,1.000000000000000048e-04,1.269429006356403988e-12,9.251858538542970329e-14,3.700743415417188131e-13
9.799999999999999822e-01,1.500000000000000000e+00,1.499999999999999944e-01,1.000000000000000021e-02,2.620178518597526818e-10,1.842845320787489527e-09,6.276690278639307508e-11
9.799999999999999822e-01,1.500000000000000000e+00,1.499999999999999944e-01,3.000000000000000062e-03,2.112976460466597928e-12,1.494010470892703779e-11,5.674349878859175078e-13
9.799999999999999822e-01,1.500000000000000000e+00,1.499999999999999944e-01,1.000000000000000021e-03,1.821875983409881883e-13,3.097522238704186748e-14,2.775557561562891351e-14
9.799999999999999822e-01,1.500000000000000000e+00,1.499999999999999944e-01,2.999999999999999737e-04,7.960299086562372395e-14,1.389444115318383410e-13,1.540989558179717278e-13
9.799999999999999822e-01,1.500000000000000000e+00,1.499999999999999944e-01,1.000000000000000048e-04,2.724487302430134150e-13,1.264321980443128268e-12,3.700817430285496812e-12
9.799999999999999822e-01,1.500000000000000000e+00,4.500000000000000111e-01,1.000000000000000021e-02,2.226464568266806054e-10,3.619440393668352812e-09,1.082086431517116196e-09
9.799999999999999822e-01,1.500000000000000000e+00,4.500000000000000111e-01,3.000000000000000062e-03,1.778577285449500778e-12,2.932100907239877260e-11,8.607323822532000325e-12
9.799999999999999822e-01,1.500000000000000000e+00,4.500000000000000111e-01,1.000000000000000021e-03,2.104982854689296801e-13,3.518823858924838608e-13,3.158595217241153756e-14
9.799999999999999822e-01,1.500000000000000000e+00,4.500000000000000111e-01,2.999999999999999737e-04,4.402034292638745683e-13,1.049134076998100863e-13,6.116741122615726695e-13
9.799999999999999822e-01,1.500000000000000000e+00,4.500000000000000111e-01,1.000000000000000048e-04,1.255995307758439594e-12,6.618698203880637196e-14,1.264956642289798295e-13
9.799999999999999822e-01,1.500000000000000000e+00,7.500000000000000000e-01,1.000000000000000021e-02,9.793469906500822425e-11,2.363901854836893391e-09,1.960320412659873370e-09
9.799999999999999822e-01,1.500000000000000000e+00,7.500000000000000000e-01,3.000000000000000062e-03,7.288830910856788017e-13,1.913539251311492674e-11,1.589955590504719782e-11
9.799999999999999822e-01,1.500000000000000000e+00,7.500000000000000000e-01,1.000000000000000021e-03,4.210589344006397121e-15,1.800033129951702209e-13,1.259438599863767415e-13
9.799999999999999822e-01,1.500000000000000000e+00,7.500000000000000000e-01,2.999999999999999737e-04,2.109806017728919748e-13,3.998057455974715036e-13,1.400495723048270067e-13
9.799999999999999822e-01,1.500000000000000000e+00,7.500000000000000000e-01,1.000000000000000048e-04,1.631152236229906832e-12,1.407727522395696245e-12,5.878051833287284484e-13
9.799999999999999822e-01,2.000000000000000000e+00,0.000000000000000000e+00,1.000000000000000021e-02,9.609474915002215069e-11,9.251858538542971828e-16,5.551115123125782702e-15
9.799999999999999822e-01,2.000000000000000000e+00,0.000000000000000000e+00,3.000000000000000062e-03,7.854773665498768783e-13,3.083952846180990083e-15,2.467162276944792067e-14
9.799999999999999822e-01,2.000000000000000000e+00,0.000000000000000000e+00,1.000000000000000021e-03,7.386880754592995125e-14,2.775557561562891351e-14,5.551115123125782702e-14
9.799999999999999822e-01,2.000000000000000000e+00,0.000000000000000000e+00,2.999999999999999737e-04,3.285533737019668449e-13,1.233581138472396128e-13,1.233581138472396128e-13
9.799999999999999822e-01,2.000000000000000000e+00,0.000000000000000000e+00,1.000000000000000048e-04,1.351919150631775826e-12,9.251858538542970329e-14,0.000000000000000000e+00
9.799999999999999822e-01,2.000000000000000000e+00,1.499999999999999944e-01,1.000000000000000021e-02,9.453838722670289289e-11,1.528553728036285975e-09,1.074517363974791806e-09
9.799999999999999822e-01,2.000000000000000000e+00,1.499999999999999944e-01,3.000000000000000062e-03,7.763541696397528093e-13,1.226518886454641688e-11,8.844813770281234611e-12
9.799999999999999822e-01,2.000000000000000000e+00,1.499999999999999944e-01,1.000000000000000021e-03,1.676898441694076958e-14,3.641531520770513453e-13,2.498001805406602216e-13
9.799999999999999822e-01,2.000000000000000000e+00,1.499999999999999944e-01,2.999999999999999737e-04,1.515849779471972570e-13,7.116529587847253424e-14,0.000000000000000000e+00
9.799999999999999822e-01,2.000000000000000000e+00,1.499999999999999944e-01,1.000000000000000048e-04,3.358777769848631034e-13,4.222178162649470323e-13,4.996003610813204432e-12
9.799999999999999822e-01,2.000000000000000000e+00,4.500000000000000111e-01,1.000000000000000021e-02,8.021172202153225995e-11,2.287490249545247123e-09,7.872428494433543297e-10
9.799999999999999822e-01,2.000000000000000000e+00,4.500000000000000111e-01,3.000000000000000062e-03,7.509405797476996145e-13,1.851277316103350924e-11,6.312109062121945456e-12
9.799999999999999822e-01,2.000000000000000000e+00,4.500000000000000111e-01,1.000000000000000021e-03,2.922248371703534872e-13,2.591178553473285517e-14,4.666279404914229776e-13
9.799999999999999822e-01,2.000000000000000000e+00,4.500000000000000111e-01,2.999999999999999737e-04,8.509683157162206894e-13,1.946650106558922223e-13,1.213888136677338312e-12
9.799999999999999822e-01,2.000000000000000000e+00,4.500000000000000111e-01,1.000000000000000048e-04,4.513635041945733198e-12,4.705493154668714387e-13,4.096821251005460875e-12
9.799999999999999822e-01,2.000000000000000000e+00,7.500000000000000000e-01,1.000000000000000021e-02,5.131956978325209422e-11,2.063029225972162440e-09,9.968108490454365261e-10
9.799999999999999822e-01,2.000000000000000000e+00,7.500000000000000000e-01,3.000000000000000062e-03,3.784027597209066573e-13,1.669590804220146011e-11,7.968225070984666438e-12
9.799999999999999822e-01,2.000000000000000000e+00,7.500000000000000000e-01,1.000000000000000021e-03,2.172240561421343671e-13,1.882727250202177829e-13,2.915757892225437452e-14
9.799999999999999822e-01,2.000000000000000000e+00,7.500000000000000000e-01,2.999999999999999737e-04,9.423349624101843832e-13,2.344251829045513336e-14,2.182453512142470429e-12
9.799999999999999822e-01,2.000000000000000000e+00,7.500000000000000000e-01,1.000000000000000048e-04,2.198330639338770751e-12,2.587614472048300774e-12,2.182453512141518445e-12
