t_over_tau,force_low_packet,force_high_packet
0.000000000000000000e+00,7.004709073695067345e-02,2.781052877325611034e-03
3.749999999999999861e-02,7.024424658008733557e-02,5.453974411499053904e-03
7.499999999999999722e-02,7.043414598761765788e-02,8.028517512220693583e-03
1.124999999999999889e-01,7.061705603687938593e-02,1.050830305501742647e-02
1.499999999999999944e-01,7.079323397527328976e-02,1.289681864698404533e-02
1.875000000000000000e-01,7.096292758205981210e-02,1.519742353180542072e-02
2.249999999999999778e-01,7.112637551683954895e-02,1.741335331424663860e-02
2.625000000000000111e-01,7.128380765520736517e-02,1.954772451075533976e-02
2.999999999999999889e-01,7.143544541205307241e-02,2.160353893257660821e-02
3.374999999999999667e-01,7.158150205296269497e-02,2.358368790754483343e-02
3.750000000000000000e-01,7.172218299415772380e-02,2.549095634648983200e-02
4.124999999999999778e-01,7.185768609139663032e-02,2.732802665997674171e-02
4.499999999999999556e-01,7.198820191824095716e-02,2.909748253088798725e-02
4.874999999999999889e-01,7.211391403408162759e-02,3.080181254815304165e-02
5.250000000000000222e-01,7.223499924229925817e-02,3.244341370673674979e-02
5.625000000000000000e-01,7.235162783892300220e-02,3.402459477880866168e-02
5.999999999999999778e-01,7.246396385213767222e-02,3.554757956083411802e-02
6.374999999999999556e-01,7.257216527297503939e-02,3.701451000115477119e-02
6.749999999999999334e-01,7.267638427751507701e-02,3.842744921245641598e-02
7.125000000000000222e-01,7.277676744090837146e-02,3.978838437336100486e-02
7.500000000000000000e-01,7.287345594352193090e-02,4.109922952322431211e-02
7.874999999999999778e-01,7.296658576949724417e-02,4.236182825406903385e-02
8.249999999999999556e-01,7.305628789799990808e-02,4.357795630344006577e-02
8.624999999999999334e-01,7.314268848743125939e-02,4.474932405182795864e-02
8.999999999999999112e-01,7.322590905285943086e-02,4.587757892817342920e-02
9.375000000000000000e-01,7.330606663691932590e-02,4.696430772683563709e-02
9.749999999999999778e-01,7.338327397442392930e-02,4.801103883928351662e-02
1.012499999999999956e+00,7.345763965091531289e-02,4.901924440364805596e-02
1.050000000000000044e+00,7.352926825538189104e-02,4.999034237515906365e-02
1.087499999999999911e+00,7.359826052735339574e-02,5.092569852037843320e-02
1.125000000000000000e+00,7.366471349858208506e-02,5.182662833803461377e-02
1.162499999999999867e+00,7.372872062951053851e-02,5.269439890915927904e-02
1.199999999999999956e+00,7.379037194071511041e-02,5.353023067912897337e-02
1.237500000000000044e+00,7.384975413951254397e-02,5.433529917411751564e-02
1.274999999999999911e+00,7.390695074190621605e-02,5.511073665437331293e-02
1.312500000000000000e+00,7.396204219004441638e-02,5.585763370664731386e-02
1.349999999999999867e+00,7.401510596535522402e-02,5.657704077800970732e-02
1.387499999999999956e+00,7.406621669751790871e-02,5.726996965321484029e-02
1.425000000000000044e+00,7.411544626942259684e-02,5.793739487769000024e-02
1.462499999999999911e+00,7.416286391826791558e-02,5.858025512815055735e-02
1.500000000000000000e+00,7.420853633293721108e-02,5.919945453276874436e-02
1.537499999999999867e+00,7.425252774779048104e-02,5.979586394275301919e-02
1.574999999999999956e+00,7.429490003300479040e-02,6.037032215712610783e-02
1.612500000000000044e+00,7.433571278158938866e-02,6.092363710242408581e-02
1.649999999999999911e+00,7.437502339319783384e-02,6.145658696897658702e-02
1.687500000000000000e+00,7.441288715485624983e-02,6.196992130536505688e-02
1.724999999999999867e+00,7.444935731871958617e-02,6.246436207259885992e-02
1.762499999999999956e+00,7.448448517696611149e-02,6.294060465949204153e-02
1.799999999999999822e+00,7.451832013393566712e-02,6.339931886066846323e-02
1.837499999999999911e+00,7.455090977561255883e-02,6.384114981857087756e-02
1.875000000000000000e+00,7.458229993655131340e-02,6.426671893079878572e-02
1.912499999999999867e+00,7.461253476433872545e-02,6.467662472405096008e-02
1.949999999999999956e+00,7.464165678168442619e-02,6.507144369590298072e-02
1.987499999999999822e+00,7.466970694622454552e-02,6.545173112560111195e-02
2.024999999999999911e+00,7.469672470812574461e-02,6.581802185501575697e-02
2.062500000000000000e+00,7.472274806556830629e-02,6.617083104085084988e-02
2.100000000000000089e+00,7.474781361818734482e-02,6.651065487916781038e-02
2.137499999999999734e+00,7.477195661854701969e-02,6.683797130324313496e-02
2.174999999999999822e+00,7.479521102172057012e-02,6.715324065574088119e-02
2.212499999999999911e+00,7.481760953304472661e-02,6.745690633614515042e-02
2.250000000000000000e+00,7.483918365411745821e-02,6.774939542436399231e-02
2.287500000000000089e+00,7.485996372710186642e-02,6.803111928138050324e-02
2.324999999999999734e+00,7.487997897740039654e-02,6.830247412779769101e-02
2.362499999999999822e+00,7.489925755475707048e-02,6.856384160108816572e-02
2.399999999999999911e+00,7.491782657284871971e-02,6.881558929233540234e-02
2.437500000000000000e+00,7.493571214741708009e-02,6.905807126321873712e-02
2.475000000000000089e+00,7.495293943299910500e-02,6.929162854397158400e-02
2.512499999999999734e+00,7.496953265830420821e-02,6.951658961301082629e-02
2.549999999999999822e+00,7.498551516029001995e-02,6.973327085891385668e-02
2.587499999999999911e+00,7.500090941698395186e-02,6.994197702539246830e-02
2.625000000000000000e+00,7.501573707909668653e-02,7.014300163988868020e-02
2.662500000000000089e+00,7.503001900047130690e-02,7.033662742639575083e-02
2.699999999999999734e+00,7.504377526741377868e-02,7.052312670308626130e-02
2.737499999999999822e+00,7.505702522694136791e-02,7.070276176530342072e-02
2.774999999999999911e+00,7.506978751399338845e-02,7.087578525445804856e-02
2.812500000000000000e+00,7.508208007763934877e-02,7.104244051334636378e-02
2.850000000000000089e+00,7.509392020632259246e-02,7.120296192839137284e-02
2.887499999999999734e+00,7.510532455217532044e-02,7.135757525928738965e-02
2.924999999999999822e+00,7.511630915443842649e-02,7.150649795651163598e-02
2.962499999999999911e+00,7.512688946201917517e-02,7.164993946714995343e-02
3.000000000000000000e+00,7.513708035521869666e-02,7.178810152946624168e-02
3.037500000000000089e+00,7.514689616666006544e-02,7.192117845663005549e-02
3.074999999999999734e+00,7.515635070144574548e-02,7.204935741000162430e-02
3.112499999999999822e+00,7.516545725657348964e-02,7.217281866235851495e-02
3.149999999999999911e+00,7.517422863963721391e-02,7.229173585143343350e-02
3.187500000000000000e+00,7.518267718683992185e-02,7.240627622412150466e-02
3.225000000000000089e+00,7.519081478034334021e-02,7.251660087169825575e-02
3.262499999999999734e+00,7.519865286497960655e-02,7.262286495638126116e-02
3.299999999999999822e+00,7.520620246434682465e-02,7.272521792955211062e-02
3.337499999999999911e+00,7.521347419631337072e-02,7.282380374194746819e-02
3.375000000000000000e+00,7.522047828795068447e-02,7.291876104611308418e-02
3.412500000000000089e+00,7.522722458991697170e-02,7.301022339140719741e-02
3.449999999999999734e+00,7.523372259031115006e-02,7.309831941182619308e-02
3.487499999999999822e+00,7.523998142801723021e-02,7.318317300691719318e-02
3.524999999999999911e+00,7.524600990555704860e-02,7.326490351603232032e-02
3.562500000000000000e+00,7.525181650147087786e-02,7.334362588616956391e-02
3.599999999999999645e+00,7.525740938224100007e-02,7.341945083363550506e-02
3.637499999999999734e+00,7.526279641377765783e-02,7.349248499975859217e-02
3.674999999999999822e+00,7.526798517248192710e-02,7.356283110087132038e-02
3.712499999999999911e+00,7.527298295590081900e-02,7.363058807277153561e-02
3.750000000000000000e+00,7.527779679299080595e-02,7.369585120986742177e-02
3.787499999999999645e+00,7.528243345400363606e-02,7.375871229920112626e-02
3.824999999999999734e+00,7.528689946000818867e-02,7.381925974953928993e-02
3.862499999999999822e+00,7.529120109206120792e-02,7.387757871571222490e-02
3.899999999999999911e+00,7.529534440004177764e-02,7.393375121837711395e-02
3.937500000000000000e+00,7.529933521115965422e-02,7.398785625937354116e-02
3.974999999999999645e+00,7.530317913815047504e-02,7.403996993283167016e-02
4.012500000000000178e+00,7.530688158717017966e-02,7.409016553219358037e-02
4.049999999999999822e+00,7.531044776539785879e-02,7.413851365329310328e-02
4.087499999999999467e+00,7.531388268835931266e-02,7.418508229364342843e-02
4.125000000000000000e+00,7.531719118698113058e-02,7.422993694806973020e-02
4.162499999999999645e+00,7.532037791438471463e-02,7.427314070082195741e-02
4.200000000000000178e+00,7.532344735243064193e-02,7.431475431429740430e-02
4.237499999999999822e+00,7.532640381802198359e-02,7.435483631449825437e-02
4.274999999999999467e+00,7.532925146917576753e-02,7.439344307334280759e-02
4.312500000000000000e+00,7.533199431087074516e-02,7.443062888794814425e-02
4.349999999999999645e+00,7.533463620068001076e-02,7.446644605699435926e-02
4.387500000000000178e+00,7.533718085419650878e-02,7.450094495427819763e-02
4.424999999999999822e+00,7.533963185025868703e-02,7.453417409955964690e-02
4.462499999999999467e+00,7.534199263598354013e-02,7.456618022680022717e-02
4.500000000000000000e+00,7.534426653161523102e-02,7.459700834989137219e-02
4.537499999999999645e+00,7.534645673519406450e-02,7.462670182596148338e-02
4.575000000000000178e+00,7.534856632705498602e-02,7.465530241635498498e-02
4.612499999999999822e+00,7.535059827415904743e-02,7.468285034536546740e-02
4.649999999999999467e+00,7.535255543426669367e-02,7.470938435680808676e-02
4.687500000000000000e+00,7.535444055995708934e-02,7.473494176850949133e-02
4.724999999999999645e+00,7.535625630249875861e-02,7.475955852479164443e-02
4.762500000000000178e+00,7.535800521557885212e-02,7.478326924702489997e-02
4.799999999999999822e+00,7.535968975889481558e-02,7.480610728232026108e-02
4.837499999999999467e+00,7.536131230161301209e-02,7.482810475042837861e-02
4.875000000000000000e+00,7.536287512570177816e-02,7.484929258891410975e-02
4.912499999999999645e+00,7.536438042913988500e-02,7.486970059666717137e-02
4.950000000000000178e+00,7.536583032900853740e-02,7.488935747581167146e-02
4.987499999999999822e+00,7.536722686446821473e-02,7.490829087207345749e-02
5.024999999999999467e+00,7.536857199962714027e-02,7.492652741366137570e-02
5.062500000000000000e+00,7.536986762630321079e-02,7.494409274871728643e-02
5.099999999999999645e+00,7.537111556668517343e-02,7.496101158138866738e-02
5.137500000000000178e+00,7.537231757589468728e-02,7.497730770657201615e-02
5.174999999999999822e+00,7.537347534445540398e-02,7.499300404337914949e-02
5.212499999999999467e+00,7.537459050067002453e-02,7.500812266737040546e-02
5.250000000000000000e+00,7.537566461291078657e-02,7.502268484160237727e-02
5.287499999999999645e+00,7.537669919182513056e-02,7.503671104653257540e-02
5.325000000000000178e+00,7.537769569246013934e-02,7.505022100882302594e-02
5.362499999999999822e+00,7.537865551630909544e-02,7.506323372908485503e-02
5.399999999999999467e+00,7.537958001328233515e-02,7.507576750860045500e-02
5.437500000000000000e+00,7.538047048360614621e-02,7.508783997506283947e-02
5.474999999999999645e+00,7.538132817965124965e-02,7.509946810736746470e-02
5.512500000000000178e+00,7.538215430769394654e-02,7.511066825949187786e-02
5.549999999999999822e+00,7.538295002961298286e-02,7.512145618349563847e-02
5.587499999999999467e+00,7.538371646452345087e-02,7.513184705167487432e-02
5.625000000000000000e+00,7.538445469035089108e-02,7.514185547790053210e-02
5.662499999999999645e+00,7.538516574534676051e-02,7.515149553817107586e-02
5.700000000000000178e+00,7.538585062954944460e-02,7.516078079041019211e-02
5.737499999999999822e+00,7.538651030619035465e-02,7.516972429353405150e-02
5.774999999999999467e+00,7.538714570304838603e-02,7.517833862581789484e-02
5.812500000000000000e+00,7.538775771375505474e-02,7.518663590258606311e-02
5.849999999999999645e+00,7.538834719905121440e-02,7.519462779325135349e-02
5.887500000000000178e+00,7.538891498799790702e-02,7.520232553772725204e-02
5.924999999999999822e+00,7.538946187914177810e-02,7.520973996223551117e-02
5.962499999999999467e+00,7.538998864163862224e-02,7.521688149453245598e-02
6.000000000000000000e+00,7.539049601633494857e-02,7.522376017857480834e-02
