time,ue_0,ue_1,uph_0,uph_1,escape,total
0.000000000000000000e+00,2.973901998852166439e-01,2.973901998852166439e-01,5.027395777034249225e-01,2.739577703424749856e-03,0.000000000000000000e+00,1.100259555177282911e+00
1.250000000000000000e-01,3.119414138412633930e-01,2.974176622029617301e-01,4.805233421705192853e-01,2.739611237980295495e-03,7.637525724558249379e-03,1.100259555177282911e+00
2.500000000000000000e-01,3.257219745577861758e-01,2.974978357252477945e-01,4.593636589506417955e-01,2.739838822476464188e-03,1.493624712113052200e-02,1.100259555177282689e+00
3.750000000000000000e-01,3.387699001565478429e-01,2.976275312430955999e-01,4.392094136648893032e-01,2.740435541876331833e-03,2.191227457087385755e-02,1.100259555177283133e+00
5.000000000000000000e-01,3.511213336625903514e-01,2.978037269240386697e-01,4.200119953058540356e-01,2.741557186907848508e-03,2.858094209789202242e-02,1.100259555177282911e+00
6.250000000000000000e-01,3.628106372797116341e-01,2.980235596907438445e-01,4.017251712863696422e-01,2.743341698608230995e-03,3.495684522184962228e-02,1.100259555177282911e+00
7.500000000000000000e-01,3.738704815984470464e-01,2.982843170626338636e-01,3.843049691313643046e-01,2.745910515000001689e-03,4.105387686983771878e-02,1.100259555177282911e+00
8.750000000000000000e-01,3.843319305042790512e-01,2.985834293857840271e-01,3.677095638017895962e-01,2.749369839251584232e-03,4.688526164617873998e-02,1.100259555177282911e+00
1.000000000000000000e+00,3.942245214668539943e-01,2.989184624878902241e-01,3.518991710883104806e-01,2.753811818778826963e-03,5.246358831544942203e-02,1.100259555177282911e+00
1.125000000000000000e+00,4.035763414317808939e-01,2.992871107388398455e-01,3.368359467889271430e-01,2.759315639921997368e-03,5.780084057781310208e-02,1.100259555177283133e+00
1.250000000000000000e+00,4.124140989145623770e-01,2.996871904584293977e-01,3.224838908802294402e-01,2.765948553246938123e-03,6.290842637081472954e-02,1.100259555177282689e+00
1.375000000000000000e+00,4.207631928980009040e-01,3.001166336125999923e-01,3.088087558895865614e-01,2.773766844568186646e-03,6.779720593252712424e-02,1.100259555177282689e+00
1.500000000000000000e+00,4.286477784402408231e-01,3.005734818105101347e-01,2.957779595999188160e-01,2.782816747785675417e-03,7.247751857882735183e-02,1.100259555177282911e+00
1.625000000000000000e+00,4.360908270845931245e-01,3.010558807998710007e-01,2.833605046347054679e-01,2.793135246005807280e-03,7.695920741210743321e-02,1.100259555177282911e+00
1.750000000000000000e+00,4.431141861133257587e-01,3.015620750491291302e-01,2.715268995457588153e-01,2.804750870744129529e-03,8.125164359832509620e-02,1.100259555177282911e+00
1.875000000000000000e+00,4.497386341736663296e-01,3.020904026712933899e-01,2.602490846995914042e-01,2.817684430139941014e-03,8.536374920259180710e-02,1.100259555177282911e+00
2.000000000000000000e+00,4.559839340688479625e-01,3.026392906102836067e-01,2.495003619124716021e-01,2.831949686999928571e-03,8.930401889867989329e-02,1.100259555177283133e+00
2.125000000000000000e+00,4.618688826951044546e-01,3.032072500933657988e-01,2.392553278636910252e-01,2.847553985254183857e-03,9.308054053986755672e-02,1.100259555177283133e+00
2.250000000000000000e+00,4.674113584855327796e-01,3.037928723141473109e-01,2.294898108087882194e-01,2.864498833667979312e-03,9.670101473514651491e-02,1.100259555177282911e+00
2.375000000000000000e+00,4.726283667472884198e-01,3.043948243079862559e-01,2.201808100804347190e-01,2.882780456350745972e-03,1.001727735852227796e-01,1.100259555177282911e+00
2.500000000000000000e+00,4.775360831512077686e-01,3.050118449947058497e-01,2.113064380346971749e-01,2.902390316191019899e-03,1.035027986804810812e-01,1.100259555177282911e+00
2.625000000000000000e+00,4.821498938157052772e-01,3.056427415493644384e-01,2.028458665252176885e-01,2.923315568587893029e-03,1.066977377184076536e-01,1.100259555177282911e+00
2.750000000000000000e+00,4.864844340619537411e-01,3.062863858893802860e-01,1.947792751351982710e-01,2.945539500645160368e-03,1.097639205901054377e-01,1.100259555177282911e+00
2.875000000000000000e+00,4.905536254566269516e-01,3.069417113184288448e-01,1.870878016815545886e-01,2.969041944713629328e-03,1.127073747759586991e-01,1.100259555177282689e+00
3.000000000000000000e+00,4.943707108376036441e-01,3.076077093592939349e-01,1.797534953995892359e-01,2.993799657298943252e-03,1.155338399234971530e-01,1.100259555177282911e+00
3.125000000000000000e+00,4.979482874695953520e-01,3.082834267614552592e-01,1.727592726148248770e-01,3.019786666989210389e-03,1.182487816644181428e-01,1.100259555177282911e+00
3.250000000000000000e+00,5.012983384661211517e-01,3.089679626702492854e-01,1.660888747209200988e-01,3.046974594331488574e-03,1.208574047256608941e-01,1.100259555177282911e+00
3.375000000000000000e+00,5.044322627322452846e-01,3.096604659323564657e-01,1.597268281249668298e-01,3.075332949719483677e-03,1.233646654379948471e-01,1.100259555177283133e+00
3.500000000000000000e+00,5.073609036825008634e-01,3.103601325123722665e-01,1.536584058214710558e-01,3.104829415354710617e-03,1.257752837455839434e-01,1.100259555177282911e+00
3.625000000000000000e+00,5.100945768496945032e-01,3.110662030093646613e-01,1.478695904418015628e-01,3.135430113768441530e-03,1.280937547626536943e-01,1.100259555177282911e+00
3.750000000000000000e+00,5.126430948825652090e-01,3.117779604272752358e-01,1.423470407884510625e-01,3.167099823597308884e-03,1.303243592553939845e-01,1.100259555177282689e+00
3.875000000000000000e+00,5.150157922049776182e-01,3.124947279677202649e-01,1.370780588162520131e-01,3.199802201012267450e-03,1.324711739873208061e-01,1.100259555177282911e+00
4.000000000000000000e+00,5.172215484890108073e-01,3.132158669323201750e-01,1.320505581948087370e-01,3.233499984330175017e-03,1.345380815768128513e-01,1.100259555177282689e+00
4.125000000000000000e+00,5.192688108509084799e-01,3.139407747444193375e-01,1.272530345744164182e-01,3.268155178850106184e-03,1.365287798286885235e-01,1.100259555177282911e+00
4.250000000000000000e+00,5.211656148740336780e-01,3.146688830798534120e-01,1.226745374176003156e-01,3.303729224626484121e-03,1.384467905811691268e-01,1.100259555177282911e+00
4.375000000000000000e+00,5.229196045165738216e-01,3.153996561013462374e-01,1.183046433194271385e-01,3.340183148159796105e-03,1.402954680917758434e-01,1.100259555177282689e+00
4.500000000000000000e+00,5.245380510678656627e-01,3.161325887803025925e-01,1.141334305977642904e-01,3.377477701688511372e-03,1.420780070296617514e-01,1.100259555177282689e+00
4.625000000000000000e+00,5.260278713172144016e-01,3.168672052897600344e-01,1.101514549346621491e-01,3.415573493765730866e-03,1.437974501418804174e-01,1.100259555177282911e+00
4.750000000000000000e+00,5.273956450990797684e-01,3.176030574522702432e-01,1.063497258500358533e-01,3.454431114804147954e-03,1.454566956610927053e-01,1.100259555177282689e+00
4.875000000000000000e+00,5.286476317515486079e-01,3.183397232899504159e-01,1.027196846282118770e-01,3.494011246006350699e-03,1.470585042615656091e-01,1.100259555177282911e+00
5.000000000000000000e+00,5.297897848972494828e-01,3.190768057368453259e-01,9.925318448854944520e-02,3.534274736918932569e-03,1.486055053177195162e-01,1.100259555177282689e+00
5.125000000000000000e+00,5.308277678609756300e-01,3.198139312793455424e-01,9.594246990227914273e-02,3.575182708055443803e-03,1.501002034266271656e-01,1.100259555177282911e+00
5.250000000000000000e+00,5.317669676767791120e-01,3.205507487325897076e-01,9.278015779643922212e-02,3.616696627866173522e-03,1.515449843436085242e-01,1.100259555177282689e+00
5.375000000000000000e+00,5.326125085462950492e-01,3.212869280656518445e-01,8.975921949173257253e-02,3.658778385128257093e-03,1.529421206884750417e-01,1.100259555177282911e+00
5.500000000000000000e+00,5.333692645391131526e-01,3.220221592968526281e-01,8.687296365473967663e-02,3.701390351565437067e-03,1.542937773350120390e-01,1.100259555177282911e+00
5.625000000000000000e+00,5.340418716342507643e-01,3.227561514494676764e-01,8.411502013194575855e-02,3.744495436732220729e-03,1.556020165248865605e-01,1.100259555177282911e+00
5.750000000000000000e+00,5.346347392059052073e-01,3.234886315576824822e-01,8.147932452751247001e-02,3.788057137297024500e-03,1.568688027488858994e-01,1.100259555177283133e+00
5.875000000000000000e+00,5.351520610566555813e-01,3.242193437126532074e-01,7.896010338672410089e-02,3.832039582858813055e-03,1.580960074383910285e-01,1.100259555177282689e+00
6.000000000000000000e+00,5.355978261012985797e-01,3.249480481385226827e-01,7.655185984703982705e-02,3.876407580431835524e-03,1.592854135099899815e-01,1.100259555177282911e+00
6.125000000000000000e+00,5.359758284232956083e-01,3.256745203264235222e-01,7.424936012958209541e-02,3.921126651158806167e-03,1.604387196468227694e-01,1.100259555177282689e+00
6.250000000000000000e+00,5.362896759963809989e-01,3.263985502975350061e-01,7.204762181927812370e-02,3.966163043058310370e-03,1.615575440210304803e-01,1.100259555177282911e+00
6.375000000000000000e+00,5.365428002071543911e-01,3.271199417812111765e-01,6.994190107130349165e-02,4.011483768033345838e-03,1.626434283495805655e-01,1.100259555177282911e+00
6.500000000000000000e+00,5.367384643286698953e-01,3.278385114939362799e-01,6.792768122327837166e-02,4.057056620868070354e-03,1.636978415105303508e-01,1.100259555177282911e+00
6.625000000000000000e+00,5.368797717078932497e-01,3.285540884427295971e-01,6.600066179092008156e-02,4.102850197389623643e-03,1.647221830383503727e-01,1.100259555177282911e+00
6.750000000000000000e+00,5.369696734900253343e-01,3.292665132707293663e-01,6.415674808461219181e-02,4.148833907877668217e-03,1.657177864240382270e-01,1.100259555177282689e+00
6.875000000000000000e+00,5.370109759297512220e-01,3.299756376401309921e-01,6.239204137980398912e-02,4.194977986597094727e-03,1.666859222409996233e-01,1.100259555177282911e+00
7.000000000000000000e+00,5.370063473528386977e-01,3.306813236463181926e-01,6.070282955623497456e-02,4.241253498627065369e-03,1.676278011232640308e-01,1.100259555177283133e+00
7.125000000000000000e+00,5.369583248315195068e-01,3.313834432570234023e-01,5.908557812097832429e-02,4.287632345159487351e-03,1.685445766226020547e-01,1.100259555177282911e+00
7.250000000000000000e+00,5.368693206370762638e-01,3.320818777703572477e-01,5.753692153029715817e-02,4.334087268440077814e-03,1.694373479711121233e-01,1.100259555177282911e+00
7.375000000000000000e+00,5.367416285178976398e-01,3.327765172870397747e-01,5.605365474565172229e-02,4.380591857219218871e-03,1.703071627694746071e-01,1.100259555177282911e+00
7.500000000000000000e+00,5.365774291074197899e-01,3.334672602656342244e-01,5.463272595697510337e-02,4.427120538468839496e-03,1.711550193087849892e-01,1.100259555177282911e+00
7.625000000000000000e+00,5.363787953097809424e-01,3.341540130771394890e-01,5.327122933590570930e-02,4.473648572452878711e-03,1.719818688820038410e-01,1.100259555177282689e+00
7.750000000000000000e+00,5.361476977287651380e-01,3.348366895524250708e-01,5.196639773119166028e-02,4.520152052584354777e-03,1.727886181123166609e-01,1.100259555177282911e+00
7.875000000000000000e+00,5.358860095888651198e-01,3.355152105773315796e-01,5.071559604544374766e-02,4.566607898309130512e-03,1.735761310673334390e-01,1.100259555177282911e+00
8.000000000000000000e+00,5.355955114697841246e-01,3.361895037035346201e-01,4.951631486240720692e-02,4.612993847820864857e-03,1.743452312937361082e-01,1.100259555177282911e+00
8.125000000000000000e+00,5.352778957690408346e-01,3.368595027836707723e-01,4.836616443924796060e-02,4.659288448792724482e-03,1.750967037365306345e-01,1.100259555177283133e+00
8.250000000000000000e+00,5.349347709308404086e-01,3.375251476270735296e-01,4.726286901265311369e-02,4.705471047733521262e-03,1.758312965589822474e-01,1.100259555177282911e+00
8.375000000000000000e+00,5.345676654793722893e-01,3.381863836724764427e-01,4.620426136754539337e-02,4.751521778575952711e-03,1.765497228793129481e-01,1.100259555177283133e+00
8.500000000000000000e+00,5.341780318946962591e-01,3.388431616740319452e-01,4.518827761721119773e-02,4.797421551104611229e-03,1.772526624402390449e-01,1.100259555177283133e+00
8.625000000000000000e+00,5.337672503693797754e-01,3.394954373970010542e-01,4.421295214364227844e-02,4.843152039831415817e-03,1.779407632274283002e-01,1.100259555177282911e+00
8.750000000000000000e+00,5.333366324759551969e-01,3.401431713202499596e-01,4.327641265775189483e-02,4.888695673784070397e-03,1.786146430495418325e-01,1.100259555177282911e+00
8.875000000000000000e+00,5.328874242515495574e-01,3.407863283935242960e-01,4.237687604212064807e-02,4.934035618387550177e-03,1.792748908717007317e-01,1.100259555177282689e+00
9.000000000000000000e+00,5.324208092943156778e-01,3.414248777918568178e-01,4.151264417806119211e-02,4.979155759874608414e-03,1.799220681531744914e-01,1.100259555177282911e+00
9.125000000000000000e+00,5.319379119639597864e-01,3.420587926580589411e-01,4.068209963320525840e-02,5.024040694011901349e-03,1.805567102280472291e-01,1.100259555177283133e+00
9.250000000000000000e+00,5.314398002189930637e-01,3.426880498789861562e-01,3.988370183686724968e-02,5.068675710382912133e-03,1.811793275320536800e-01,1.100259555177283133e+00
9.375000000000000000e+00,5.309274883692088887e-01,3.433126298683944477e-01,3.911598336944138721e-02,5.113046777398809820e-03,1.817904067928392819e-01,1.100259555177282911e+00
9.500000000000000000e+00,5.304019396660826224e-01,3.439325163639146976e-01,3.837754646960980093e-02,5.157140526638450025e-03,1.823904121510372955e-01,1.100259555177282911e+00
9.625000000000000000e+00,5.298640687536332328e-01,3.445476962360338735e-01,3.766705972909803468e-02,5.200944236809871939e-03,1.829797862217079629e-01,1.100259555177283133e+00
9.750000000000000000e+00,5.293147440022830663e-01,3.451581593069749654e-01,3.698325494471550734e-02,5.244445817625419115e-03,1.835589511056838485e-01,1.100259555177282689e+00
9.875000000000000000e+00,5.287547897482548498e-01,3.457638981773615283e-01,3.632492409741749917e-02,5.287633793882889899e-03,1.841283093603662546e-01,1.100259555177282911e+00
1.000000000000000000e+01,5.281849884610387846e-01,3.463649080585562423e-01,3.569091642812592668e-02,5.330497290044837987e-03,1.846882449395171877e-01,1.100259555177283133e+00
1.012500000000000000e+01,5.276060828614730358e-01,3.469611866085642315e-01,3.508013558004591248e-02,5.373026015608394282e-03,1.852391241115915188e-01,1.100259555177283133e+00
1.025000000000000000e+01,5.270187779051200838e-01,3.475527337796378013e-01,3.449153692207016647e-02,5.415210249972847271e-03,1.857812963204820145e-01,1.100259555177282911e+00
1.037500000000000000e+01,5.264237423003890193e-01,3.481395517090768443e-01,3.392412549724058146e-02,5.457040821829040392e-03,1.863150948487475034e-01,1.100259555177282911e+00
1.050000000000000000e+01,5.258216105000510510e-01,3.487216445639061968e-01,3.337695333555590338e-02,5.498509097042929630e-03,1.868408376807267623e-01,1.100259555177282911e+00
1.062500000000000000e+01,5.252129843279915722e-01,3.492990184192499292e-01,3.284911725687635758e-02,5.539606962477417948e-03,1.873588282106876113e-01,1.100259555177282911e+00
1.075000000000000000e+01,5.245984345804617366e-01,3.498716811382121539e-01,3.233975670822182569e-02,5.580326810658944522e-03,1.878693559397284218e-01,1.100259555177283133e+00
1.087500000000000000e+01,5.239785025398868701e-01,3.504396422590616567e-01,3.184805171870776913e-02,5.620661524522786202e-03,1.883726971351039614e-01,1.100259555177283133e+00
1.100000000000000000e+01,5.233537014006041099e-01,3.510029128898203288e-01,3.137322097296008083e-02,5.660604462166022102e-03,1.888691154517324333e-01,1.100259555177282911e+00
1.112500000000000000e+01,5.227245176195929321e-01,3.515615056090630186e-01,3.091451998544769361e-02,5.700149441733367607e-03,1.893588625214457644e-01,1.100259555177282911e+00
1.125000000000000000e+01,5.220914122052715545e-01,3.521154343717335378e-01,3.047123935817222518e-02,5.739290726561156047e-03,1.898421785155444130e-01,1.100259555177282911e+00
1.137500000000000000e+01,5.214548219574242083e-01,3.526647144187815552e-01,3.004270310415364104e-02,5.778023010704617934e-03,1.903192926862187218e-01,1.100259555177282689e+00
1.150000000000000000e+01,5.208151606713307125e-01,3.532093621894295543e-01,2.962826701915102778e-02,5.816341404973754230e-03,1.907904238923980311e-01,1.100259555177283133e+00
1.162500000000000000e+01,5.201728203191637867e-01,3.537493952348688131e-01,2.922731708405743381e-02,5.854241423602992572e-03,1.912557811155898846e-01,1.100259555177282911e+00
1.175000000000000000e+01,5.195281721538806963e-01,3.542848321384870491e-01,2.883926797158779115e-02,5.891718970915059070e-03,1.917155639424121538e-01,1.100259555177282689e+00
1.187500000000000000e+01,5.188815674882557571e-01,3.548156924656155065e-01,2.846356198965760073e-02,5.928770325096831273e-03,1.921699629086571770e-01,1.100259555177282911e+00
1.200000000000000000e+01,5.182333388398374652e-01,3.553419966786564022e-01,2.809966753313510035e-02,5.965392127031737476e-03,1.926191599986222247e-01,1.100259555177282911e+00
1.212500000000000000e+01,5.175838008228937914e-01,3.558637660750751941e-01,2.774707787574681034e-02,6.001581367055789165e-03,1.930633290365112997e-01,1.100259555177282911e+00
1.225000000000000000e+01,5.169332510330062469e-01,3.563810227255571617e-01,2.740530997196337359e-02,6.037335372300877204e-03,1.935026360744553919e-01,1.100259555177283133e+00
1.237500000000000000e+01,5.162819708862407264e-01,3.568937894157611646e-01,2.707390332006625461e-02,6.072651794338038145e-03,1.939372397608767895e-01,1.100259555177282911e+00
1.250000000000000000e+01,5.156302264074922315e-01,3.574020895921987684e-01,2.675241889365528522e-02,6.107528597023935586e-03,1.943672916869127187e-01,1.100259555177282911e+00
1.262500000000000000e+01,5.149782689754172083e-01,3.579059473115800416e-01,2.644043813162181775e-02,6.141964044592632295e-03,1.947929367140713575e-01,1.100259555177282911e+00
1.275000000000000000e+01,5.143263360313771182e-01,3.584053871929654411e-01,2.613756197661243341e-02,6.175956690034694989e-03,1.952143132862930730e-01,1.100259555177282689e+00
1.287500000000000000e+01,5.136746517598089756e-01,3.589004343720705870e-01,2.584340995200821306e-02,6.209505363805740454e-03,1.956315537295893470e-01,1.100259555177282911e+00
1.300000000000000000e+01,5.130234277474396976e-01,3.593911144570601790e-01,2.555761926744417462e-02,6.242609162906457079e-03,1.960447845424324320e-01,1.100259555177282911e+00
1.312500000000000000e+01,5.123728636287669946e-01,3.598774534851767459e-01,2.527984394289404385e-02,6.275267440376233047e-03,1.964541266800688690e-01,1.100259555177282911e+00
1.325000000000000000e+01,5.117231477252217609e-01,3.603594778795446985e-01,2.500975394134506355e-02,6.307479795242388818e-03,1.968596958359289939e-01,1.100259555177282911e+00
1.337500000000000000e+01,5.110744575597143680e-01,3.608372144168069395e-01,2.474703446913550237e-02,6.339246062041335381e-03,1.972616026695848124e-01,1.100259555177282911e+00
1.350000000000000000e+01,5.104269602792208538e-01,3.613106902027094502e-01,2.449138540002738021e-02,6.370566300075312070e-03,1.976599529952498546e-01,1.100259555177282689e+00
1.362500000000000000e+01,5.097808132986340057e-01,3.617799326273049010e-01,2.424252040187280591e-02,6.401440784904391043e-03,1.980548480645667186e-01,1.100259555177282689e+00
1.375000000000000000e+01,5.091361647431933424e-01,3.622449693380034308e-01,2.400016633419653836e-02,6.431869998703777444e-03,1.984463847631856570e-01,1.100259555177282689e+00
1.387500000000000000e+01,5.084931539201122952e-01,3.627058282096737307e-01,2.376406260660508113e-02,6.461854621238990320e-03,1.988346558196528446e-01,1.100259555177282911e+00
1.400000000000000000e+01,5.078519117590856169e-01,3.631625373171777360e-01,2.353396057913799411e-02,6.491395521081093703e-03,1.992197500008004440e-01,1.100259555177282911e+00
1.412500000000000000e+01,5.072125612255227178e-01,3.636151249100130212e-01,2.330962299939232096e-02,6.520493747064632847e-03,1.996017522952903966e-01,1.100259555177283133e+00
1.425000000000000000e+01,5.065752177106002119e-01,3.640636193887110683e-01,2.309082347090350013e-02,6.549150519992771174e-03,1.999807440870754183e-01,1.100259555177282911e+00
1.437500000000000000e+01,5.059399894022418298e-01,3.645080492826410223e-01,2.287734594726659881e-02,6.577367224593988135e-03,2.003568033205394006e-01,1.100259555177282689e+00
1.450000000000000000e+01,5.053069776411176495e-01,3.649484432288683244e-01,2.266898424648148072e-02,6.605145401734809248e-03,2.007300046590806131e-01,1.100259555177282911e+00
1.462500000000000000e+01,5.046762772657673590e-01,3.653848299517170051e-01,2.246554158000566709e-02,6.632486740893020483e-03,2.011004196388999909e-01,1.100259555177283133e+00
1.475000000000000000e+01,5.040479769509451646e-01,3.658172382426860270e-01,2.226683009099826929e-02,6.659393072895784457e-03,2.014681168197577366e-01,1.100259555177283133e+00
1.487500000000000000e+01,5.034221595432875063e-01,3.662456969403681817e-01,2.207267039623898863e-02,6.685866362927109750e-03,2.018331619344610750e-01,1.100259555177282911e+00
1.500000000000000000e+01,5.027989023816001879e-01,3.666702349114772108e-01,2.188289114881209613e-02,6.711908703766244870e-03,2.021956180316271112e-01,1.100259555177282689e+00
1.512500000000000000e+01,5.021782774480306744e-01,3.670908810463543448e-01,2.169732882839589538e-02,6.737522308799969231e-03,2.025555455457020704e-01,1.100259555177282911e+00
1.525000000000000000e+01,5.015603517157983804e-01,3.675076642371924995e-01,2.151582726715802613e-02,6.762709505836931798e-03,2.029130024512971198e-01,1.100259555177282911e+00
1.537500000000000000e+01,5.009451874041739305e-01,3.679206133640449128e-01,2.133823730053201195e-02,6.787472730999977687e-03,2.032680443775321255e-01,1.100259555177282911e+00
1.550000000000000000e+01,5.003328422150975507e-01,3.683297572823095445e-01,2.116441644274309059e-02,6.811814522688447449e-03,2.036207247144443400e-01,1.100259555177282911e+00
1.562500000000000000e+01,4.997233695680782795e-01,3.687351248101489176e-01,2.099422856471923338e-02,6.835737515793114533e-03,2.039710947185432166e-01,1.100259555177282689e+00
1.575000000000000000e+01,4.991168188191078547e-01,3.691367447170846861e-01,2.082754359358332530e-02,6.859244436124036642e-03,2.043192036113829768e-01,1.100259555177282911e+00
1.587500000000000000e+01,4.985132354657768605e-01,3.695346457135865181e-01,2.066423723077786406e-02,6.882338095041741835e-03,2.046650986720998655e-01,1.100259555177282911e+00
1.600000000000000000e+01,4.979126613407852120e-01,3.699288564414808800e-01,2.050419068587325255e-02,6.905021384282061803e-03,2.050088253248615322e-01,1.100259555177282911e+00
1.612500000000000000e+01,4.973151347960360069e-01,3.703194054649949774e-01,2.034729042311072059e-02,6.927297270964969875e-03,2.053504272221761684e-01,1.100259555177282911e+00
1.625000000000000000e+01,4.967206908795031017e-01,3.707063212622625503e-01,2.019342791773134915e-02,6.949168792777793424e-03,2.056899463250081717e-01,1.100259555177282911e+00
1.637500000000000000e+01,4.961293615070614949e-01,3.710896322171078898e-01,2.004249941914202846e-02,6.970639053323107910e-03,2.060274229806483559e-01,1.100259555177282911e+00
1.650000000000000000e+01,4.955411756314721528e-01,3.714693666109336601e-01,1.989440571796977086e-02,6.991711217621732546e-03,2.063628959992855338e-01,1.100259555177282911e+00
1.662500000000000000e+01,4.949561594107098061e-01,3.718455526145294510e-01,1.974905191405533153e-02,7.012388507761104471e-03,2.066964027302270468e-01,1.100259555177282689e+00
1.675000000000000000e+01,4.943743363778239641e-01,3.722182182796265337e-01,1.960634718243753349e-02,7.032674198679443600e-03,2.070279791387154844e-01,1.100259555177282911e+00
1.687500000000000000e+01,4.937957275375817190e-01,3.725873915363899780e-01,1.946620463797316819e-02,7.052571614300610914e-03,2.073576598510374625e-01,1.100259555177282911e+00
1.700000000000000000e+01,4.932203514558677337e-01,3.729531001914332400e-01,1.932854120975261228e-02,7.072084123761479546e-03,2.076854781964677932e-01,1.100259555177282911e+00
1.712500000000000000e+01,4.926482244608672012e-01,3.733153719163584405e-01,1.919327736508510615e-02,7.091215137571800844e-03,2.080114662974003603e-01,1.100259555177282911e+00
1.725000000000000000e+01,4.920793607353484145e-01,3.736742342452551990e-01,1.906033698014964264e-02,7.109968104141182153e-03,2.083356551123884959e-01,1.100259555177283133e+00
1.737500000000000000e+01,4.915137724363631277e-01,3.740297145698393555e-01,1.892964717377640382e-02,7.128346506311918421e-03,2.086580744909920793e-01,1.100259555177282911e+00
1.750000000000000000e+01,4.909514698060151727e-01,3.743818401352033698e-01,1.880113815330979737e-02,7.146353858059792744e-03,2.089787532246949742e-01,1.100259555177283133e+00
1.762500000000000000e+01,4.903924612744071654e-01,3.747306380360917455e-01,1.867474307105659870e-02,7.163993701350459056e-03,2.092977190943769994e-01,1.100259555177282911e+00
1.775000000000000000e+01,4.898367535558890151e-01,3.750761352136183779e-01,1.855039788980776885e-02,7.181269603138948181e-03,2.096149989148288206e-01,1.100259555177283133e+00
1.787500000000000000e+01,4.892843517397268971e-01,3.754183584523350659e-01,1.842804125592288622e-02,7.198185152499840186e-03,2.099306185767982058e-01,1.100259555177282911e+00
1.800000000000000000e+01,4.887352593763141240e-01,3.757573343775707508e-01,1.830761437846596673e-02,7.214743957875704994e-03,2.102446030870564198e-01,1.100259555177282911e+00
1.812500000000000000e+01,4.881894785600475739e-01,3.760930894529498913e-01,1.818906091288148563e-02,7.230949644431309935e-03,2.105569766069727011e-01,1.100259555177283133e+00
1.825000000000000000e+01,4.876470100099888905e-01,3.764256499780073706e-01,1.807232684769939646e-02,7.246805851501196202e-03,2.108677624900860970e-01,1.100259555177282911e+00
1.837500000000000000e+01,4.871078531494316133e-01,3.767550420858127302e-01,1.795736039275813017e-02,7.262316230118165405e-03,2.111769833191624590e-01,1.100259555177283133e+00
1.850000000000000000e+01,4.865720061854970080e-01,3.770812917405163001e-01,1.784411186743412384e-02,7.277484440610220914e-03,2.114846609432253499e-01,1.100259555177282911e+00
1.862500000000000000e+01,4.860394661898788105e-01,3.774044247347339565e-01,1.773253358736693458e-02,7.292314150253545110e-03,2.117908165150497179e-01,1.100259555177282911e+00
1.875000000000000000e+01,4.855102291764220590e-01,3.777244666871056866e-01,1.762257975549367042e-02,7.306809031021209086e-03,2.120954705272402596e-01,1.100259555177282911e+00
1.887500000000000000e+01,4.849842900913448052e-01,3.780414430466108033e-01,1.751420647083814716e-02,7.320972758232153522e-03,2.123986428102570267e-01,1.100259555177282911e+00
1.900000000000000000e+01,4.844616429135306657e-01,3.783553790882115964e-01,1.740737158902531251e-02,7.334809008209039645e-03,2.127003525783062732e-01,1.100259555177282911e+00
1.912500000000000000e+01,4.839422807251536063e-01,3.786662999107473504e-01,1.730203462281555693e-02,7.348321456282294606e-03,2.130006184622841303e-01,1.100259555177282911e+00
1.925000000000000000e+01,4.834261957544296884e-01,3.789742304369426718e-01,1.719815668023824337e-02,7.361513775114682592e-03,2.132994585305575952e-01,1.100259555177282911e+00
1.937500000000000000e+01,4.829133794265689783e-01,3.792791954127089360e-01,1.709570039171823264e-02,7.374389633007832207e-03,2.135968903132789143e-01,1.100259555177282911e+00
1.950000000000000000e+01,4.824038224118485374e-01,3.795812194066040535e-01,1.699462984112363323e-02,7.386952692294460054e-03,2.138929308254122752e-01,1.100259555177282911e+00
1.962500000000000000e+01,4.818975146712217161e-01,3.798803268094225749e-01,1.689491050017495957e-02,7.399206607808652553e-03,2.141875965886549660e-01,1.100259555177282911e+00
1.975000000000000000e+01,4.813944454998778100e-01,3.801765418338871605e-01,1.679650916565570556e-02,7.411155025426774401e-03,2.144809036524354673e-01,1.100259555177282911e+00
1.987500000000000000e+01,4.808946035691690213e-01,3.804698885144080500e-01,1.669939389886446884e-02,7.422801580671373536e-03,2.147728676141698878e-01,1.100259555177282689e+00
2.000000000000000000e+01,4.803979769673170086e-01,3.807603907068869420e-01,1.660353396674861537e-02,7.434149897370614588e-03,2.150635036389596244e-01,1.100259555177282689e+00
