delta_over_Delta0,q_ell0,gap_over_kBTc,current_uA
0.0,0.0,1.763876942523398,0.0
0.0,0.015000000000000001,1.7637002187567965,1.3079483744767013
0.0,0.030000000000000002,1.7631699411485042,2.6146852766945723
0.0,0.045000000000000005,1.7622857903456908,3.9189984447970065
0.0,0.060000000000000005,1.7610472326649085,5.219674033266219
0.0,0.07500000000000001,1.7594535179345487,6.515495809872167
0.0,0.09000000000000001,1.7575036764451686,7.8052443389978015
0.0,0.10500000000000001,1.7551965149778759,9.087696146529883
0.0,0.12000000000000001,1.75253061187156,10.361622861265552
0.0,0.135,1.749504311079595,11.62579032747473
0.0,0.15000000000000002,1.7461157151554778,12.878957682869892
0.0,0.165,1.7423626770895317,14.119876395716249
0.0,0.18000000000000002,1.7382427909395928,15.34728925451368
0.0,0.195,1.7337533810790533,16.55992930215686
0.0,0.21000000000000002,1.7288914900458932,17.756518707049896
0.0,0.225,1.723653864765214,18.935767561142622
0.0,0.24000000000000002,1.7180369410250138,20.096372594691466
0.0,0.255,1.7120368259900054,21.237015795517607
0.0,0.27,1.7056492785656272,22.356362919458977
0.0,0.28500000000000003,1.6988696872717173,23.453061875219795
0.0,0.30000000000000004,1.691693045405556,24.525740966271332
0.0,0.315,1.6841139230504418,25.5730069672371
0.0,0.33,1.676126435515319,26.59344300944389
0.0,0.34500000000000003,1.6677242076940084,27.58560624538126
0.0,0.36000000000000004,1.6589003336622286,28.548025254602305
0.0,0.37500000000000006,1.6496473307900343,29.479197147220766
0.0,0.39,1.639957087393823,30.37758430979731
0.0,0.405,1.6298208027941168,31.241610726429077
0.0,0.42000000000000004,1.619228918312525,32.06965779003311
0.0,0.43500000000000005,1.6081710374316962,32.86005949767267
0.0,0.45,1.5966358328509043,33.611096894331034
0.0,0.465,1.5846109374993442,34.32099158967832
0.0,0.48000000000000004,1.572082815831883,34.98789812234017
0.0,0.49500000000000005,1.5590366105432765,35.60989487456616
0.0,0.51,1.5454559583735783,36.184973146137686
0.0,0.525,1.5313227666622207,36.711023867988345
0.0,0.54,1.516616939499076,37.18582125936034
0.0,0.555,1.5013160385521853,37.607002492575056
0.0,0.5700000000000001,1.4853948583607686,37.972042098190705
0.0,0.5850000000000001,1.4688248885782575,38.278219388369706
0.0,0.6000000000000001,1.4515736254064315,38.52257654772188
0.0,0.6150000000000001,1.4336036800923837,38.701864173153425
0.0,0.63,1.414871611978056,38.81246984185293
0.0,0.645,1.3953263846119277,38.85032362181507
0.0,0.66,1.3749073018099698,38.81077212924039
0.0,0.675,1.3535412203356192,38.688409531177165
0.0,0.6900000000000001,1.3311387478763137,38.476849440846216
0.0,0.7050000000000001,1.3075890049600818,38.16841547777322
0.0,0.7200000000000001,1.2827523347827159,37.75371971764688
0.0,0.7350000000000001,1.2564500489757793,37.221086489694294
0.0,0.7500000000000001,1.2284498393941317,36.55576295589428
0.0,0.765,1.1984447622575467,35.73883653938483
0.0,0.78,1.166022527513532,34.74575188594444
0.0,0.795,1.1306198620237713,33.54428763531579
0.0,0.81,1.0914532852573011,32.09182134444512
0.0,0.8250000000000001,1.0474112933550153,30.331695507311743
0.0,0.8400000000000001,0.996880238983569,28.188536358119585
0.0,0.8550000000000001,0.9374477730024745,25.562545220058826
0.0,0.8700000000000001,0.8653542132309519,22.32320278266254
0.0,0.8850000000000001,0.7743329104959618,18.303634922641457
0.0,0.9,0.6525550219676919,13.29805662176326
0.0,0.915,0.47058201996927657,7.06565736746771
0.0,0.93,0.0,0.0
0.0,0.9450000000000001,0.0,0.0
0.0,0.9600000000000001,0.0,0.0
0.0,0.9750000000000001,0.0,0.0
0.0,0.9900000000000001,0.0,0.0
0.0,1.0050000000000001,0.0,0.0
0.0,1.02,0.0,0.0
0.0,1.0350000000000001,0.0,0.0
0.0,1.05,0.0,0.0
0.0,1.0650000000000002,0.0,0.0
0.0,1.08,0.0,0.0
0.0,1.0950000000000002,0.0,0.0
0.0,1.11,0.0,0.0
0.0,1.125,0.0,0.0
0.0,1.1400000000000001,0.0,0.0
0.0,1.155,0.0,0.0
0.0,1.1700000000000002,0.0,0.0
0.0,1.185,0.0,0.0
0.0,1.2000000000000002,0.0,0.0
0.0,1.215,0.0,0.0
0.0,1.2300000000000002,0.0,0.0
0.0,1.245,0.0,0.0
0.0,1.26,0.0,0.0
0.0,1.2750000000000001,0.0,0.0
0.0,1.29,0.0,0.0
0.0,1.3050000000000002,0.0,0.0
0.0,1.32,0.0,0.0
0.0,1.3350000000000002,0.0,0.0
0.0,1.35,0.0,0.0
0.0,1.3650000000000002,0.0,0.0
0.0,1.3800000000000001,0.0,0.0
0.0,1.395,0.0,0.0
0.0,1.4100000000000001,0.0,0.0
0.0,1.425,0.0,0.0
0.0,1.4400000000000002,0.0,0.0
0.0,1.455,0.0,0.0
0.0,1.4700000000000002,0.0,0.0
0.0,1.485,0.0,0.0
0.0,1.5000000000000002,0.0,0.0
0.0,1.5150000000000001,0.0,0.0
0.0,1.53,0.0,0.0
0.0,1.5450000000000002,0.0,0.0
0.0,1.56,0.0,0.0
0.0,1.5750000000000002,0.0,0.0
0.0,1.59,0.0,0.0
0.0,1.6050000000000002,0.0,0.0
0.0,1.62,0.0,0.0
0.0,1.6350000000000002,0.0,0.0
0.0,1.6500000000000001,0.0,0.0
0.0,1.665,0.0,0.0
0.0,1.6800000000000002,0.0,0.0
0.0,1.695,0.0,0.0
0.0,1.7100000000000002,0.0,0.0
0.0,1.725,0.0,0.0
0.0,1.7400000000000002,0.0,0.0
0.0,1.7550000000000001,0.0,0.0
0.0,1.7700000000000002,0.0,0.0
0.0,1.7850000000000001,0.0,0.0
0.0,1.8,0.0,0.0
0.05,0.0,1.763876942523398,0.0
0.05,0.015000000000000001,1.763699339094777,1.3071784459612799
0.05,0.030000000000000002,1.7631664204639523,2.613141793382328
0.05,0.045000000000000005,1.7622778611568484,3.9166741440631054
0.05,0.060000000000000005,1.761033117248383,5.216557995949043
0.05,0.07500000000000001,1.7594314241451496,6.511573429809359
0.05,0.09000000000000001,1.757471793451064,7.800497282080307
0.05,0.10500000000000001,1.755153008885247,9.082102298988199
0.05,0.12000000000000001,1.7524736212116736,10.355156266824068
0.05,0.135,1.7494319421295141,11.61842111292689
0.05,0.15000000000000002,1.7460260370617449,12.870651971538193
0.05,0.165,1.742253716761754,14.110596208164973
0.05,0.18000000000000002,1.7381125276779237,15.336992395778028
0.05,0.195,1.7335997408967305,16.54856923463904
0.05,0.21000000000000002,1.7287123396430002,17.744044408101576
0.05,0.225,1.7234470051065571,18.922123364220816
0.05,0.24000000000000002,1.717800100468865,20.081498012814983
0.05,0.255,1.711767652908114,21.220845325573965
0.05,0.27,1.7053453333887498,22.3388258257326
0.05,0.28500000000000003,1.6985284338851583,23.434081950275445
0.05,0.30000000000000004,1.6913118418101032,24.50523626709635
0.05,0.315,1.6836900111926172,25.550889524268822
0.05,0.33,1.6756569301770419,26.56961850579788
0.05,0.34500000000000003,1.6672060843180454,27.559973663288286
0.05,0.36000000000000004,1.6583304149675835,28.520476485619515
0.05,0.37500000000000006,1.6490222720147953,29.449616562449833
0.05,0.39,1.6392733599729334,30.345848285810067
0.05,0.405,1.6290746762566997,31.20758712224969
0.05,0.42000000000000004,1.6184164401403534,32.03320536988311
0.05,0.43500000000000005,1.6072880105841947,32.821027293786095
0.05,0.45,1.5956777906181077,33.56932350381123
0.05,0.465,1.583573115275624,34.27630439878878
0.05,0.48000000000000004,1.5709601193485587,34.94011245175565
0.05,0.49500000000000005,1.5578235800108506,35.558813039142485
0.05,0.51,1.544146727895067,36.130383423604556
0.05,0.525,1.5299110181666253,36.652699372531494
0.05,0.54,1.5150958503107346,37.12351871888157
0.05,0.555,1.4996782215590851,37.54046093329705
0.05,0.5700000000000001,1.4836322935536683,37.900981447753665
0.05,0.5850000000000001,1.4669288445030448,38.20233902011045
0.05,0.6000000000000001,1.4495345687967753,38.4415538063337
0.05,0.6150000000000001,1.4314111715811066,38.61535294702014
0.05,0.63,1.4125141853304517,38.72009928443028
0.05,0.645,1.3927914062821498,38.75169717665921
0.05,0.66,1.372180806715902,38.705467087074666
0.05,0.675,1.3506077184025902,38.57597745027545
0.05,0.6900000000000001,1.327980993748018,38.3568179015286
0.05,0.7050000000000001,1.304187719859275,38.0402918324667
0.05,0.7200000000000001,1.2790858635986755,37.61699774471405
0.05,0.7350000000000001,1.2524939254185898,37.07525717233093
0.05,0.7500000000000001,1.2241762136045966,36.40033097342901
0.05,0.765,1.193821610856204,35.57334441271975
0.05,0.78,1.1610124999360614,34.56981387679553
0.05,0.795,1.125178484091613,33.35763493341949
0.05,0.81,1.0855259608598038,31.894357438867623
0.05,0.8250000000000001,1.0409279159624898,30.123552307141047
0.05,0.8400000000000001,0.9897446904074895,27.970097423340455
0.05,0.8550000000000001,0.929515395407294,25.334330036933217
0.05,0.8700000000000001,0.8563768484664689,22.08526057178776
0.05,0.8850000000000001,0.7637952668041574,18.053035668401467
0.05,0.9,0.638972955429698,13.016079937477564
0.05,0.915,0.4439250138159785,6.571441097337665
0.05,0.93,0.11811180661375467,0.5817834141006097
0.05,0.9450000000000001,0.10373821474895796,0.45190942213876606
0.05,0.9600000000000001,0.09522251852490593,0.38077781924079634
0.05,0.9750000000000001,0.08906183868935347,0.3323620921475241
0.05,0.9900000000000001,0.08419909008800197,0.29612474117138243
0.05,1.0050000000000001,0.0801646754603576,0.26748207609976826
0.05,1.02,0.07670688672425087,0.24401801151598704
0.05,1.0350000000000001,0.07367441042168758,0.22430101169482344
0.05,1.05,0.07096888442626612,0.20741271475620124
0.05,1.0650000000000002,0.06852261130417249,0.192728926656264
0.05,1.08,0.06628691868396154,0.1798063162518303
0.05,1.0950000000000002,0.06422558084710932,0.16831891012773834
0.05,1.11,0.062310865513728185,0.15802021666725097
0.05,1.125,0.06052103840095876,0.1487194832569309
0.05,1.1400000000000001,0.05883872300321032,0.14026619301161994
0.05,1.155,0.057249785338448614,0.13253959047680372
0.05,1.1700000000000002,0.05574255341043251,0.12544139719282646
0.05,1.185,0.054307257078048635,0.11889061794554456
0.05,1.2000000000000002,0.052935617149840075,0.11281975660482271
0.05,1.215,0.05162053796738271,0.10717200603398758
0.05,1.2300000000000002,0.05035587322448333,0.10189912560152367
0.05,1.245,0.0491362446489759,0.09695981393156768
0.05,1.26,0.04795689928287965,0.0923184437081469
0.05,1.2750000000000001,0.04681359545567081,0.08794406597604239
0.05,1.29,0.045702510124408985,0.08380961695229378
0.05,1.3050000000000002,0.0446201623684044,0.07989127958901038
0.05,1.32,0.04356334895950575,0.07616796396193448
0.05,1.3350000000000002,0.042529088942565726,0.07262088001886098
0.05,1.35,0.041514574747564814,0.06923318245894837
0.05,1.3650000000000002,0.04051712777032809,0.06598967215480271
0.05,1.3800000000000001,0.03953415660333248,0.06287654187196458
0.05,1.395,0.03856311619936567,0.05988115644732999
0.05,1.4100000000000001,0.037601466212544954,0.05699185928105901
0.05,1.425,0.0366466265785237,0.05419779814966611
0.05,1.4400000000000002,0.03569592798351208,0.051488763866676716
0.05,1.455,0.03474655428908014,0.04885503567446282
0.05,1.4700000000000002,0.033795472863724266,0.04628722653957134
0.05,1.485,0.03283934721918871,0.043776120676829164
0.05,1.5000000000000002,0.03187442369667062,0.04131249330202598
0.05,1.5150000000000001,0.030896379751170613,0.03888689896745831
0.05,1.53,0.029900114318206716,0.03648940839510926
0.05,1.5450000000000002,0.028879448568281514,0.0341092626487208
0.05,1.56,0.02782668338545221,0.03173439361330923
0.05,1.5750000000000002,0.026731918400587196,0.02935072289892478
0.05,1.59,0.025581954028445618,0.026941078637928523
0.05,1.6050000000000002,0.0243584177742408,0.024483416212090377
0.05,1.62,0.02303433021117538,0.021947676868623568
0.05,1.6350000000000002,0.021567191962253658,0.019289710167393462
0.05,1.6500000000000001,0.01988312900149954,0.016437960232018635
0.05,1.665,0.01783260708029201,0.013258363802467995
0.05,1.6800000000000002,0.015015179079497837,0.009426539858611608
0.05,1.695,0.008827559214302432,0.00326803021134239
0.05,1.7100000000000002,0.0,0.0
0.05,1.725,0.0,0.0
0.05,1.7400000000000002,0.0,0.0
0.05,1.7550000000000001,0.0,0.0
0.05,1.7700000000000002,0.0,0.0
0.05,1.7850000000000001,0.0,0.0
0.05,1.8,0.0,0.0
0.1,0.0,1.763876942523398,0.0
0.1,0.015000000000000001,1.763696748301566,1.3049028203574877
0.1,0.030000000000000002,1.7631560512373112,2.6085795556894364
0.1,0.045000000000000005,1.7622545076590923,3.9098032896201844
0.1,0.060000000000000005,1.760991543192166,5.2073454383072315
0.1,0.07500000000000001,1.7593663503588766,6.49997490473069
0.1,0.09000000000000001,1.757377885186045,7.7864572184397
0.1,0.10500000000000001,1.7550248627855722,9.065553655619311
0.1,0.12000000000000001,1.752305751863723,10.336020334084868
0.1,0.135,1.749218768103018,11.596607277479306
0.1,0.15000000000000002,1.7457618663479453,12.84605744253237
0.1,0.165,1.7419327315067055,14.083105702688458
0.1,0.18000000000000002,1.7377287680997333,15.306477781070274
0.1,0.195,1.7331470882662021,16.51488912417613
0.1,0.21000000000000002,1.72818449819152,17.707043708197737
0.1,0.225,1.7228374827142436,18.881632767321882
0.1,0.24000000000000002,1.7171021879663713,20.037333433088417
0.1,0.255,1.7109744018049282,21.172807271761272
0.1,0.27,1.7044495318207702,22.28669870556908
0.1,0.28500000000000003,1.6975225805426304,23.377633299916067
0.1,0.30000000000000004,1.6901881175771445,24.44421589811369
0.1,0.315,1.6824402481919092,25.48502857973793
0.1,0.33,1.6742725778672933,26.498628415775414
0.1,0.34500000000000003,1.6656781722462979,27.483544988753636
0.1,0.36000000000000004,1.6566495117040865,28.43827763819113
0.1,0.37500000000000006,1.6471784397415286,29.36129238571809
0.1,0.39,1.637256104095604,30.251018481890533
0.1,0.405,1.62687288932965,31.105844505360164
0.1,0.42000000000000004,1.6160183392409506,31.924113925685873
0.1,0.43500000000000005,1.6046810671817184,32.70412002161744
0.1,0.45,1.5928486517181863,33.44410001414215
0.1,0.465,1.580507514550201,34.14222823810022
0.1,0.48000000000000004,1.5676427765852108,34.7966081213362
0.1,0.49500000000000005,1.5542380869861967,35.40526267300253
0.1,0.51,1.5402754184178895,35.96612308867022
0.1,0.525,1.5257348195683,36.4770149525659
0.1,0.54,1.5105941131443512,36.93564134494258
0.1,0.555,1.4948285236070746,37.33956192753587
0.1,0.5700000000000001,1.4784102134264925,37.686166756228424
0.1,0.5850000000000001,1.4613076990399658,37.97264312502681
0.1,0.6000000000000001,1.4434851071601829,38.1959331340955
0.1,0.6150000000000001,1.4249012171362085,38.3526788265507
0.1,0.63,1.405508213964867,38.43915056603025
0.1,0.645,1.3852500464336037,38.4511527007578
0.1,0.66,1.3640602413334402,38.38389829391618
0.1,0.675,1.341858961554081,38.23184155054046
0.1,0.6900000000000001,1.318549002697181,37.988452167353415
0.1,0.7050000000000001,1.2940102840095602,37.645909679835455
0.1,0.7200000000000001,1.2680921789570603,37.19468726706938
0.1,0.7350000000000001,1.2406027059121647,36.6229824212777
0.1,0.7500000000000001,1.2112930864022127,35.91593503889426
0.1,0.765,1.1798353466165616,35.05455005880628
0.1,0.78,1.1457892418090116,34.014209379920366
0.1,0.795,1.1085523360444218,32.762613278567486
0.1,0.81,1.0672825209195216,31.256929602119172
0.1,0.8250000000000001,1.0207730971959006,29.439835272395122
0.1,0.8400000000000001,0.9672399404428136,27.23395129130361
0.1,0.8550000000000001,0.9039262826634442,24.53362626631055
0.1,0.8700000000000001,0.8262555704942378,21.190662801803345
0.1,0.8850000000000001,0.725481180451029,16.976743183212676
0.1,0.9,0.5773756183471548,11.368802501982081
0.1,0.915,0.28098584121723436,3.155235232672598
0.1,0.93,0.22648039955950183,2.1037109712604924
0.1,0.9450000000000001,0.20306857089157848,1.6994781180764114
0.1,0.9600000000000001,0.18769596070936703,1.4520272841219792
0.1,0.9750000000000001,0.17614690731119476,1.2765787118301395
0.1,0.9900000000000001,0.16685281801357232,1.1424676450629467
0.1,1.0050000000000001,0.15905180216461404,1.035103002727255
0.1,1.02,0.1523143533807059,0.946396967727497
0.1,1.0350000000000001,0.14637374784698504,0.8714010403280354
0.1,1.05,0.1410526283283619,0.8068694487269512
0.1,1.0650000000000002,0.13622687899749836,0.7505601976772238
0.1,1.08,0.1318061204262515,0.7008613558933057
0.1,1.0950000000000002,0.12772240659584674,0.656576368118001
0.1,1.11,0.12392329874706917,0.6167935383309177
0.1,1.125,0.12036742444931231,0.5808029590536029
0.1,1.1400000000000001,0.1170215210735309,0.5480415933621126
0.1,1.155,0.11385840397750203,0.5180557895240832
0.1,1.1700000000000002,0.11085553158550959,0.49047498662317607
0.1,1.185,0.10799396764983551,0.46499282977824113
0.1,1.2000000000000002,0.10525761481893585,0.4413533243257917
0.1,1.215,0.10263263780793998,0.41934049810059953
0.1,1.2300000000000002,0.10010702166581277,0.39877055642624026
0.1,1.245,0.09767022805157378,0.3794858419535795
0.1,1.26,0.0953129235288704,0.3613501215406396
0.1,1.2750000000000001,0.09302676148904189,0.3442448639864747
0.1,1.29,0.09080420430507614,0.32806626674630945
0.1,1.3050000000000002,0.08863837579739466,0.3127228552786309
0.1,1.32,0.0865229365284601,0.29813352474454463
0.1,1.3350000000000002,0.08445197601307648,0.28422592544471026
0.1,1.35,0.08241991723203876,0.2709351180637234
0.1,1.3650000000000002,0.0804214294024257,0.2582024401083465
0.1,1.3800000000000001,0.07845134552672645,0.2459745383023236
0.1,1.395,0.07650458133784904,0.23420252996686983
0.1,1.4100000000000001,0.07457605216745797,0.22284126279434574
0.1,1.425,0.07266058382056866,0.21184864629920871
0.1,1.4400000000000002,0.07075281279996044,0.20118503088041054
0.1,1.455,0.06884706978729475,0.19081261006371167
0.1,1.4700000000000002,0.06693723825516573,0.18069482038907939
0.1,1.485,0.06501657666127414,0.17079570841344172
0.1,1.5000000000000002,0.06307748734907437,0.1610792259245782
0.1,1.5150000000000001,0.061111206576155354,0.15150839958362994
0.1,1.53,0.05910737556106568,0.14204429587456952
0.1,1.5450000000000002,0.0570534273065056,0.13264465836731307
0.1,1.56,0.05493367865561568,0.1232620160898116
0.1,1.5750000000000002,0.05272793117417026,0.11384091598574403
0.1,1.59,0.050409211890242896,0.10431364619284683
0.1,1.6050000000000002,0.04793991146422356,0.09459321293696854
0.1,1.62,0.04526469235052618,0.0845609468480112
0.1,1.6350000000000002,0.04229617797172916,0.07404254618676595
0.1,1.6500000000000001,0.03888203030121623,0.06275566583835009
0.1,1.665,0.03471260045735075,0.05017203319851495
0.1,1.6800000000000002,0.02895301897286788,0.03501751470478269
0.1,1.695,0.016070161095818967,0.010827565334805896
0.1,1.7100000000000002,0.0,0.0
0.1,1.725,0.0,0.0
0.1,1.7400000000000002,0.0,0.0
0.1,1.7550000000000001,0.0,0.0
0.1,1.7700000000000002,0.0,0.0
0.1,1.7850000000000001,0.0,0.0
0.1,1.8,0.0,0.0
0.2,0.0,1.763876942523398,0.0
0.2,0.015000000000000001,1.7636870645855114,1.2962867237355835
0.2,0.030000000000000002,1.7631172932879784,2.5913022273253326
0.2,0.045000000000000005,1.7621672155577723,3.883774315474363
0.2,0.060000000000000005,1.7608361408619455,5.172428836623872
0.2,0.07500000000000001,1.7591230980678825,6.455988689825218
0.2,0.09000000000000001,1.7570268310013866,7.73317281339686
0.2,0.10500000000000001,1.754545792655278,9.002695148912114
0.2,0.12000000000000001,1.75167813798608,10.26326357372813
0.2,0.135,1.7484217152201433,11.513578794830341
0.2,0.15000000000000002,1.7447740555674236,12.752333196177489
0.2,0.165,1.7407323612565486,13.978209631336442
0.2,0.18000000000000002,1.7362934916754904,15.189880151549646
0.2,0.195,1.7314539475610684,16.386004659815345
0.2,0.21000000000000002,1.726209852956645,17.56522947889704
0.2,0.225,1.7205569347491323,18.726185820713024
0.2,0.24000000000000002,1.7144904995107164,19.867488142523534
0.2,0.255,1.7080054073481976,20.987732373580055
0.2,0.27,1.701096042345598,22.085493992672284
0.2,0.28500000000000003,1.693756279244197,23.159325935646297
0.2,0.30000000000000004,1.6859794457841488,24.20775630663731
0.2,0.315,1.6777582801326874,25.229285863599898
0.2,0.33,1.6690848827008589,26.2223852434438
0.2,0.34500000000000003,1.6599506614518995,27.185491884584604
0.2,0.36000000000000004,1.650346269728545,28.117006598184172
0.2,0.37500000000000006,1.640261535331587,29.015289727929975
0.2,0.39,1.629685379374457,29.878656826463857
0.2,0.405,1.6186057230778066,30.70537375998682
0.2,0.42000000000000004,1.6070093802689807,31.49365113241514
0.2,0.43500000000000005,1.594881932839804,32.241637894624624
0.2,0.45,1.5822075856454252,32.947413968254175
0.2,0.465,1.5689689965716904,33.60898167177147
0.2,0.48000000000000004,1.5551470762277158,34.22425567538856
0.2,0.49500000000000005,1.5407207502374192,34.79105113452051
0.2,0.51,1.5256666751018928,35.307069548474594
0.2,0.525,1.50995889579541,35.76988174944959
0.2,0.54,1.4935684296846177,36.17690724130099
0.2,0.555,1.4764627562846737,36.52538885018162
0.2,0.5700000000000001,1.458605185467049,36.812361299326305
0.2,0.5850000000000001,1.4399540672077373,37.03461184091255
0.2,0.6000000000000001,1.4204617925473995,37.1886304134646
0.2,0.6150000000000001,1.4000735164241953,37.270545868452686
0.2,0.63,1.378725506006502,37.276043520779425
0.2,0.645,1.3563429787011485,37.20025745204675
0.2,0.66,1.3328372363741408,37.037628409399964
0.2,0.675,1.308101816133907,36.781714424296055
0.2,0.6900000000000001,1.2820072472472255,36.424935877524696
0.2,0.7050000000000001,1.2543938010122024,35.95822878248818
0.2,0.7200000000000001,1.2250612985537852,35.37056813129528
0.2,0.7350000000000001,1.1937545162197776,34.648304874942355
0.2,0.7500000000000001,1.1601418431352424,33.77423137618846
0.2,0.765,1.1237832986564726,32.726243591783174
0.2,0.78,1.0840812029727065,31.475390169815785
0.2,0.795,1.0402014580686185,29.982964151093636
0.2,0.81,0.9909429647494625,28.196063383192573
0.2,0.8250000000000001,0.9345127752380906,26.040724432084563
0.2,0.8400000000000001,0.8681376545984718,23.4119720012202
0.2,0.8550000000000001,0.7875389966687382,20.167830315591583
0.2,0.8700000000000001,0.6880454305499328,16.211558183671073
0.2,0.8850000000000001,0.5793244025762272,12.091687884339462
0.2,0.9,0.495779180522507,9.149425420117444
0.2,0.915,0.4418046500594975,7.383546129811549
0.2,0.93,0.4046372761729088,6.242608262904826
0.2,0.9450000000000001,0.37681649341589357,5.4349725388404595
0.2,0.9600000000000001,0.35471001876652153,4.8248372893939395
0.2,0.9750000000000001,0.33640151834540616,4.342592697567308
0.2,0.9900000000000001,0.32078169642874277,3.948820335527298
0.2,1.0050000000000001,0.30715773453217643,3.6193490044647905
0.2,1.02,0.29507025395701897,3.3384101428218558
0.2,1.0350000000000001,0.28419986652157997,3.0952034050947477
0.2,1.05,0.27431586128549273,2.8820371501448294
0.2,1.0650000000000002,0.2652462739853247,2.693256699284298
0.2,1.08,0.25685952969619247,2.5245938829340377
0.2,1.0950000000000002,0.24905269902521757,2.3727548602738153
0.2,1.11,0.24174371162628694,2.2351492218487254
0.2,1.125,0.23486603258767,2.109706306185016
0.2,1.1400000000000001,0.22836492442867895,1.9947472510112307
0.2,1.155,0.22219476040368713,1.8888937493422973
0.2,1.1700000000000002,0.2163170530145451,1.791001622713953
0.2,1.185,0.2106989802142028,1.7001115681512957
0.2,1.2000000000000002,0.2053122648783401,1.6154120363793036
0.2,1.215,0.2001323095178001,1.5362108393379277
0.2,1.2300000000000002,0.19513751816055855,1.4619131416291848
0.2,1.245,0.19030875738920514,1.3920041919965855
0.2,1.26,0.1856289218958167,1.3260356201141357
0.2,1.2750000000000001,0.18108257920422982,1.2636144477820213
0.2,1.29,0.1766556746316084,1.2043941886122047
0.2,1.3050000000000002,0.17233528206123247,1.1480675693485318
0.2,1.32,0.16810938932945407,1.0943605209719494
0.2,1.3350000000000002,0.16396670913745134,1.0430271686540222
0.2,1.35,0.1598965080381096,0.9938456122383234
0.2,1.3650000000000002,0.15588844687107709,0.9466143313970047
0.2,1.3800000000000001,0.15193242652894423,0.9011490829410315
0.2,1.395,0.14801843293140923,0.8572801810936791
0.2,1.4100000000000001,0.1441363745770001,0.8148500675739744
0.2,1.425,0.14027590497333034,0.7737110887161603
0.2,1.4400000000000002,0.13642622038654098,0.7337234014209162
0.2,1.455,0.13257582036899987,0.6947529282948044
0.2,1.4700000000000002,0.12871221387646997,0.6566692739474679
0.2,1.485,0.12482154649724807,0.619343496359877
0.2,1.5000000000000002,0.12088811275502372,0.5826455951866318
0.2,1.5150000000000001,0.11689369867326774,0.5464415244459607
0.2,1.53,0.11281666842000072,0.5105894453554464
0.2,1.5450000000000002,0.10863065455742363,0.4749347777964591
0.2,1.56,0.10430261343839338,0.43930333062202537
0.2,1.5750000000000002,0.09978982144790009,0.40349127722116945
0.2,1.59,0.0950350136203894,0.3672497417018129
0.2,1.6050000000000002,0.08995805592722483,0.3302596761770978
0.2,1.62,0.08444062031779867,0.29208798537874786
0.2,1.6350000000000002,0.07829520067757473,0.25210392763814626
0.2,1.6500000000000001,0.07119373161036355,0.20929997398413036
0.2,1.665,0.0624673674594853,0.16183564634680978
0.2,1.6800000000000002,0.050313118546064954,0.10548312591403292
0.2,1.695,0.023357504083305957,0.022864493544417552
0.2,1.7100000000000002,0.0,0.0
0.2,1.725,0.0,0.0
0.2,1.7400000000000002,0.0,0.0
0.2,1.7550000000000001,0.0,0.0
0.2,1.7700000000000002,0.0,0.0
0.2,1.7850000000000001,0.0,0.0
0.2,1.8,0.0,0.0
