t_over_tau0,t_ps,a_over_kBTc,TE_over_Tc,energy_total,force,QDelta,u_qp
0.0,0.0,1.0583261933172272,0.10404624277450912,-1.1321062287903623,-1.0811774085358132,0.06818393978233137,7.338946083943054e-05
0.7142857142857143,0.24769008414665733,1.1452489286922016,0.298851424056132,-1.1321062287971373,-0.92772880154619,0.12196298775797519,0.09015902594046882
1.4285714285714286,0.49538016829331466,1.2359514557644955,0.3632763584465504,-1.1321062288214154,-0.7706468621748934,0.09261240238480326,0.17499952142462177
2.142857142857143,0.743070252439972,1.3154436088367694,0.4058184473531107,-1.1321062287910952,-0.6318928746000062,0.0645247662710332,0.2406833338168221
2.857142857142857,0.9907603365866293,1.3819136586775773,0.43556934011137743,-1.1321062287926853,-0.5143179044532322,0.04334467611571742,0.28878556371046615
3.5714285714285716,1.2384504207332867,1.4363626237123444,0.45691234538949177,-1.1321062288143144,-0.4167454395203445,0.02858739652381384,0.32323155869598375
4.285714285714286,1.486140504879944,1.4805136794026643,0.47249136914385875,-1.1321062288063923,-0.33673433474559566,0.018669011030464942,0.34771451790221664
5.0,1.7338305890266015,1.5161271769982378,0.4840239642038896,-1.1321062287920176,-0.27159646669773807,0.012125262768501725,0.3651255905087646
5.714285714285714,1.9815206731732586,1.5447759879642906,0.49266532540144825,-1.1321062288068706,-0.2188051859040214,0.00785125972832497,0.3775722018975367
6.428571428571429,2.2292107573199162,1.5677906885242234,0.49920967504631863,-1.1321062287703758,-0.17614212630464654,0.00507533282322898,0.3865412075641038
7.142857142857143,2.4769008414665734,1.5862677174211681,0.5042125184631939,-1.1321062287363912,-0.14172723896824863,0.003278012006704491,0.39306630161010103
7.857142857142858,2.724590925613231,1.6010984263361203,0.5080683011025356,-1.1321062287816122,-0.11399885718081113,0.00211628765100069,0.3978625430561674
8.571428571428571,2.972281009759888,1.6130022775252233,0.5110610445062126,-1.1321062287551331,-0.09167523414755607,0.0013660563696816749,0.4014250061044302
9.285714285714286,3.219971093906546,1.6225578150444377,0.5133979618576238,-1.1321062287903076,-0.07371212739174243,0.0008817663905522547,0.40409806955224875
10.0,3.467661178053203,1.6302293955518732,0.5152321049080127,-1.132106228761613,-0.05926274655139924,0.0005691950702567556,0.40612304435979374
10.714285714285715,3.715351262199861,1.636389420353755,0.5166778236153817,-1.1321062287408676,-0.047642457901643315,0.00036745639842461676,0.4076705688692473
11.428571428571429,3.9630413463465173,1.6413364618066975,0.5178214516459985,-1.132106228784877,-0.03829881561762971,0.00023724248538468584,0.40886255579044795
12.142857142857142,4.210731430493174,1.6453099212452427,0.5187287917200079,-1.1321062287685097,-0.030786586232410762,0.00015318649921469913,0.4097870726723377
12.857142857142858,4.4584215146398325,1.6485017887037798,0.519450419373332,-1.1321062287601984,-0.024747252867815178,9.892058526192204e-05,0.41050845849862533
13.571428571428571,4.70611159878649,1.6510660745163042,0.5200254934192027,-1.1321062287493535,-0.0198922837231523,6.38831912206019e-05,0.41107424615963795
14.285714285714286,4.953801682933147,1.6531263517605614,0.5204845247149045,-1.1321062287803143,-0.01598956714071692,4.1258739518842556e-05,0.4115199314308988
15.0,5.201491767079804,1.6547818053859302,0.5208514166063298,-1.1321062287589636,-0.012852412288776427,2.6648348238351736e-05,0.4118722922694587
15.714285714285715,5.449181851226462,1.6561120659156199,0.5211449818487445,-1.132106228756426,-0.010330684582487704,1.7212531322657855e-05,0.4121517182884674
16.42857142857143,5.696871935373119,1.6571810613941595,0.5213800798894367,-1.132106228760429,-0.008303693650472982,1.1118257689796116e-05,0.4123738616653443
17.142857142857142,5.944562019519776,1.6580401399666682,0.5215684886612899,-1.1321062287780048,-0.006674394853735971,7.181965312354569e-06,0.41255083014763944
17.857142857142858,6.192252103666434,1.658730546290189,0.521719567039903,-1.132106228768333,-0.00536477141410574,4.639400024407946e-06,0.4126920489624984
18.571428571428573,6.439942187813092,1.6592854133609536,0.5218407676558149,-1.1321062287648553,-0.004312107014744493,2.997022359876628e-06,0.4128048954898861
19.285714285714285,6.687632271959748,1.6597313696165439,0.5219380376548082,-1.132106228751635,-0.003465969612499342,1.936071537512096e-06,0.4128951731737525
20.0,6.935322356106406,1.6600897788769777,0.5220161211834209,-1.1321062287774244,-0.0027858800209586976,1.2507349962911268e-06,0.41296745739936835
20.714285714285715,7.183012440253064,1.660377845521513,0.5220788209358087,-1.1321062287775725,-0.0022392283905389165,8.080011618506421e-07,0.4130253799663477
21.42857142857143,7.430702524399722,1.6606093733892888,0.5221291766099034,-1.132106228774623,-0.001799842945424207,5.21992279969835e-07,0.4130718210621721
22.142857142857142,7.678392608546377,1.6607954596817829,0.5221696245076827,-1.1321062287708314,-0.001446678769810389,3.3722729012100953e-07,0.4131090742224271
22.857142857142858,7.926082692693035,1.6609450356170368,0.5222021206132421,-1.1321062287711645,-0.001162795401691702,2.1785721410831833e-07,0.4131389710806034
23.571428571428573,8.173772776839694,1.6610652593777244,0.5222282295678823,-1.1321062287649837,-0.0009346134098338899,1.407403949546245e-07,0.4131629706212704
24.285714285714285,8.421462860986349,1.661161876936504,0.522249205345634,-1.132106228777948,-0.0007512311111341208,9.092710621708973e-08,0.41318223808861243
25.0,8.669152945133007,1.66123954083518,0.5222660619896914,-1.1321062287776265,-0.0006038204682439485,5.8742855945403895e-08,0.41319771310577647
25.714285714285715,8.916843029279665,1.6613019630592605,0.5222796077252216,-1.1321062287770671,-0.00048533760199120923,3.795087330373466e-08,0.41321014290410035
26.42857142857143,9.164533113426323,1.6613521336973407,0.5222904930596985,-1.1321062287761134,-0.00039010814845477637,2.45188171408796e-08,0.4132201278007698
27.142857142857142,9.41222319757298,1.6613924637648236,0.5222992421690029,-1.132106228776388,-0.0003135564348516473,1.5840079272331386e-08,0.413228150807209
27.857142857142858,9.659913281719637,1.6614248851815594,0.5223062748494584,-1.132106228775382,-0.00025201587838624695,1.0232431947209782e-08,0.413234598300814
28.571428571428573,9.907603365866294,1.6614509369582044,0.5223119253798223,-1.1321062287760135,-0.00020256550771627357,6.6107654980778044e-09,0.413239777660645
29.285714285714285,10.155293450012952,1.6614718745533317,0.5223164663526174,-1.1321062287776158,-0.00016282245416765484,4.2711763594205844e-09,0.41324393934276604
30.0,10.402983534159608,1.6614887066706079,0.5223201167235937,-1.1321062287776098,-0.00013087215085133552,2.7593825044711193e-09,0.4132472843990338
30.714285714285715,10.650673618306266,1.6615022348956139,0.5223230504517259,-1.1321062287775177,-0.00010519312769277644,1.782752151217631e-09,0.4132499724848334
31.42857142857143,10.898363702452924,1.6615131071568658,0.5223254081242964,-1.1321062287773707,-8.455555000180803e-05,1.1518595075277764e-09,0.41325213257588467
32.142857142857146,11.146053786599582,1.6615218478250118,0.5223273035022337,-1.132106228777396,-6.796409764492362e-05,7.44172492754214e-10,0.4132538690026172
32.85714285714286,11.393743870746238,1.6615288771625238,0.5223288277501542,-1.1321062287773578,-5.462105361031533e-05,4.806556245910104e-10,0.41325526535114265
33.57142857142857,11.641433954892895,1.661534526720369,0.5223300527828058,-1.1321062287772095,-4.389708368729428e-05,3.104450370789394e-10,0.4132563875449716
34.285714285714285,11.889124039039553,1.6615390616467716,0.5223310361074865,-1.1321062287775268,-3.528889364845522e-05,2.0062685698050002e-10,0.4132572882913253
35.0,12.13681412318621,1.661542708964987,0.5223318269594678,-1.1321062287775967,-2.836555377427885e-05,1.2962691793343454e-10,0.41325801270929396
35.714285714285715,12.384504207332869,1.6615456413601828,0.5223324627878336,-1.1321062287775976,-2.2799276830576254e-05,8.374416312001303e-11,0.4132585951135926
36.42857142857143,12.632194291479525,1.6615479978998597,0.522332973750078,-1.1321062287775905,-1.8326087100534183e-05,5.4106779873570946e-11,0.4132590631352623
37.142857142857146,12.879884375626183,1.6615498912057476,0.5223333842680304,-1.1321062287775743,-1.4732207274908982e-05,3.496613816228549e-11,0.41325943914861313
37.85714285714286,13.127574459772841,1.66155141319941,0.522333714274191,-1.13210622877757,-1.1843152531471057e-05,2.259677906156001e-11,0.4132597414139103
38.57142857142857,13.375264543919496,1.6615526381606942,0.5223339798752628,-1.1321062287775747,-9.517925196211863e-06,1.4594739922969562e-11,0.4132599846859215
39.285714285714285,13.622954628066154,1.6615536243580302,0.522334193705882,-1.132106228777567,-7.64592026530897e-06,9.418271988828628e-12,0.4132601805384064
40.0,13.870644712212812,1.6615544163273372,0.5223343654228843,-1.1321062287775558,-6.142599698166773e-06,6.078774837158386e-12,0.4132603378171279
40.714285714285715,14.118334796359468,1.6615550498762923,0.5223345027904458,-1.132106228777581,-4.9399933550187125e-06,3.931554519491001e-12,0.41326046363396096
41.42857142857143,14.366024880506128,1.6615555597918772,0.5223346133513496,-1.132106228777595,-3.972068476965074e-06,2.541821108264587e-12,0.4132605648978337
42.142857142857146,14.613714964652782,1.6615559704185026,0.5223347023841095,-1.1321062287775945,-3.192614425023832e-06,1.6421182770717008e-12,0.41326064644361926
42.85714285714286,14.861405048799444,1.661556300482287,0.5223347739490205,-1.1321062287775945,-2.5660852153719382e-06,1.0608490983079887e-12,0.41326071199030906
43.57142857142857,15.109095132946097,1.6615565654878501,0.5223348314078634,-1.1321062287775936,-2.0630499092955112e-06,6.856948826976969e-13,0.4132607646170726
44.285714285714285,15.356785217092755,1.6615567781642142,0.522334877520591,-1.1321062287775931,-1.6593462124070424e-06,4.4359376906735704e-13,0.41326080685182187
45.0,15.604475301239413,1.6615569491333821,0.5223349145902968,-1.1321062287775927,-1.3348113805100592e-06,2.870458067410599e-13,0.4132608408040045
45.714285714285715,15.85216538538607,1.6615570870855,0.5223349445011991,-1.132106228777593,-1.0729497279815536e-06,1.85468492166622e-13,0.41326086819940344
46.42857142857143,16.09985546953273,1.6615571987459812,0.5223349687115163,-1.132106228777593,-8.609950341298411e-07,1.1942979219273365e-13,0.4132608903736177
47.142857142857146,16.34754555367939,1.6615572889199806,0.5223349882631113,-1.1321062287775925,-6.898261237509029e-07,7.666385427462141e-14,0.41326090828089984
47.85714285714286,16.595235637826043,1.6615573608995962,0.5223350038697827,-1.1321062287775918,-5.531939160918764e-07,4.9302184142992575e-14,0.41326092257502356
48.57142857142857,16.842925721972698,1.6615574175191847,0.5223350161460791,-1.1321062287775931,-4.4571821805616807e-07,3.2006054117525556e-14,0.4132609338188569
49.285714285714285,17.090615806119356,1.6615574630117025,0.5223350260097953,-1.132106228777594,-3.593640023891176e-07,2.0805612381899148e-14,0.41326094285301
50.0,17.338305890266014,1.6615575001368699,0.5223350340592967,-1.132106228777594,-2.8889274888976857e-07,1.3445737845266263e-14,0.4132609502255269
50.714285714285715,17.585995974412672,1.6615575300202616,0.5223350405386312,-1.1321062287775943,-2.3216788441748903e-07,8.683916564988047e-15,0.41326095615993075
51.42857142857143,17.83368605855933,1.661557554023979,0.5223350457431309,-1.132106228777594,-1.8660385880941988e-07,5.6098673577295765e-15,0.4132609609267164
52.142857142857146,18.081376142705988,1.6615575732084313,0.5223350499027145,-1.132106228777594,-1.5018779597752996e-07,3.633964148433089e-15,0.4132609647364659
52.85714285714286,18.329066226852646,1.6615575884884604,0.5223350532157387,-1.132106228777594,-1.211831368586047e-07,2.36589643177928e-15,0.41326096777085397
53.57142857142857,18.5767563109993,1.6615576006941644,0.522335055862186,-1.1321062287775945,-9.801418338062362e-08,1.5477086137871113e-15,0.4132609701947262
54.285714285714285,18.82444639514596,1.661557610565426,0.5223350580024783,-1.1321062287775936,-7.927648454364444e-08,1.0125118481623424e-15,0.41326097215501256
55.0,19.072136479292617,1.6615576187091554,0.5223350597682059,-1.132106228777594,-6.381799974586322e-08,6.561418249294481e-16,0.4132609737722364
55.714285714285715,19.319826563439275,1.661557625548252,0.5223350612510624,-1.132106228777594,-5.0835978204766263e-08,4.163453469545102e-16,0.41326097513037946
56.42857142857143,19.567516647585933,1.6615576312912945,0.5223350624962718,-1.1321062287775943,-3.9934494211468774e-08,2.5692580252217176e-16,0.4132609762708624
57.142857142857146,19.815206731732587,1.6615576359519677,0.5223350635068014,-1.132106228777594,-3.108757115621863e-08,1.5569867956871945e-16,0.41326097719640276
57.85714285714286,20.062896815879245,1.6615576394472298,0.5223350642646458,-1.132106228777594,-2.4452840058364345e-08,9.633186290715733e-17,0.41326097789050986
58.57142857142857,20.310586900025903,1.6615576418032323,0.5223350647754755,-1.1321062287775943,-1.998065948805028e-08,6.431777046606677e-17,0.4132609783583769
59.285714285714285,20.55827698417256,1.6615576434979957,0.5223350651429349,-1.1321062287775936,-1.676364727587476e-08,4.527394851730126e-17,0.4132609786949316
60.0,20.805967068319216,1.6615576451879153,0.5223350655093442,-1.132106228777594,-1.3555830125078216e-08,2.9604898718998705e-17,0.41326097903052444
60.714285714285715,21.053657152465874,1.6615576465516493,0.5223350658050296,-1.1321062287775938,-1.0967180524845688e-08,1.9377659856455002e-17,0.41326097930134176
61.42857142857143,21.301347236612532,1.6615576476847116,0.5223350660507008,-1.1321062287775938,-8.816393504140763e-09,1.2522564450722882e-17,0.41326097952635105
62.142857142857146,21.54903732075919,1.6615576486077155,0.5223350662508269,-1.132106228777594,-7.0643410565729425e-09,8.039974292376754e-18,0.41326097970964587
62.85714285714286,21.796727404905848,1.661557649310042,0.5223350664031058,-1.132106228777594,-5.731180252599444e-09,5.291751957777213e-18,0.41326097984911747
63.57142857142857,22.044417489052503,1.6615576497891937,0.5223350665069957,-1.1321062287775938,-4.821650634312391e-09,3.745439807667895e-18,0.41326097994426986
64.28571428571429,22.292107573199164,1.661557650070448,0.5223350665679773,-1.132106228777594,-4.287771693256559e-09,2.9619290365706306e-18,0.4132609800001228
65.0,22.53979765734582,1.6615576502107514,0.522335066598398,-1.1321062287775938,-4.0214468421950755e-09,2.605409594928919e-18,0.41326098002798495
65.71428571428572,22.787487741492477,1.6615576502907978,0.5223350666157538,-1.132106228777594,-3.8695023019119645e-09,2.412245818446875e-18,0.413260980043881
66.42857142857143,23.035177825639135,1.6615576503992355,0.5223350666392652,-1.132106228777594,-3.6636649269894406e-09,2.1624338815386103e-18,0.4132609800654151
67.14285714285714,23.28286790978579,1.661557650612944,0.5223350666856016,-1.132106228777594,-3.2580022846229184e-09,1.710070883484516e-18,0.4132609801078544
67.85714285714286,23.53055799393245,1.6615576509773236,0.5223350667646066,-1.1321062287775938,-2.566334117437563e-09,1.0610546150820427e-18,0.41326098018021473
68.57142857142857,23.778248078079105,1.6615576514905455,0.5223350668758836,-1.132106228777594,-1.5921328422319192e-09,4.08385153614021e-19,0.413260980282133
69.28571428571429,24.025938162225764,1.6615576520956976,0.522335067007093,-1.132106228777594,-4.4342879368386434e-10,3.1678099886232556e-20,0.4132609804023072
70.0,24.27362824637242,1.6615576526847766,0.5223350671348174,-1.132106228777594,6.747651049021641e-10,7.335277930671976e-20,0.4132609805192895
70.71428571428572,24.52131833051908,1.6615576531184653,0.52233506722885,-1.132106228777594,1.4979961160399569e-09,3.615203243496455e-19,0.4132609806054136
71.42857142857143,24.769008414665738,1.6615576532656393,0.5223350672607604,-1.132106228777594,1.7773629235051658e-09,5.0893647330093385e-19,0.4132609806346402
72.14285714285714,25.01669849881239,1.6615576530665466,0.5223350672175929,-1.132106228777594,1.3994435887898504e-09,3.1551654454279606e-19,0.4132609805951033
72.85714285714286,25.26438858295905,1.6615576526236029,0.5223350671215536,-1.132106228777594,5.586447970884478e-10,5.027856338081049e-20,0.41326098050714133
73.57142857142857,25.512078667105705,1.6615576523237456,0.5223350670565384,-1.132106228777594,-1.0546535866851059e-11,1.7919711410772087e-23,0.4132609804475941
74.28571428571429,25.759768751252366,1.6615576523160474,0.5223350670548693,-1.132106228777594,-2.5159430094845447e-11,1.0197951496985526e-22,0.41326098044606535
75.0,26.00745883539902,1.661557652303545,0.5223350670521586,-1.132106228777594,-4.889147420250595e-11,3.851036265723408e-22,0.41326098044358256
75.71428571428572,26.255148919545682,1.6615576522969733,0.5223350670507337,-1.132106228777594,-6.136582908489174e-11,6.066868136452398e-22,0.41326098044227755
76.42857142857143,26.502839003692337,1.661557652298585,0.5223350670510831,-1.132106228777594,-5.830616545132727e-11,5.476969275861413e-22,0.4132609804425976
77.14285714285714,26.75052908783899,1.6615576523054678,0.5223350670525755,-1.132106228777594,-4.524150498674828e-11,3.297504755194611e-22,0.4132609804439644
77.85714285714286,26.99821917198565,1.6615576523121809,0.522335067054031,-1.132106228777594,-3.249878144373497e-11,1.7015530655969926e-22,0.4132609804452975
78.57142857142857,27.245909256132308,1.6615576523127693,0.5223350670541586,-1.132106228777594,-3.138173054750837e-11,1.5865914938071295e-22,0.41326098044541437
79.28571428571429,27.49359934027897,1.6615576523022197,0.5223350670518713,-1.1321062287775938,-5.140693426497478e-11,4.25750094411041e-22,0.4132609804433194
80.0,27.741289424425624,1.6615576522774154,0.5223350670464931,-1.132106228777594,-9.849077109436166e-11,1.5627964591174088e-21,0.4132609804383936
80.71428571428572,27.98897950857228,1.661557652237652,0.5223350670378717,-1.132106228777594,-1.7397000506846894e-10,4.875959566458121e-21,0.4132609804304972
81.42857142857143,28.236669592718936,1.6615576521847761,0.5223350670264071,-1.1321062287775936,-2.743391347426183e-10,1.2125143090422757e-20,0.4132609804199968
82.14285714285714,28.484359676865594,1.6615576521230033,0.5223350670130135,-1.132106228777594,-3.915969215562143e-10,2.4705285750353485e-20,0.41326098040772974
82.85714285714286,28.732049761012256,1.6615576520584814,0.5223350669990238,-1.132106228777594,-5.140729786301534e-10,4.2575611706116496e-20,0.41326098039491654
83.57142857142857,28.97973984515891,1.6615576519986557,0.5223350669860524,-1.132106228777594,-6.276343056388356e-10,6.346359801286442e-20,0.4132609803830361
84.28571428571429,29.227429929305565,1.6615576519514976,0.5223350669758274,-1.132106228777594,-7.171502280911568e-10,8.28574617750928e-20,0.4132609803736712
85.0,29.475120013452223,1.6615576519246575,0.522335066970008,-1.132106228777594,-7.680981406466003e-10,9.504839134381917e-20,0.41326098036834114
85.71428571428572,29.722810097598888,1.6615576519246038,0.5223350669699964,-1.132106228777594,-7.682003921871683e-10,9.507369928516263e-20,0.41326098036833053
86.42857142857143,29.97050018174554,1.6615576519558057,0.5223350669767616,-1.132106228777594,-7.089726306030997e-10,8.097860353128106e-20,0.41326098037452674
87.14285714285714,30.218190265892193,1.6615576520200228,0.5223350669906852,-1.1321062287775943,-5.870753883030488e-10,5.552634554847858e-20,0.41326098038727926
87.85714285714286,30.46588035003885,1.661557652115761,0.5223350670114432,-1.132106228777594,-4.053444524476646e-10,2.6470357735064552e-20,0.41326098040629144
88.57142857142857,30.71357043418551,1.6615576522379558,0.5223350670379375,-1.132106228777594,-1.7339304991814686e-10,4.843671872835731e-21,0.41326098043055753
89.28571428571429,30.961260518332175,1.6615576523779425,0.5223350670682895,-1.132106228777594,9.233069864222898e-11,1.3734206941548957e-21,0.4132609804583568
90.0,31.208950602478826,1.6615576525237759,0.5223350670999092,-1.132106228777594,3.691522643123335e-10,2.1954442667414983e-20,0.41326098048731713
90.71428571428572,31.456640686625487,1.6615576526609575,0.5223350671296529,-1.132106228777594,6.295514387577583e-10,6.385189413323317e-20,0.4132609805145594
91.42857142857143,31.70433077077214,1.6615576527736322,0.5223350671540831,-1.1321062287775945,8.434313802929694e-10,1.1460692325014806e-19,0.41326098053693483
92.14285714285714,31.952020854918796,1.6615576528463167,0.5223350671698426,-1.1321062287775938,9.81401654387426e-10,1.5516898339446046e-19,0.4132609805513689
92.85714285714286,32.19971093906546,1.6615576528662155,0.5223350671741571,-1.132106228777594,1.0191738009091011e-09,1.673431136800852e-19,0.41326098055532057
93.57142857142857,32.44740102321211,1.6615576528261902,0.5223350671654787,-1.132106228777594,9.431972702866886e-10,1.4332317278591647e-19,0.41326098054737215
94.28571428571429,32.69509110735878,1.6615576527284397,0.5223350671442845,-1.132106228777594,7.576468896708377e-10,9.24794062344249e-20,0.41326098052796034
95.0,32.942781191505425,1.6615576525889522,0.5223350671140407,-1.132106228777594,4.92870605439677e-10,3.913606700997561e-20,0.41326098050026017
95.71428571428572,33.19047127565209,1.6615576524427906,0.5223350670823499,-1.132106228777594,2.1542567729682105e-10,7.476636686687047e-21,0.41326098047123466
96.42857142857143,33.43816135979875,1.6615576523502713,0.5223350670622898,-1.132106228777594,3.9804770590734506e-11,2.552593117284306e-22,0.41326098045286175
97.14285714285714,33.685851443945396,1.6615576591323025,0.5223350685327702,-1.1321062287776031,1.2913500935241018e-08,2.6865772908033628e-17,0.4132609817996631
97.85714285714286,33.93354152809206,1.6615576796033804,0.5223350729713108,-1.1321062287776291,5.177183601268176e-08,4.3181574602738706e-16,0.413260985864887
98.57142857142857,34.18123161223871,1.6615577025337307,0.522335077943071,-1.1321062287776573,9.529837852184642e-08,1.463128134705501e-15,0.41326099041848297
99.28571428571429,34.42892169638537,1.6615577206950216,0.5223350818808036,-1.1321062287776789,1.2977226138133346e-07,2.713157981494589e-15,0.41326099402502137
100.0,34.67661178053203,1.6615577305653333,0.5223350840208855,-1.1321062287776895,1.4850815313605104e-07,3.553136817678489e-15,0.413260995985106
100.71428571428572,34.92430186467869,1.6615577314543424,0.5223350842136408,-1.1321062287776897,1.501956767291368e-07,3.634345409038803e-15,0.41326099616164985
101.42857142857143,35.171991948825344,1.661557724734032,0.5223350827565431,-1.1321062287776809,1.3743913918062844e-07,3.043211873685636e-15,0.4132609948271062
102.14285714285714,35.419682032972,1.6615577131695267,0.5223350802491263,-1.1321062287776662,1.1548731845834048e-07,2.1487205275639473e-15,0.4132609925305837
102.85714285714286,35.66737211711866,1.6615577003446473,0.5223350774684352,-1.1321062287776507,9.114304749813229e-08,1.338315261925502e-15,0.41326098998377087
103.57142857142857,35.915062201265314,1.6615576901767852,0.5223350752638385,-1.1321062287776384,7.184234435131387e-08,8.315192954418183e-16,0.41326098796459787
104.28571428571429,36.162752285411976,1.6615576865156934,0.5223350744700399,-1.1321062287776353,6.489283482791208e-08,6.784296712046234e-16,0.4132609872375631
105.0,36.41044236955863,1.661557692820791,0.5223350758371108,-1.1321062287776456,7.686121183958505e-08,9.517563758229992e-16,0.41326098848965087
105.71428571428572,36.65813245370529,1.6615577119115792,0.5223350799763757,-1.1321062287776722,1.130994713716138e-07,2.0607840680828053e-15,0.41326099228076835
106.42857142857143,36.90582253785195,1.661557745785767,0.5223350873209781,-1.1321062287777162,1.7739967828056535e-07,5.070105436463626e-15,0.41326099900762836
107.14285714285714,37.1535126219986,1.6615577954997032,0.5223350980999553,-1.132106228777776,2.717670028185015e-07,1.1898844262024422e-14,0.4132610088800044
107.85714285714286,37.40120270614526,1.6615578611057125,0.5223351123246526,-1.1321062287778465,3.96300771310365e-07,2.530236754863571e-14,0.4132610219082875
108.57142857142857,37.64889279029192,1.6615579416409336,0.5223351297863024,-1.1321062287779218,5.491732775475544e-07,4.8588121738458873e-14,0.41326103790126945
109.28571428571429,37.89658287443858,1.6615580351622579,0.5223351500635995,-1.1321062287779926,7.266961034868569e-07,8.507794134995608e-14,0.41326105647308053
110.0,38.14427295858523,1.6615581388219633,0.522335172539101,-1.132106228778051,9.234636868249435e-07,1.3738867821468258e-13,0.4132610770582097
110.71428571428572,38.39196304273189,1.6615582489786442,0.522335196423277,-1.132106228778091,1.1325638889225775e-06,2.066506193907804e-13,0.4132610989335329
111.42857142857143,38.63965312687855,1.6615583613380327,0.5223352207850441,-1.1321062287781067,1.345845301259363e-06,2.918109375918291e-13,0.4132611212462789
112.14285714285714,38.887343211025204,1.66155847111831,0.5223352445876083,-1.1321062287780994,1.5542310404514925e-06,3.891727539414121e-13,0.413261143046856
112.85714285714286,39.135033295171866,1.661558573234506,0.522335266728446,-1.132106228778071,1.7480687767579273e-06,4.922982517342743e-13,0.41326116332547197
113.57142857142857,39.38272337931852,1.6615586624965821,0.5223352860822531,-1.1321062287780292,1.9175067356158593e-06,5.923590808301866e-13,0.4132611810514696
114.28571428571429,39.630413463465175,1.6615587338157978,0.5223353015456885,-1.132106228777984,2.0528854261514518e-06,6.789544999860956e-13,0.4132611952143074
115.0,39.878103547611836,1.6615587824139573,0.522335312082744,-1.132106228777947,2.1451348344858623e-06,7.41345122169747e-13,0.4132612048651136
115.71428571428572,40.12579363175849,1.6615588040301332,0.5223353167695648,-1.132106228777928,2.186166830925318e-06,7.69977160918466e-13,0.41326120915773695
116.42857142857143,40.373483715905145,1.6615587951194666,0.5223353148375546,-1.1321062287779322,2.169252534323096e-06,7.581086806746522e-13,0.4132612073882262
117.14285714285714,40.62117380005181,1.6615587530386384,0.5223353057135889,-1.1321062287779609,2.089374376706976e-06,7.033051134190188e-13,0.4132611990316609
117.85714285714286,40.86886388419846,1.6615586762126127,0.5223352890561681,-1.1321062287780073,1.9435426168723513e-06,6.085543751070009e-13,0.41326118377526466
118.57142857142857,41.11655396834512,1.6615585642772468,0.5223352647863388,-1.1321062287780552,1.731066046645191e-06,4.827680708838963e-13,0.41326116154672476
119.28571428571429,41.36424405249178,1.6615584181923688,0.5223352331122109,-1.1321062287780834,1.4537666325475929e-06,3.404871049732883e-13,0.4132611325366473
120.0,41.61193413663843,1.6615582403199154,0.522335194545899,-1.1321062287780639,1.1161278372084915e-06,2.0069621006811457e-13,0.4132610972140749
120.71428571428572,41.85962422078509,1.6615580344617338,0.5223351499117199,-1.1321062287779675,7.253663736883631e-07,8.476687001223483e-14,0.4132610563339925
121.42857142857143,42.10731430493175,1.6615578058516387,0.5223351003444692,-1.1321062287777666,2.914171249868147e-07,1.3681744262616748e-14,0.41326101093575085
122.14285714285714,42.35500438907841,1.6615575610963282,0.5223350472766113,-1.1321062287774422,-1.7317901435109917e-07,4.831721331114372e-15,0.4132609623313329
122.85714285714286,42.602694473225064,1.6615573080597517,0.5223349924132078,-1.1321062287769876,-6.534946326852697e-07,6.880110662478373e-14,0.41326091208239074
123.57142857142857,42.85038455737172,1.6615570556855277,0.5223349376934147,-1.1321062287764139,-1.1325528944672314e-06,2.0664665735848346e-13,0.4132608619649815
124.28571428571429,43.09807464151838,1.6615568137520131,0.5223348852373758,-1.132106228775751,-1.5917924684472062e-06,4.082106286944508e-13,0.41326081392092756
125.0,43.345764725665035,1.661556592554617,0.5223348372773424,-1.132106228775049,-2.011670564155965e-06,6.519663171408548e-13,0.41326076999472894
125.71428571428572,43.593454809811696,1.661556402509958,0.5223347960718469,-1.1321062287743715,-2.3724143194403524e-06,9.067603616651252e-13,0.41326073225495624
126.42857142857143,43.84114489395835,1.661556253676464,0.522334763801758,-1.1321062287737949,-2.6549307988454895e-06,1.1355803737709412e-12,0.4132607026990488
127.14285714285714,44.088834978105005,1.6615561551860105,0.5223347424470502,-1.1321062287733916,-2.8418858545598003e-06,1.3011421207631361e-12,0.4132606831404479
127.85714285714286,44.33652506225167,1.6615561145811955,0.5223347336431103,-1.132106228773222,-2.9189621082725825e-06,1.3726771164941677e-12,0.41326067507699027
128.57142857142858,44.58421514639833,1.6615561370528475,0.5223347385154142,-1.1321062287733221,-2.8763063137926537e-06,1.3328514422716503e-12,0.41326067953949
129.28571428571428,44.831905230544976,1.661556224572369,0.5223347574914015,-1.1321062287736912,-2.7101763397652245e-06,1.1833318892948344e-12,0.4132606969194355
130.0,45.07959531469164,1.6615563749135032,0.5223347900883747,-1.132106228774289,-2.424798057842903e-06,9.472456228192687e-13,0.413260726774729
130.71428571428572,45.3272853988383,1.6615565805581338,0.5223348346762554,-1.132106228775035,-2.0344423627416397e-06,6.668101760607188e-13,0.41326076761239605
131.42857142857144,45.574975482984954,1.661556827480705,0.5223348882140214,-1.132106228775823,-1.565732601821468e-06,3.949540806666367e-13,0.4132608166471906
132.14285714285714,45.82266556713161,1.661557093805866,0.5223349459586574,-1.1321062287765424,-1.06019265880275e-06,1.8108437478240926e-13,0.4132608695350252
132.85714285714286,46.07035565127827,1.6615573483339325,0.5223350011454463,-1.1321062287771038,-5.770459492460134e-07,5.364535994107315e-14,0.4132609200801515
133.57142857142858,46.31804573542493,1.6615575489287697,0.5223350446384294,-1.1321062287774577,-1.9627556588353023e-07,6.206458114044044e-15,0.4132609599150193
134.28571428571428,46.56573581957158,1.6615576407626858,0.5223350645498643,-1.1321062287775923,-2.19558315417423e-08,7.766245666492702e-17,0.4132609781517417
135.0,46.81342590371823,1.6615576425220877,0.5223350649313385,-1.1321062287775927,-1.8616122393622092e-08,5.583284978826307e-17,0.41326097850113197
135.71428571428572,47.0611159878649,1.6615576430228582,0.5223350650399158,-1.1321062287775934,-1.766555654536539e-08,5.0276610673408845e-17,0.4132609786005774
136.42857142857144,47.308806072011556,1.661557644140978,0.5223350652823471,-1.1321062287775931,-1.5543133335960135e-08,3.8921403212919164e-17,0.4132609788226193
137.14285714285714,47.55649615615821,1.66155764582466,0.5223350656474038,-1.1321062287775931,-1.2347156685965643e-08,2.4560955753108015e-17,0.4132609791569736
137.85714285714286,47.80418624030487,1.6615576473262774,0.5223350659729853,-1.132106228777593,-9.496775671413715e-09,1.452993604223015e-17,0.4132609794551725
138.57142857142858,48.05187632445153,1.6615576477489276,0.5223350660646244,-1.132106228777593,-8.694498038197551e-09,1.2178684263996459e-17,0.41326097953910446
139.28571428571428,48.29956640859818,1.6615576464121014,0.5223350657747731,-1.1321062287775931,-1.1232071217559536e-08,2.032502276995876e-17,0.4132609792736305
140.0,48.54725649274484,1.6615576430608734,0.5223350650481581,-1.1321062287775934,-1.7593395906789766e-08,4.986670765384015e-17,0.4132609786081263
140.71428571428572,48.7949465768915,1.661557637943018,0.5223350639385019,-1.1321062287775938,-2.7308145605919876e-08,1.2014225088821212e-16,0.4132609775917959
141.42857142857144,49.04263666103816,1.6615576317784686,0.5223350626019011,-1.1321062287775943,-3.9009736885198265e-08,2.451643888322851e-16,0.4132609763676078
142.14285714285714,49.29032674518481,1.6615576256455284,0.5223350612721538,-1.1321062287775945,-5.065132754888957e-08,4.133262717963717e-16,0.41326097514969673
142.85714285714286,49.538016829331475,1.6615576208082417,0.5223350602233306,-1.1321062287775947,-5.983349957161543e-08,5.767666702669875e-16,0.4132609741890832
143.57142857142858,49.78570691347813,1.661557618509343,0.5223350597248823,-1.132106228777595,-6.419728545981052e-08,6.639642184638357e-16,0.413260973732556
144.28571428571428,50.03339699762478,1.6615576197531896,0.5223350599945737,-1.1321062287775945,-6.183620679389712e-08,6.1602314270057925e-16,0.4132609739795655
145.0,50.281087081771446,1.6615576251030915,0.5223350611545423,-1.1321062287775943,-5.168098540786481e-08,4.3030155685397047e-16,0.41326097504197684
145.71428571428572,50.5287771659181,1.6615576345174496,0.5223350631957684,-1.1321062287775938,-3.38105834718494e-08,1.8416906187935024e-16,0.4132609769115289
146.42857142857144,50.77646725006476,1.6615576472491136,0.5223350659562546,-1.132106228777593,-9.643248477519961e-09,1.4981595207137782e-17,0.4132609794398488
147.14285714285714,51.02415733421141,1.66155766183237,0.5223350691182039,-1.1321062287775918,1.803879293160726e-08,5.242353335519522e-17,0.4132609823358674
147.85714285714286,51.27184741835807,1.661557676181973,0.5223350722294924,-1.1321062287775896,4.5277312066271946e-08,3.302726525705153e-16,0.41326098518548604
148.57142857142858,51.51953750250473,1.6615576878286273,0.5223350747547262,-1.1321062287775883,6.73850745480653e-08,7.315411598665523e-16,0.41326098749833895
149.28571428571428,51.76722758665138,1.6615576943153367,0.5223350761611779,-1.1321062287775872,7.969819296183012e-08,1.0233125224657662e-15,0.4132609887865033
150.0,52.01491767079804,1.661557693779028,0.5223350760448952,-1.1321062287775872,7.868016776990672e-08,9.973369153729761e-16,0.4132609886800003
150.71428571428572,52.2626077549447,1.661557685741862,0.5223350743022724,-1.1321062287775887,6.342396133285355e-08,6.48064254821546e-16,0.41326098708393805
151.42857142857144,52.510297839091365,1.661557672136642,0.5223350713523816,-1.1321062287775907,3.759843572592736e-08,2.27746071719113e-16,0.4132609843821429
152.14285714285714,52.75798792323802,1.661557658590735,0.5223350684153507,-1.132106228777592,1.1885498168995312e-08,2.2758630337511152e-17,0.4132609816921264
152.85714285714286,53.005678007384674,1.6615576545672917,0.5223350675429856,-1.1321062287775927,4.2481690387674576e-09,2.907467855862546e-18,0.4132609808931301
153.57142857142858,53.25336809153133,1.6615576544270312,0.5223350675125743,-1.132106228777593,3.981925733587133e-09,2.5544514610478403e-18,0.4132609808652765
154.28571428571428,53.50105817567798,1.661557654274568,0.5223350674795172,-1.1321062287775927,3.692518929510058e-09,2.1966294605834083e-18,0.4132609808349996
155.0,53.748748259824644,1.6615576539643453,0.5223350674122546,-1.1321062287775925,3.103652168601201e-09,1.5518774754132839e-18,0.413260980773394
155.71428571428572,53.9964383439713,1.6615576535901846,0.5223350673311288,-1.1321062287775927,2.393417464219283e-09,9.228864179397394e-19,0.41326098069909123
156.42857142857144,54.24412842811797,1.6615576533412442,0.5223350672771534,-1.132106228777593,1.920876901984059e-09,5.944432663443368e-19,0.4132609806496554
157.14285714285714,54.491818512264615,1.6615576534004541,0.5223350672899914,-1.1321062287775927,2.0332698857927767e-09,6.660416687035787e-19,0.4132609806614136
157.85714285714286,54.73950859641128,1.6615576538801002,0.5223350673939885,-1.1321062287775927,2.9437374482466083e-09,1.3960773740052222e-18,0.4132609807566642
158.57142857142858,54.98719868055794,1.6615576547892408,0.5223350675911088,-1.132106228777593,4.6694743349728896e-09,3.512750696528318e-18,0.4132609809372059
159.28571428571428,55.234888764704586,1.6615576560276293,0.5223350678596168,-1.1321062287775927,7.020192260842606e-09,7.939796208952046e-18,0.41326098118313137
160.0,55.48257884885125,1.6615576574008235,0.5223350681573534,-1.1321062287775925,9.626799551964993e-09,1.4930529195732885e-17,0.4132609814558273
160.71428571428572,55.7302689329979,1.6615576586511585,0.5223350684284517,-1.132106228777593,1.2000194227201888e-08,2.319999511328325e-17,0.4132609817041251
161.42857142857144,55.97795901714456,1.6615576594992592,0.5223350686123374,-1.132106228777593,1.361006474187576e-08,2.984226103823889e-17,0.4132609818725453
162.14285714285714,56.22564910129122,1.6615576596907733,0.5223350686538615,-1.1321062287775927,1.3973598306238344e-08,3.145776413933414e-17,0.41326098191057714
162.85714285714286,56.47333918543787,1.661557659043,0.5223350685134109,-1.132106228777593,1.2743990085439805e-08,2.616508757119146e-17,0.413260981781939
163.57142857142858,56.72102926958454,1.6615576574860933,0.5223350681758417,-1.132106228777593,9.7886591887697e-09,1.5436817110252106e-17,0.4132609814727606
164.28571428571428,56.96871935373119,1.6615576550935194,0.5223350676570826,-1.132106228777593,5.247058149082662e-09,4.435505248314111e-18,0.41326098099763114
165.0,57.21640943787784,1.6615576520964404,0.5223350670072544,-1.1321062287775931,-4.4201836635338054e-10,3.147690140058383e-20,0.4132609804024559
165.71428571428572,57.46409952202451,1.6615576488767088,0.5223350663091506,-1.1321062287775927,-6.5537356652711765e-09,6.919730576238537e-18,0.4132609797630653
166.42857142857144,57.711789606171166,1.6615576459331474,0.5223350656709262,-1.1321062287775923,-1.21412248588193e-08,2.3748509013324982e-17,0.4132609791785179
167.14285714285714,57.95947969031782,1.6615576438157915,0.5223350652118401,-1.1321062287775927,-1.616040457008694e-08,4.207419370663797e-17,0.4132609787580427
167.85714285714286,58.207169774464475,1.6615576430227728,0.5223350650398974,-1.1321062287775923,-1.7665718388126805e-08,5.027753189463003e-17,0.413260978600561
168.57142857142858,58.45485985861113,1.6615576438545216,0.5223350652202375,-1.1321062287775927,-1.6086886989175042e-08,4.1692253132221794e-17,0.41326097876573387
169.28571428571428,58.702549942757784,1.6615576462199677,0.5223350657331147,-1.1321062287775927,-1.159678036932732e-08,2.166637263594298e-17,0.4132609792354761
170.0,58.950240026904446,1.6615576493894137,0.5223350664203156,-1.1321062287775927,-5.580515383130091e-09,5.017183240720447e-18,0.41326097986488086
170.71428571428572,59.19793011105111,1.6615576516887611,0.5223350669188612,-1.1321062287775927,-1.2158779261195463e-09,2.3817232243456165e-19,0.41326098032149694
171.42857142857144,59.445620195197776,1.6615576500279128,0.5223350665587552,-1.1321062287775934,-4.368512329655516e-09,3.074528159993571e-18,0.4132609799916767
172.14285714285714,59.69331027934442,1.6615576455244012,0.5223350655823011,-1.1321062287775945,-1.291711029804965e-08,2.6880793211730025e-17,0.41326097909734527
172.85714285714286,59.94100036349108,1.661557642039548,0.5223350648267132,-1.132106228777595,-1.953208378369098e-08,6.14622565881866e-17,0.41326097840530446
173.57142857142858,60.18869044763774,1.661557641049264,0.5223350646119993,-1.1321062287775954,-2.1411847767049963e-08,7.386175768818275e-17,0.4132609782086486
174.28571428571428,60.43638053178439,1.6615576423658773,0.5223350648974682,-1.132106228777595,-1.8912642923973877e-08,5.762564378556361e-17,0.4132609784701088
175.0,60.684070615931056,1.6615576448157257,0.5223350654286457,-1.132106228777594,-1.4262323128066967e-08,3.2771165501245923e-17,0.41326097895661285
175.71428571428572,60.9317607000777,1.661557646781985,0.5223350658549712,-1.1321062287775938,-1.0529955657423429e-08,1.7863412561478945e-17,0.41326097934708317
176.42857142857144,61.17945078422437,1.6615576466239943,0.5223350658207155,-1.1321062287775936,-1.0829854762972602e-08,1.889542256814828e-17,0.4132609793157084
177.14285714285714,61.42714086837102,1.6615576429843542,0.5223350650315666,-1.132106228777595,-1.7738645996523417e-08,5.069350008222734e-17,0.413260978592929
177.85714285714286,61.67483095251768,1.6615576349950647,0.5223350632993241,-1.1321062287775971,-3.290397285193869e-08,1.744247146798147e-16,0.4132609770063728
178.57142857142858,61.92252103666435,1.6615576223939776,0.522335060567149,-1.1321062287776005,-5.682344669799555e-08,5.201953811312537e-16,0.4132609745039811
179.28571428571428,62.170211120811,1.661557605562829,0.5223350569178092,-1.1321062287776038,-8.877245388783095e-08,1.2696025835321895e-15,0.413260971161561
180.0,62.41790120495765,1.6615575854981255,0.5223350525673683,-1.1321062287776074,-1.2685941722101468e-07,2.5927268975533708e-15,0.41326096717700433
180.71428571428572,62.66559128910431,1.6615575637261528,0.5223350478467563,-1.1321062287776102,-1.681871306113969e-07,4.557187250682665e-15,0.41326096285340896
181.42857142857144,62.913281373250975,1.6615575421733795,0.5223350431736713,-1.1321062287776122,-2.0909875794727917e-07,7.0439174759379295e-15,0.41326095857334344
182.14285714285714,63.16097145739763,1.6615575230035216,0.5223350390172514,-1.1321062287776131,-2.4548711766159137e-07,9.708871838776945e-15,0.41326095476649016
182.85714285714286,63.40866154154428,1.6615575084325453,0.5223350358579637,-1.1321062287776134,-2.7314584724602575e-07,1.2019891856660216e-14,0.4132609518729075
183.57142857142858,63.65635162569094,1.6615575005328709,0.5223350341451517,-1.1321062287776131,-2.881410648969407e-07,1.3375858644566198e-14,0.4132609503041479
184.28571428571428,63.90404170983759,1.6615575010380534,0.5223350342546856,-1.1321062287776127,-2.8718212360945294e-07,1.3286976349573666e-14,0.41326095040446986
185.0,64.15173179398425,1.6615575111592096,0.5223350364491609,-1.1321062287776127,-2.679700738805746e-07,1.1568683716714044e-14,0.41326095241438365
185.71428571428572,64.39942187813092,1.661557531424458,0.5223350408430841,-1.1321062287776118,-2.295024362219955e-07,8.485666398077262e-15,0.4132609564387658
186.42857142857144,64.64711196227756,1.661557561552648,0.5223350473754962,-1.1321062287776091,-1.7231289214936218e-07,4.783512299847153e-15,0.4132609624217839
187.14285714285714,64.89480204642422,1.6615576003726449,0.5223350557924709,-1.1321062287776036,-9.862449779074467e-08,1.5670431574930442e-15,0.4132609701308676
187.85714285714286,65.14249213057089,1.6615576457994399,0.5223350656419354,-1.1321062287775931,-1.2395029530543056e-08,2.4751782237438372e-17,0.4132609791519648
188.57142857142858,65.39018221471756,1.6615576948783606,0.522335076283256,-1.1321062287775776,8.076693258640688e-08,1.0509414425094738e-15,0.4132609888983207
189.28571428571428,65.6378722988642,1.6615577439086477,0.5223350869140317,-1.1321062287775583,1.7383658068581553e-07,4.868483216634198e-15,0.4132609986350187
190.0,65.88556238301085,1.66155778865767,0.5223350966165411,-1.1321062287775359,2.587795036035345e-07,1.0788748823058529e-14,0.41326100752151995
190.71428571428572,66.13325246715752,1.661557824677048,0.5223351044262837,-1.1321062287775157,3.271517527436707e-07,1.7242880999948935e-14,0.41326101467444154
191.42857142857144,66.38094255130417,1.6615578477319564,0.5223351094250624,-1.1321062287775012,3.7091475121875384e-07,2.2164581576860844e-14,0.413261019252809
192.14285714285714,66.62863263545083,1.6615578543548772,0.522335110861048,-1.1321062287774977,3.834864285845452e-07,2.369252369642275e-14,0.41326102056802394
192.85714285714286,66.8763227195975,1.6615578425350712,0.5223351082982706,-1.1321062287775057,3.610499846318227e-07,2.100129078618074e-14,0.41326101822078287
193.57142857142858,67.12401280374414,1.6615578125550394,0.5223351017979823,-1.1321062287775243,3.041416659910201e-07,1.4902638623331236e-14,0.4132610122671866
194.28571428571428,67.37170288789079,1.6615577679852471,0.5223350921343336,-1.1321062287775487,2.1953895734672102e-07,7.764876053690073e-15,0.41326100341627725
195.0,67.61939297203746,1.6615577168483766,0.5223350810468071,-1.1321062287775718,1.2247057584735543e-07,2.416433552843388e-15,0.4132609932612424
195.71428571428572,67.86708305618411,1.6615576729643828,0.5223350715318537,-1.1321062287775876,3.91696603208036e-08,2.4717864790176745e-16,0.41326098454652294
196.42857142857144,68.11477314033077,1.6615576576710884,0.5223350682159519,-1.1321062287775947,1.0139817319121391e-08,1.656424343145744e-17,0.41326098150949614
197.14285714285714,68.36246322447742,1.66155768729671,0.5223350746393711,-1.132106228777663,6.637535504561143e-08,7.097821194825273e-16,0.4132609873926331
197.85714285714286,68.61015330862409,1.6615577266685853,0.5223350831759714,-1.1321062287777488,1.4111129445493198e-07,3.2080039058129225e-15,0.413260995211211
198.57142857142858,68.85784339277075,1.6615577498622551,0.5223350882048182,-1.1321062287777952,1.851376651429426e-07,5.522057180657106e-15,0.41326099981707853
199.28571428571428,69.1055334769174,1.6615577501328849,0.5223350882634978,-1.1321062287777903,1.8565137835380163e-07,5.552744500328367e-15,0.4132609998708262
200.0,69.35322356106406,1.6615577330979345,0.5223350845699857,-1.1321062287777495,1.5331553071540327e-07,3.78689826203694e-15,0.41326099648798265
200.71428571428572,69.60091364521071,1.6615577111797835,0.5223350798176981,-1.1321062287777006,1.1171035990686917e-07,2.0104729775758422e-15,0.4132609921354162
201.42857142857144,69.84860372935738,1.6615576992081584,0.5223350772220121,-1.1321062287776784,8.898574521687408e-08,1.2757107724925845e-15,0.41326098975805337
202.14285714285714,70.09629381350403,1.6615577110822095,0.5223350797965373,-1.132106228777715,1.1152513848533552e-07,2.003811573095222e-15,0.4132609921160248
202.85714285714286,70.34398389765069,1.6615577573920808,0.5223350898374259,-1.132106228777833,1.9943081852602518e-07,6.407607153460432e-15,0.41326100131235016
203.57142857142858,70.59167398179734,1.6615578438998224,0.5223351085940042,-1.1321062287780337,3.636403518580966e-07,2.1303720964091443e-14,0.4132610184912739
204.28571428571428,70.839364065944,1.6615579707794883,0.5223351361040107,-1.1321062287782957,6.044841413810342e-07,5.886825176084079e-14,0.4132610436873615
205.0,71.08705415009065,1.6615581325162676,0.5223351711717261,-1.1321062287785806,9.114939554522028e-07,1.3385015762552752e-13,0.41326107580546884
205.71428571428572,71.33474423423732,1.6615583183644946,0.5223352114672787,-1.1321062287788428,1.2642723168643233e-06,2.575090766522154e-13,0.4132611127116944
206.42857142857144,71.58243431838399,1.6615585132643846,0.5223352537254106,-1.132106228779044,1.6342326515095262e-06,4.302679863506286e-13,0.4132611514154273
207.14285714285714,71.83012440253063,1.6615586991173392,0.5223352940219897,-1.1321062287791641,1.987020073812573e-06,6.360858873854561e-13,0.4132611883226005
207.85714285714286,72.07781448667728,1.6615588563196706,0.5223353281065509,-1.1321062287792103,2.285422709469298e-06,8.414809994866765e-13,0.4132612195402616
208.57142857142858,72.32550457082395,1.6615589654545888,0.5223353517691519,-1.1321062287792092,2.4925834429812e-06,1.00094597899413e-12,0.4132612412125727
209.28571428571428,72.5731946549706,1.6615590090422967,0.5223353612198289,-1.1321062287791932,2.57532197006638e-06,1.0684994163889658e-12,0.41326124986834845
210.0,72.82088473911726,1.661558973248044,0.5223353534589358,-1.1321062287791803,2.5073770510974924e-06,1.012862565004337e-12,0.41326124276024634
210.71428571428572,73.06857482326392,1.661558849447979,0.5223353266166509,-1.1321062287791535,2.272378835072031e-06,8.319030354084228e-13,0.41326121817571826
211.42857142857144,73.31626490741058,1.66155863555265,0.5223352802399397,-1.132106228779051,1.8663611484337483e-06,5.611805716913793e-13,0.41326117569983467
212.14285714285714,73.56395499155722,1.6615583369880014,0.5223352155052522,-1.132106228778771,1.2996236238294046e-06,2.72111237342421e-13,0.4132611164100935
212.85714285714286,73.8116450757039,1.661557967233708,0.522335135335246,-1.132106228778196,5.9775355609748e-07,5.756462137520806e-14,0.4132610429833241
213.57142857142858,74.05933515985055,1.661557547818695,0.5223350443978149,-1.1321062287772352,-1.9838262765858872e-07,6.3404287901984235e-15,0.41326095969479715
214.28571428571428,74.3070252439972,1.6615571076736926,0.5223349489657096,-1.1321062287758736,-1.0338683849309138e-06,1.7220347121332038e-13,0.41326087228965236
215.0,74.55471532814386,1.661556681740666,0.5223348566150365,-1.1321062287742116,-1.8423766726671786e-06,5.468500816666243e-13,0.4132607877067562
215.71428571428572,74.80240541229053,1.6615563087389709,0.5223347757409149,-1.1321062287724808,-2.5504102583173704e-06,1.0479282664316878e-12,0.4132607136350982
216.42857142857144,75.05009549643718,1.6615560279880799,0.5223347148685824,-1.1321062287710124,-3.0833328254487036e-06,1.5316244820612706e-12,0.4132606578828402
217.14285714285714,75.29778558058383,1.6615558751867237,0.5223346817382287,-1.132106228770164,-3.3733809929326064e-06,1.8333369325180533e-12,0.413260627539128
217.85714285714286,75.54547566473049,1.6615558770482968,0.5223346821418456,-1.132106228770202,-3.3698473584919952e-06,1.829498083210638e-12,0.413260627908777
218.57142857142858,75.79316574887716,1.66155604469237,0.522334718490376,-1.1321062287711836,-3.0516247035705657e-06,1.5002848685267565e-12,0.41326066119994265
219.28571428571428,76.0408558330238,1.661556365692159,0.522334788089448,-1.132106228772888,-2.4423015082541966e-06,9.609704034692239e-13,0.41326072494488597
220.0,76.28854591717047,1.6615567946777932,0.5223348811019792,-1.132106228774846,-1.6279989156486874e-06,4.2699190494976626e-13,0.41326081013394667
220.71428571428572,76.53623600131712,1.6615572423952312,0.5223349781759353,-1.1321062287765058,-7.781392867833858e-07,9.754972842782164e-14,0.4132608990428308
221.42857142857144,76.78392608546378,1.6615575631206694,0.5223350477155276,-1.1321062287774493,-1.693363985977303e-07,4.619681019699861e-15,0.4132609627333297
222.14285714285714,77.03161616961043,1.661557614000373,0.5223350587472538,-1.1321062287775676,-7.275623345459614e-08,8.528089752518868e-16,0.4132609728371684
222.85714285714286,77.2793062537571,1.6615576138096264,0.5223350587058951,-1.1321062287775705,-7.311831093370635e-08,8.613182466217071e-16,0.4132609727992863
223.57142857142858,77.52699633790375,1.661557615503677,0.5223350590731997,-1.1321062287775718,-6.990265241646476e-08,7.872245998619956e-16,0.4132609731356982
224.28571428571428,77.77468642205041,1.6615576213745793,0.522335060346132,-1.132106228777571,-5.8758463900021596e-08,5.56227188476826e-16,0.41326097430157294
225.0,78.02237650619706,1.6615576287914082,0.522335061954253,-1.1321062287775696,-4.467978634292713e-08,3.216129449130398e-16,0.4132609757744464
225.71428571428572,78.27006659034373,1.6615576332449473,0.5223350629198719,-1.1321062287775694,-3.6226046690179814e-08,2.1142348638715186e-16,0.41326097665885353
226.42857142857144,78.51775667449039,1.6615576304990751,0.5223350623245097,-1.1321062287775718,-4.1438281694894386e-08,2.7663990198885083e-16,0.41326097611356155
227.14285714285714,78.76544675863704,1.661557617959017,0.5223350596055657,-1.132106228777578,-6.524191126233703e-08,6.857482323818378e-16,0.41326097362328584
227.85714285714286,79.0131368427837,1.6615575953666393,0.5223350547070712,-1.1321062287775878,-1.0812692655126632e-07,1.883558293469464e-15,0.4132609691367648
228.57142857142858,79.26082692693035,1.6615575649329521,0.5223350481084191,-1.1321062287775985,-1.6589637100161703e-07,4.433892126865849e-15,0.41326096309307336
229.28571428571428,79.508517011077,1.6615575310179995,0.5223350407549568,-1.132106228777608,-2.3027397677566341e-07,8.542816473186014e-15,0.41326095635805316
230.0,79.75620709522367,1.6615574994683,0.5223350339143303,-1.1321062287776145,-2.9016184133201506e-07,1.356413032855065e-14,0.41326095009273833
230.71428571428572,80.00389717937033,1.661557476722019,0.522335028982467,-1.1321062287776176,-3.3333899293608305e-07,1.7901259857361934e-14,0.41326094557565574
231.42857142857144,80.25158726351698,1.6615574687920354,0.5223350272630829,-1.132106228777618,-3.48391743787424e-07,1.955451588842795e-14,0.4132609440008761
232.14285714285714,80.49927734766364,1.6615574802370832,0.5223350297446059,-1.1321062287776158,-3.2666667285075057e-07,1.7191786808605148e-14,0.4132609462736981
232.85714285714286,80.74696743181029,1.6615575132311315,0.5223350368983973,-1.1321062287776091,-2.6403713535017026e-07,1.123159358555859e-14,0.4132609528258404
233.57142857142858,80.99465751595696,1.6615575668411817,0.5223350485221636,-1.132106228777595,-1.6227415458591743e-07,4.242384831934487e-15,0.41326096347202307
234.28571428571428,81.24234760010361,1.6615576366236486,0.5223350636524439,-1.1321062287775687,-2.9812571439302715e-08,1.4318918556314676e-16,0.413260977329814
235.0,81.49003768425027,1.661557714649501,0.5223350805700601,-1.1321062287775288,1.1829667201368466e-07,2.2545319373759027e-15,0.4132609928246219
235.71428571428572,81.73772776839692,1.6615577900683312,0.5223350969224198,-1.1321062287774795,2.6145725345871895e-07,1.1013179574467934e-14,0.41326100780171254
236.42857142857144,81.98541785254359,1.661557850321525,0.5223351099865561,-1.132106228777433,3.758303163958754e-07,2.2755948648996318e-14,0.4132610197671262
237.14285714285714,82.23310793669025,1.6615578831147064,0.5223351170967945,-1.132106228777406,4.380785801338938e-07,3.091828247823861e-14,0.4132610262793772
237.85714285714286,82.4807980208369,1.6615578792596266,0.5223351162609329,-1.1321062287774115,4.307608376385996e-07,2.9893980640382966e-14,0.41326102551381205
238.57142857142858,82.72848810498355,1.6615578364956702,0.5223351069888235,-1.1321062287774502,3.495859727531414e-07,1.9688803441593944e-14,0.41326101702150553
239.28571428571428,82.97617818913021,1.6615577644011492,0.5223350913572419,-1.1321062287775059,2.1273561459644874e-07,7.291077894757827e-15,0.4132610027045724
240.0,83.22386827327686,1.6615576905045584,0.5223350753349346,-1.1321062287775523,7.246456040777005e-08,8.459850024294615e-16,0.4132609880297752
240.71428571428572,83.47155835742353,1.661557663877474,0.5223350695616331,-1.132106228777565,2.1920834702982006e-08,7.741507106186901e-17,0.4132609827420213
241.42857142857144,83.71924844157019,1.661557661611982,0.522335069070428,-1.1321062287775652,1.7620461451040015e-08,5.002025459746271e-17,0.4132609822921284
242.14285714285714,83.96693852571683,1.6615576597896076,0.5223350686752999,-1.1321062287775647,1.4161217476438281e-08,3.2308182501950066e-17,0.413260981930232
242.85714285714286,84.2146286098635,1.661557658326305,0.5223350683580259,-1.1321062287775652,1.138356595098422e-08,2.0876995557458513e-17,0.4132609816396419
243.57142857142858,84.46231869401016,1.6615576571547497,0.5223350681040086,-1.1321062287775652,9.159711572559459e-09,1.3516832745499497e-17,0.4132609814069885
244.28571428571428,84.71000877815682,1.661557656217463,0.5223350679007858,-1.1321062287775652,7.380547312196839e-09,8.775835625820236e-18,0.4132609812208574
245.0,84.95769886230347,1.6615576554644302,0.5223350677375128,-1.1321062287775647,5.951135334525404e-09,5.705727106466124e-18,0.41326098107131626
245.71428571428572,85.20538894645013,1.6615576548535984,0.5223350676050719,-1.1321062287775652,4.791649771407336e-09,3.698975695906521e-18,0.4132609809500142
246.42857142857144,85.4530790305968,1.6615576543526451,0.522335067496455,-1.132106228777565,3.840736645388532e-09,2.3765141335667165e-18,0.4132609808505323
247.14285714285714,85.70076911474344,1.6615576539404047,0.5223350674070728,-1.1321062287775652,3.058218844831373e-09,1.5067751996677294e-18,0.4132609807686675
247.85714285714286,85.9484591988901,1.6615576536063417,0.5223350673346411,-1.1321062287775652,2.424098255460194e-09,9.466987011555427e-19,0.4132609807023276
248.57142857142858,86.19614928303676,1.661557653346459,0.5223350672782932,-1.132106228777565,1.930787169035497e-09,6.0059284135398145e-19,0.41326098065071876
249.28571428571428,86.4438393671834,1.6615576531540317,0.5223350672365711,-1.1321062287775652,1.5655202412201419e-09,3.9484688630130684e-19,0.4132609806125056
250.0,86.69152945133007,1.661557653003549,0.5223350672039433,-1.1321062287775652,1.2798727355711748e-09,2.639033593234717e-19,0.41326098058262195
