delta_over_Delta0,q_ell0,H_phase_vacuum_at_fixed_a_0p6Delta0
0.05,0.4,2.6807851725589584
0.05,0.4031658291457287,2.6708921124714866
0.05,0.4063316582914573,2.660921061670694
0.05,0.40949748743718595,2.650872020156579
0.05,0.4126633165829146,2.6407449879291423
0.05,0.41582914572864327,2.630539964988384
0.05,0.4189949748743719,2.620256951334304
0.05,0.42216080402010053,2.6098959469669025
0.05,0.4253266331658292,2.5994569518861788
0.05,0.4284924623115578,2.5889399660921333
0.05,0.43165829145728646,2.5783449895847665
0.05,0.4348241206030151,2.5676720223640777
0.05,0.4379899497487437,2.5569210644300675
0.05,0.4411557788944724,2.546092115782735
0.05,0.44432160804020104,2.5351851764220807
0.05,0.44748743718592965,2.5242002463481055
0.05,0.4506532663316583,2.513137325560808
0.05,0.45381909547738697,2.5019964140601885
0.05,0.4569849246231156,2.490777511846248
0.05,0.46015075376884423,2.4794806189189855
0.05,0.4633165829145729,2.468105735278401
0.05,0.4664824120603015,2.4566528609244944
0.05,0.46964824120603016,2.4451219958572663
0.05,0.4728140703517588,2.433513140076717
0.05,0.4759798994974875,2.4218262935828454
0.05,0.47914572864321614,2.4100614563756526
0.05,0.48231155778894474,2.3982186284551377
0.05,0.4854773869346734,2.386297809821301
0.05,0.48864321608040207,2.3742990004741427
0.05,0.49180904522613067,2.362222200413662
0.05,0.49497487437185933,2.3500674096398604
0.05,0.498140703517588,2.337834628152737
0.05,0.5013065326633166,2.3255238559522917
0.05,0.5044723618090452,2.313135093038525
0.05,0.5076381909547739,2.3006683394114362
0.05,0.5108040201005025,2.2881235950710255
0.05,0.5139698492462312,2.275500860017293
0.05,0.5171356783919598,2.2628001342502393
0.05,0.5203015075376884,2.2500214177698634
0.05,0.523467336683417,2.2371647105761663
0.05,0.5266331658291458,2.224230012669146
0.05,0.5297989949748744,2.211217324048806
0.05,0.5329648241206031,2.1981266447151424
0.05,0.5361306532663317,2.184957974668158
0.05,0.5392964824120603,2.1717113139078523
0.05,0.542462311557789,2.158386662434224
0.05,0.5456281407035176,2.144984020247274
0.05,0.5487939698492462,2.1315033873470033
0.05,0.5519597989949749,2.11794476373341
0.05,0.5551256281407035,2.104308149406495
0.05,0.5582914572864321,2.090593544366259
0.05,0.5614572864321609,2.0768009486127
0.05,0.5646231155778895,2.0629303621458197
0.05,0.5677889447236182,2.0489817849656173
0.05,0.5709547738693468,2.034955217072094
0.05,0.5741206030150754,2.0208506584652484
0.05,0.577286432160804,2.0066681091450818
0.05,0.5804522613065327,1.9924075691115928
0.05,0.5836180904522613,1.9780690383647823
0.05,0.58678391959799,1.9636525169046495
0.05,0.5899497487437186,1.9491580047311958
0.05,0.5931155778894472,1.93458550184442
0.05,0.5962814070351758,1.9199350082443227
0.05,0.5994472361809046,1.9052065239309028
0.05,0.6026130653266332,1.8904000489041624
0.05,0.6057788944723619,1.875515583164099
0.05,0.6089447236180905,1.8605531267107147
0.05,0.6121105527638191,1.8455126795440089
0.05,0.6152763819095478,1.8303942416639805
0.05,0.6184422110552764,1.8151978130706308
0.05,0.621608040201005,1.7999233937639598
0.05,0.6247738693467337,1.7845709837439658
0.05,0.6279396984924623,1.769140583010651
0.05,0.6311055276381909,1.753632191564015
0.05,0.6342713567839197,1.738045809404056
0.05,0.6374371859296483,1.7223814365307757
0.05,0.640603015075377,1.7066390729441732
0.05,0.6437688442211056,1.6908187186442503
0.05,0.6469346733668342,1.6749203736310048
0.05,0.6501005025125628,1.6589440379044378
0.05,0.6532663316582915,1.6428897114645489
0.05,0.6564321608040201,1.626757394311338
0.05,0.6595979899497488,1.6105470864448053
0.05,0.6627638190954774,1.594258787864952
0.05,0.665929648241206,1.5778924985717757
0.05,0.6690954773869346,1.5614482185652783
0.05,0.6722613065326634,1.5449259478454591
0.05,0.675427135678392,1.528325686412318
0.05,0.6785929648241207,1.5116474342658546
0.05,0.6817587939698493,1.49489119140607
0.05,0.6849246231155779,1.4780569578329643
0.05,0.6880904522613065,1.4611447335465362
0.05,0.6912562814070352,1.444154518546786
0.05,0.6944221105527639,1.4270863128337143
0.05,0.6975879396984925,1.4099401164073213
0.05,0.7007537688442211,1.3927159292676063
0.05,0.7039195979899497,1.3754137514145701
0.05,0.7070854271356783,1.3580335828482115
0.05,0.7102512562814071,1.3405754235685308
0.05,0.7134170854271358,1.3230392735755288
0.05,0.7165829145728644,1.3054251328692053
0.05,0.719748743718593,1.2877330014495596
0.05,0.7229145728643216,1.2699628793165925
0.05,0.7260804020100503,1.2521147664703038
0.05,0.7292462311557789,1.2341886629106928
0.05,0.7324120603015076,1.2161845686377597
0.05,0.7355778894472362,1.1981024836515064
0.05,0.7387437185929648,1.1799424079519303
0.05,0.7419095477386934,1.161704341539033
0.05,0.7450753768844222,1.1433882844128136
0.05,0.7482412060301508,1.1249942365732724
0.05,0.7514070351758795,1.1065221980204087
0.05,0.7545728643216081,1.0879721687542248
0.05,0.7577386934673367,1.0693441487747188
0.05,0.7609045226130653,1.0506381380818905
0.05,0.764070351758794,1.03185413667574
0.05,0.7672361809045227,1.0129921445562686
0.05,0.7704020100502513,0.9940521617234752
0.05,0.7735678391959799,0.97503418817736
0.05,0.7767336683417085,0.9559382239179243
0.05,0.7798994974874371,0.9367642689451657
0.05,0.7830653266331659,0.9175123232590849
0.05,0.7862311557788946,0.8981823868596827
0.05,0.7893969849246232,0.878774459746959
0.05,0.7925628140703518,0.8592885419209134
0.05,0.7957286432160804,0.839724633381546
0.05,0.7988944723618091,0.8200827341288572
0.05,0.8020603015075377,0.8003628441628465
0.05,0.8052261306532664,0.7805649634835136
0.05,0.808391959798995,0.76068909209086
0.05,0.8115577889447236,0.7407352299848842
0.05,0.8147236180904522,0.7207033771655865
0.05,0.817889447236181,0.700593533632967
0.05,0.8210552763819096,0.6804056993870259
0.05,0.8242211055276383,0.6601398744277622
0.05,0.8273869346733669,0.6397960587551783
0.05,0.8305527638190955,0.6193742523692718
0.05,0.8337185929648241,0.5988744552700438
0.05,0.8368844221105528,0.5782966674574934
0.05,0.8400502512562815,0.5576408889316217
0.05,0.8432160804020101,0.5369071196924281
0.05,0.8463819095477387,0.516095359739913
0.05,0.8495477386934673,0.495205609074077
0.05,0.8527135678391959,0.4742378676949187
0.05,0.8558793969849247,0.45319213560243765
0.05,0.8590452261306534,0.4320684127966356
0.05,0.862211055276382,0.4108666992775117
0.05,0.8653768844221106,0.38958699504506594
0.05,0.8685427135678392,0.3682293000992996
0.05,0.8717085427135679,0.3467936144402097
0.05,0.8748743718592965,0.3252799380677992
0.05,0.8780402010050252,0.30368827098206597
0.05,0.8812060301507538,0.28201861318301225
0.05,0.8843718592964824,0.2602709646706366
0.05,0.887537688442211,0.23844532544493866
0.05,0.8907035175879398,0.21654169550591928
0.05,0.8938693467336684,0.19456007485357807
0.05,0.8970351758793971,0.17250046348791456
0.05,0.9002010050251257,0.1503628614089305
0.05,0.9033668341708543,0.1281472686166241
0.05,0.906532663316583,0.105853685110995
0.05,0.9096984924623116,0.08348211089204621
0.05,0.9128643216080402,0.06103254595977424
0.05,0.9160301507537689,0.03850499031417997
0.05,0.9191959798994975,0.015899443955265154
0.05,0.9223618090452261,-0.006784093116971087
0.05,0.9255276381909548,-0.029545620902530503
0.05,0.9286934673366835,-0.05238513940141091
0.05,0.9318592964824121,-0.07530264861361186
0.05,0.9350251256281408,-0.09829814853913688
0.05,0.9381909547738694,-0.12137163917798244
0.05,0.941356783919598,-0.14452312053014854
0.05,0.9445226130653267,-0.1677525925956387
0.05,0.9476884422110553,-0.19106005537444942
0.05,0.9508542713567839,-0.214445508866582
0.05,0.9540201005025126,-0.2379089530720364
0.05,0.9571859296482412,-0.2614503879908123
0.05,0.96035175879397,-0.2850698136229109
0.05,0.9635175879396985,-0.3087672299683296
0.05,0.9666834170854272,-0.33254263702707065
0.05,0.9698492462311559,-0.3563960347991344
0.05,0.9730150753768845,-0.38032742328451824
0.05,0.9761809045226131,-0.40433680248322484
0.05,0.9793467336683418,-0.42842417239525377
0.05,0.9825125628140704,-0.45258953302060323
0.05,0.985678391959799,-0.47683288435927457
0.05,0.9888442211055277,-0.5011542264112689
0.05,0.9920100502512563,-0.5255535591765841
0.05,0.9951758793969849,-0.55003088265522
0.05,0.9983417085427136,-0.5745861968471797
0.05,1.0015075376884424,-0.5992195017524607
0.05,1.004673366834171,-0.6239307973710619
0.05,1.0078391959798996,-0.648720083702986
0.05,1.0110050251256282,-0.6735873607482317
0.05,1.0141708542713568,-0.6985326285067993
0.05,1.0173366834170854,-0.723555886978688
0.05,1.020502512562814,-0.7486571361638976
0.05,1.0236683417085426,-0.7738363760624299
0.05,1.0268341708542714,-0.799093606674286
0.05,1.03,-0.824428827999462
0.1,0.4,2.667788657793755
0.1,0.4031658291457287,2.6586736762374468
0.1,0.4063316582914573,2.6494868378535035
0.1,0.40949748743718595,2.640228142641925
0.1,0.4126633165829146,2.630897590602711
0.1,0.41582914572864327,2.621495181735862
0.1,0.4189949748743719,2.6120209160413776
0.1,0.42216080402010053,2.602474793519258
0.1,0.4253266331658292,2.5928568141695028
0.1,0.4284924623115578,2.583166977992112
0.1,0.43165829145728646,2.573405284987087
0.1,0.4348241206030151,2.563571735154426
0.1,0.4379899497487437,2.5536663284941294
0.1,0.4411557788944724,2.543689065006198
0.1,0.44432160804020104,2.5336399446906315
0.1,0.44748743718592965,2.523518967547429
0.1,0.4506532663316583,2.513326133576592
0.1,0.45381909547738697,2.5030614427781193
0.1,0.4569849246231156,2.492724895152011
0.1,0.46015075376884423,2.482316490698268
0.1,0.4633165829145729,2.4718362294168896
0.1,0.4664824120603015,2.461284111307876
0.1,0.46964824120603016,2.450660136371227
0.1,0.4728140703517588,2.4399643046069426
0.1,0.4759798994974875,2.4291966160150227
0.1,0.47914572864321614,2.4183570705954676
0.1,0.48231155778894474,2.4074456683482777
0.1,0.4854773869346734,2.3964624092734517
0.1,0.48864321608040207,2.385407293370991
0.1,0.49180904522613067,2.3742803206408953
0.1,0.49497487437185933,2.3630814910831632
0.1,0.498140703517588,2.351810804697797
0.1,0.5013065326633166,2.340468261484795
0.1,0.5044723618090452,2.329053861444158
0.1,0.5076381909547739,2.3175676045758853
0.1,0.5108040201005025,2.3060094908799775
0.1,0.5139698492462312,2.294379520356434
0.1,0.5171356783919598,2.2826776930052564
0.1,0.5203015075376884,2.270904008826442
0.1,0.523467336683417,2.259058467819994
0.1,0.5266331658291458,2.247141069985909
0.1,0.5297989949748744,2.2351518153241896
0.1,0.5329648241206031,2.2230907038348344
0.1,0.5361306532663317,2.2109577355178445
0.1,0.5392964824120603,2.198752910373219
0.1,0.542462311557789,2.186476228400958
0.1,0.5456281407035176,2.1741276896010624
0.1,0.5487939698492462,2.1617072939735316
0.1,0.5519597989949749,2.1492150415183646
0.1,0.5551256281407035,2.1366509322355625
0.1,0.5582914572864321,2.124014966125126
0.1,0.5614572864321609,2.1113071431870525
0.1,0.5646231155778895,2.0985274634213456
0.1,0.5677889447236182,2.085675926828002
0.1,0.5709547738693468,2.072752533407024
0.1,0.5741206030150754,2.0597572831584103
0.1,0.577286432160804,2.046690176082162
0.1,0.5804522613065327,2.0335512121782773
0.1,0.5836180904522613,2.020340391446758
0.1,0.58678391959799,2.0070577138876033
0.1,0.5899497487437186,1.993703179500813
0.1,0.5931155778894472,1.980276788286388
0.1,0.5962814070351758,1.9667785402443274
0.1,0.5994472361809046,1.9532084353746313
0.1,0.6026130653266332,1.9395664736773006
0.1,0.6057788944723619,1.9258526551523336
0.1,0.6089447236180905,1.912066979799732
0.1,0.6121105527638191,1.8982094476194955
0.1,0.6152763819095478,1.8842800586116226
0.1,0.6184422110552764,1.870278812776115
0.1,0.621608040201005,1.856205710112972
0.1,0.6247738693467337,1.8420607506221938
0.1,0.6279396984924623,1.8278439343037807
0.1,0.6311055276381909,1.8135552611577317
0.1,0.6342713567839197,1.7991947311840475
0.1,0.6374371859296483,1.7847623443827285
0.1,0.640603015075377,1.7702581007537732
0.1,0.6437688442211056,1.7556820002971836
0.1,0.6469346733668342,1.741034043012959
0.1,0.6501005025125628,1.7263142289010982
0.1,0.6532663316582915,1.7115225579616022
0.1,0.6564321608040201,1.6966590301944708
0.1,0.6595979899497488,1.6817236455997047
0.1,0.6627638190954774,1.6667164041773033
0.1,0.665929648241206,1.651637305927266
0.1,0.6690954773869346,1.6364863508495944
0.1,0.6722613065326634,1.6212635389442867
0.1,0.675427135678392,1.6059688702113437
0.1,0.6785929648241207,1.5906023446507653
0.1,0.6817587939698493,1.5751639622625524
0.1,0.6849246231155779,1.5596537230467036
0.1,0.6880904522613065,1.54407162700322
0.1,0.6912562814070352,1.5284176741321
0.1,0.6944221105527639,1.5126918644333454
0.1,0.6975879396984925,1.496894197906956
0.1,0.7007537688442211,1.4810246745529307
0.1,0.7039195979899497,1.4650832943712706
0.1,0.7070854271356783,1.4490700573619755
0.1,0.7102512562814071,1.4329849635250438
0.1,0.7134170854271358,1.4168280128604773
0.1,0.7165829145728644,1.4005992053682754
0.1,0.719748743718593,1.384298541048439
0.1,0.7229145728643216,1.3679260199009675
0.1,0.7260804020100503,1.3514816419258593
0.1,0.7292462311557789,1.3349654071231167
0.1,0.7324120603015076,1.3183773154927387
0.1,0.7355778894472362,1.3017173670347253
0.1,0.7387437185929648,1.2849855617490773
0.1,0.7419095477386934,1.2681818996357936
0.1,0.7450753768844222,1.2513063806948737
0.1,0.7482412060301508,1.2343590049263198
0.1,0.7514070351758795,1.2173397723301294
0.1,0.7545728643216081,1.2002486829063046
0.1,0.7577386934673367,1.1830857366548446
0.1,0.7609045226130653,1.1658509335757492
0.1,0.764070351758794,1.1485442736690181
0.1,0.7672361809045227,1.1311657569346518
0.1,0.7704020100502513,1.1137153833726503
0.1,0.7735678391959799,1.096193152983014
0.1,0.7767336683417085,1.0785990657657416
0.1,0.7798994974874371,1.0609331217208344
0.1,0.7830653266331659,1.0431953208482918
0.1,0.7862311557788946,1.025385663148113
0.1,0.7893969849246232,1.0075041486203005
0.1,0.7925628140703518,0.9895507772648525
0.1,0.7957286432160804,0.9715255490817682
0.1,0.7988944723618091,0.9534284640710492
0.1,0.8020603015075377,0.9352595222326955
0.1,0.8052261306532664,0.9170187235667048
0.1,0.808391959798995,0.8987060680730806
0.1,0.8115577889447236,0.8803215557518199
0.1,0.8147236180904522,0.861865186602925
0.1,0.817889447236181,0.843336960626394
0.1,0.8210552763819096,0.8247368778222277
0.1,0.8242211055276383,0.8060649381904263
0.1,0.8273869346733669,0.7873211417309902
0.1,0.8305527638190955,0.768505488443918
0.1,0.8337185929648241,0.7496179783292115
0.1,0.8368844221105528,0.7306586113868685
0.1,0.8400502512562815,0.7116273876168899
0.1,0.8432160804020101,0.6925243070192774
0.1,0.8463819095477387,0.6733493695940288
0.1,0.8495477386934673,0.6541025753411456
0.1,0.8527135678391959,0.634783924260627
0.1,0.8558793969849247,0.615393416352472
0.1,0.8590452261306534,0.5959310516166824
0.1,0.862211055276382,0.5763968300532579
0.1,0.8653768844221106,0.5567907516621978
0.1,0.8685427135678392,0.537112816443503
0.1,0.8717085427135679,0.5173630243971712
0.1,0.8748743718592965,0.49754137552320593
0.1,0.8780402010050252,0.4776478698216043
0.1,0.8812060301507538,0.4576825072923678
0.1,0.8843718592964824,0.4376452879354962
0.1,0.887537688442211,0.41753621175098976
0.1,0.8907035175879398,0.39735527873884646
0.1,0.8938693467336684,0.3771024888990693
0.1,0.8970351758793971,0.35677784223165604
0.1,0.9002010050251257,0.33638133873660764
0.1,0.9033668341708543,0.31591297841392446
0.1,0.906532663316583,0.2953727612636048
0.1,0.9096984924623116,0.27476068728565123
0.1,0.9128643216080402,0.25407675648006206
0.1,0.9160301507537689,0.23332096884683645
0.1,0.9191959798994975,0.21249332438597732
0.1,0.9223618090452261,0.19159382309748257
0.1,0.9255276381909548,0.17062246498135097
0.1,0.9286934673366835,0.14957925003758543
0.1,0.9318592964824121,0.12846417826618428
0.1,0.9350251256281408,0.10727724966714755
0.1,0.9381909547738694,0.08601846424047645
0.1,0.941356783919598,0.0646878219861689
0.1,0.9445226130653267,0.04328532290422659
0.1,0.9476884422110553,0.021810966994649517
0.1,0.9508542713567839,0.0002647542574363976
0.1,0.9540201005025126,-0.0213533153074119
0.1,0.9571859296482412,-0.04304324169989497
0.1,0.96035175879397,-0.06480502492001448
0.1,0.9635175879396985,-0.08663866496776791
0.1,0.9666834170854272,-0.10854416184315781
0.1,0.9698492462311559,-0.13052151554618246
0.1,0.9730150753768845,-0.1525707260768419
0.1,0.9761809045226131,-0.17469179343513735
0.1,0.9793467336683418,-0.19688471762106802
0.1,0.9825125628140704,-0.219149498634633
0.1,0.985678391959799,-0.24148613647583445
0.1,0.9888442211055277,-0.26389463114467104
0.1,0.9920100502512563,-0.28637498264114203
0.1,0.9951758793969849,-0.308927190965249
0.1,0.9983417085427136,-0.33155125611699165
0.1,1.0015075376884424,-0.3542471780963703
0.1,1.004673366834171,-0.37701495690338244
0.1,1.0078391959798996,-0.39985459253802974
0.1,1.0110050251256282,-0.42276608500031354
0.1,1.0141708542713568,-0.4457494342902313
0.1,1.0173366834170854,-0.4688046404077846
0.1,1.020502512562814,-0.4919317033529743
0.1,1.0236683417085426,-0.515130623125798
0.1,1.0268341708542714,-0.5384013997262599
0.1,1.03,-0.561744033154354
0.2,0.4,2.607489806799246
0.2,0.4031658291457287,2.6008167822099675
0.2,0.4063316582914573,2.594091151658214
0.2,0.40949748743718595,2.587312915143985
0.2,0.4126633165829146,2.5804820726672797
0.2,0.41582914572864327,2.5735986242280986
0.2,0.4189949748743719,2.566662569826442
0.2,0.42216080402010053,2.5596739094623095
0.2,0.4253266331658292,2.552632643135702
0.2,0.4284924623115578,2.5455387708466186
0.2,0.43165829145728646,2.5383922925950593
0.2,0.4348241206030151,2.531193208381024
0.2,0.4379899497487437,2.5239415182045133
0.2,0.4411557788944724,2.516637222065527
0.2,0.44432160804020104,2.5092803199640645
0.2,0.44748743718592965,2.5018708119001274
0.2,0.4506532663316583,2.4944086978737134
0.2,0.45381909547738697,2.4868939778848245
0.2,0.4569849246231156,2.47932665193346
0.2,0.46015075376884423,2.471706720019619
0.2,0.4633165829145729,2.464034182143303
0.2,0.4664824120603015,2.4563090383045108
0.2,0.46964824120603016,2.448531288503243
0.2,0.4728140703517588,2.4407009327395
0.2,0.4759798994974875,2.432817971013281
0.2,0.47914572864321614,2.4248824033245864
0.2,0.48231155778894474,2.416894229673416
0.2,0.4854773869346734,2.4088534500597696
0.2,0.48864321608040207,2.4007600644836478
0.2,0.49180904522613067,2.3926140729450505
0.2,0.49497487437185933,2.384415475443977
0.2,0.498140703517588,2.376164271980428
0.2,0.5013065326633166,2.3678604625544035
0.2,0.5044723618090452,2.359504047165903
0.2,0.5076381909547739,2.351095025814927
0.2,0.5108040201005025,2.3426333985014756
0.2,0.5139698492462312,2.334119165225548
0.2,0.5171356783919598,2.325552325987145
0.2,0.5203015075376884,2.316932880786266
0.2,0.523467336683417,2.308260829622912
0.2,0.5266331658291458,2.2995361724970813
0.2,0.5297989949748744,2.2907589094087757
0.2,0.5329648241206031,2.281929040357994
0.2,0.5361306532663317,2.273046565344737
0.2,0.5392964824120603,2.264111484369004
0.2,0.542462311557789,2.255123797430795
0.2,0.5456281407035176,2.2460835045301106
0.2,0.5487939698492462,2.236990605666951
0.2,0.5519597989949749,2.227845100841315
0.2,0.5551256281407035,2.218646990053204
0.2,0.5582914572864321,2.209396273302617
0.2,0.5614572864321609,2.200092950589554
0.2,0.5646231155778895,2.1907370219140154
0.2,0.5677889447236182,2.181328487276001
0.2,0.5709547738693468,2.171867346675511
0.2,0.5741206030150754,2.162353600112546
0.2,0.577286432160804,2.1527872475871046
0.2,0.5804522613065327,2.143168289099187
0.2,0.5836180904522613,2.1334967246487953
0.2,0.58678391959799,2.1237725542359263
0.2,0.5899497487437186,2.1139957778605827
0.2,0.5931155778894472,2.1041663955227627
0.2,0.5962814070351758,2.0942844072224673
0.2,0.5994472361809046,2.084349812959696
0.2,0.6026130653266332,2.074362612734449
0.2,0.6057788944723619,2.0643228065467265
0.2,0.6089447236180905,2.0542303943965283
0.2,0.6121105527638191,2.0440853762838547
0.2,0.6152763819095478,2.0338877522087047
0.2,0.6184422110552764,2.0236375221710796
0.2,0.621608040201005,2.0133346861709787
0.2,0.6247738693467337,2.002979244208402
0.2,0.6279396984924623,1.9925711962833499
0.2,0.6311055276381909,1.9821105423958214
0.2,0.6342713567839197,1.9715972825458177
0.2,0.6374371859296483,1.9610314167333385
0.2,0.640603015075377,1.9504129449583831
0.2,0.6437688442211056,1.939741867220952
0.2,0.6469346733668342,1.9290181835210456
0.2,0.6501005025125628,1.9182418938586636
0.2,0.6532663316582915,1.9074129982338053
0.2,0.6564321608040201,1.896531496646472
0.2,0.6595979899497488,1.885597389096662
0.2,0.6627638190954774,1.8746106755843774
0.2,0.665929648241206,1.8635713561096166
0.2,0.6690954773869346,1.8524794306723802
0.2,0.6722613065326634,1.8413348992726681
0.2,0.675427135678392,1.8301377619104802
0.2,0.6785929648241207,1.8188880185858165
0.2,0.6817587939698493,1.8075856692986774
0.2,0.6849246231155779,1.7962307140490628
0.2,0.6880904522613065,1.7848231528369722
0.2,0.6912562814070352,1.7733629856624058
0.2,0.6944221105527639,1.7618502125253634
0.2,0.6975879396984925,1.7502848334258456
0.2,0.7007537688442211,1.7386668483638525
0.2,0.7039195979899497,1.7269962573393836
0.2,0.7070854271356783,1.715273060352439
0.2,0.7102512562814071,1.7034972574030183
0.2,0.7134170854271358,1.691668848491122
0.2,0.7165829145728644,1.6797878336167502
0.2,0.719748743718593,1.6678542127799025
0.2,0.7229145728643216,1.6558679859805796
0.2,0.7260804020100503,1.6438291532187803
0.2,0.7292462311557789,1.631737714494506
0.2,0.7324120603015076,1.619593669807755
0.2,0.7355778894472362,1.6073970191585296
0.2,0.7387437185929648,1.5951477625468278
0.2,0.7419095477386934,1.5828458999726502
0.2,0.7450753768844222,1.570491431435997
0.2,0.7482412060301508,1.5580843569368683
0.2,0.7514070351758795,1.5456246764752637
0.2,0.7545728643216081,1.5331123900511834
0.2,0.7577386934673367,1.520547497664628
0.2,0.7609045226130653,1.5079299993155963
0.2,0.764070351758794,1.4952598950040892
0.2,0.7672361809045227,1.4825371847301054
0.2,0.7704020100502513,1.4697618684936469
0.2,0.7735678391959799,1.456933946294713
0.2,0.7767336683417085,1.444053418133303
0.2,0.7798994974874371,1.4311202840094175
0.2,0.7830653266331659,1.4181345439230555
0.2,0.7862311557788946,1.4050961978742185
0.2,0.7893969849246232,1.3920052458629053
0.2,0.7925628140703518,1.3788616878891171
0.2,0.7957286432160804,1.365665523952853
0.2,0.7988944723618091,1.3524167540541125
0.2,0.8020603015075377,1.3391153781928975
0.2,0.8052261306532664,1.3257613963692054
0.2,0.808391959798995,1.312354808583039
0.2,0.8115577889447236,1.298895614834396
0.2,0.8147236180904522,1.2853838151232777
0.2,0.817889447236181,1.2718194094496837
0.2,0.8210552763819096,1.2582023978136136
0.2,0.8242211055276383,1.2445327802150683
0.2,0.8273869346733669,1.230810556654047
0.2,0.8305527638190955,1.2170357271305507
0.2,0.8337185929648241,1.203208291644578
0.2,0.8368844221105528,1.1893282501961298
0.2,0.8400502512562815,1.175395602785205
0.2,0.8432160804020101,1.1614103494118053
0.2,0.8463819095477387,1.1473724900759303
0.2,0.8495477386934673,1.1332820247775794
0.2,0.8527135678391959,1.1191389535167533
0.2,0.8558793969849247,1.1049432762934503
0.2,0.8590452261306534,1.090694993107672
0.2,0.862211055276382,1.076394103959418
0.2,0.8653768844221106,1.0620406088486884
0.2,0.8685427135678392,1.0476345077754838
0.2,0.8717085427135679,1.0331758007398022
0.2,0.8748743718592965,1.018664487741646
0.2,0.8780402010050252,1.0041005687810132
0.2,0.8812060301507538,0.9894840438579056
0.2,0.8843718592964824,0.974814912972322
0.2,0.887537688442211,0.9600931761242624
0.2,0.8907035175879398,0.9453188333137272
0.2,0.8938693467336684,0.9304918845407164
0.2,0.8970351758793971,0.9156123298052301
0.2,0.9002010050251257,0.9006801691072677
0.2,0.9033668341708543,0.8856954024468304
0.2,0.906532663316583,0.8706580298239162
0.2,0.9096984924623116,0.8555680512385273
0.2,0.9128643216080402,0.8404254666906625
0.2,0.9160301507537689,0.825230276180321
0.2,0.9191959798994975,0.8099824797075053
0.2,0.9223618090452261,0.7946820772722134
0.2,0.9255276381909548,0.7793290688744456
0.2,0.9286934673366835,0.7639234545142022
0.2,0.9318592964824121,0.7484652341914833
0.2,0.9350251256281408,0.7329544079062877
0.2,0.9381909547738694,0.7173909756586174
0.2,0.941356783919598,0.7017749374484716
0.2,0.9445226130653267,0.686106293275849
0.2,0.9476884422110553,0.6703850431407521
0.2,0.9508542713567839,0.654611187043179
0.2,0.9540201005025126,0.6387847249831299
0.2,0.9571859296482412,0.6229056569606051
0.2,0.96035175879397,0.6069739829756047
0.2,0.9635175879396985,0.5909897030281286
0.2,0.9666834170854272,0.5749528171181765
0.2,0.9698492462311559,0.5588633252457491
0.2,0.9730150753768845,0.542721227410846
0.2,0.9761809045226131,0.5265265236134677
0.2,0.9793467336683418,0.5102792138536123
0.2,0.9825125628140704,0.4939792981312826
0.2,0.985678391959799,0.47762677644647655
0.2,0.9888442211055277,0.4612216487991945
0.2,0.9920100502512563,0.4447639151894375
0.2,0.9951758793969849,0.42825357561720445
0.2,0.9983417085427136,0.41169063008249573
0.2,1.0015075376884424,0.3950750785853107
0.2,1.004673366834171,0.37840692112565105
0.2,1.0078391959798996,0.36168615770351503
0.2,1.0110050251256282,0.34491278831890376
0.2,1.0141708542713568,0.32808681297181713
0.2,1.0173366834170854,0.31120823166225414
0.2,1.020502512562814,0.29427704439021624
0.2,1.0236683417085426,0.2772932511557019
0.2,1.0268341708542714,0.26025685195871123
0.2,1.03,0.24316784679924525
