time,amplitude,temperature,total_energy,vacuum_energy,excitation_energy,converted_heat,energy_residual
0.0,0.6,0.18918355867258418,-0.3093819818917019,-0.3638972245557566,0.05451524266405474,0.0,0.0
0.01875,0.6020212537205046,0.19059567140109668,-0.3093819818916037,-0.3651342312974705,0.05575224940586682,0.0010894607090771182,9.81992265280951e-14
0.0375,0.6040310159230582,0.19198376469002665,-0.3093819818915078,-0.36636021505744537,0.05697823316593757,0.002166568726279884,1.9412249585570862e-13
0.056249999999999994,0.6060293401242532,0.19334866356091684,-0.3093819818914141,-0.36757524987936674,0.05819326798795263,0.003231451516927804,2.8782531913407183e-13
0.075,0.6080162796567177,0.19469114201155413,-0.3093819818913226,-0.36877940988202657,0.05939742799070399,0.0042842353719901825,3.7930769636318473e-13
0.09375,0.6099918876781136,0.19601192750050841,-0.30938198189123317,-0.36997276924713857,0.060590787355905396,0.00532504542659775,4.687361609967411e-13
0.11249999999999999,0.6119562171789978,0.19731170493632666,-0.3093819818911457,-0.37115540220687654,0.06177342031573086,0.006354005677039082,5.562217353372034e-13
0.13125,0.6139093209896692,0.19859112023639092,-0.30938198189106025,-0.3723273830312145,0.06294540114015422,0.007371238996416977,6.416533970821092e-13
0.15,0.6158512517861144,0.19985078351058966,-0.3093819818909765,-0.3734887860151346,0.06410680412415809,0.008376867149119078,7.254197242900773e-13
0.16874999999999998,0.6177820620951489,0.20109127191693693,-0.30938198189089455,-0.3746396854657646,0.06525770357487005,0.009371010804238935,8.073541835074138e-13
0.1875,0.6197018042988407,0.20231313222929448,-0.30938198189081434,-0.37578015568949374,0.06639817379867943,0.010353789548067805,8.875677970365814e-13
0.20625,0.6216105306382955,0.20351688315183858,-0.30938198189073574,-0.37691027097911306,0.06752828908837735,0.011325321895763652,9.661715871800425e-13
0.22499999999999998,0.6235082932168703,0.2047030174100342,-0.3093819818906587,-0.3780301056010187,0.06864812371035998,0.012285725302291625,1.0432210650890283e-12
0.24375,0.6253951440028783,0.20587200364386588,-0.3093819818905832,-0.3791397337825114,0.06975775189192823,0.013235116172719602,1.118716230763539e-12
0.2625,0.6272711348318405,0.20702428812563392,-0.30938198189050936,-0.380239229699222,0.07085724780871266,0.01417360987194298,1.1925460619011119e-12
0.28125,0.6291363174083316,0.20816029632180744,-0.309381981890437,-0.3813286674626866,0.07194668557224962,0.015101320733904555,1.2649326031066721e-12
0.3,0.6309907433074662,0.2092804343157333,-0.30938198189036603,-0.3824081211080947,0.07302613921772866,0.016018362070368032,1.3358758543802196e-12
0.31875,0.6328344639760627,0.21038509010616982,-0.3093819818902964,-0.3834776645822273,0.07409568269193091,0.01692484617929718,1.405486838024217e-12
0.33749999999999997,0.6346675307335226,0.21147463479452888,-0.3093819818902281,-0.3845373717316017,0.07515538984137361,0.01782088435288691,1.4738210651898953e-12
0.35625,0.6364899947724548,0.21254942367228757,-0.3093819818901611,-0.38558731629083515,0.07620533440067406,0.018706586885287382,1.5408230247260235e-12
0.375,0.6383019071590751,0.21360979721862713,-0.3093819818900953,-0.3866275718712394,0.07724558998114411,0.01958206308005785,1.606603738935064e-12
0.39375,0.640103318833405,0.21465608201719014,-0.3093819818900308,-0.3876582119496554,0.07827623005962459,0.020447421257382706,1.6711076966657856e-12
0.4125,0.6418942806092949,0.2156885915998274,-0.30938198188996757,-0.3886793098575344,0.07929732796756683,0.02130276876107879,1.7343348979181883e-12
0.43124999999999997,0.6436748431742904,0.21670762722431972,-0.30938198188990546,-0.3896909387702734,0.08030895688036795,0.022148211965419693,1.7964518761459658e-12
0.44999999999999996,0.6454450570893617,0.21771347859228476,-0.30938198188984445,-0.39069317169680834,0.08131118980696386,0.02298385628179997,1.857458631349118e-12
0.46875,0.6472049727885127,0.21870642451280312,-0.3093819818897847,-0.391686081469469,0.08230409957968429,0.02380980616525962,1.9171886300739516e-12
0.4875,0.6489546405782846,0.21968673351670379,-0.30938198188972593,-0.3926697407340978,0.08328775884437188,0.024626165120886948,1.9759749392278536e-12
0.50625,0.6506941106371673,0.22065466442592793,-0.3093819818896682,-0.3936442219404354,0.08426224005076721,0.025433035710115758,2.0337065365083618e-12
0.525,0.6524234330149333,0.22161046688193045,-0.30938198188961163,-0.3946095973327721,0.08522761544316047,0.02623051955693118,2.0902723996130135e-12
0.54375,0.6541426576319013,0.22255438183667461,-0.309381981889556,-0.3955659389408659,0.08618395705130988,0.027018717353996663,2.145894573146734e-12
0.5625,0.6558518342781423,0.2234866420094155,-0.3093819818895014,-0.3965133185711278,0.08713133668162643,0.027797728868713265,2.2005175459582915e-12
0.5812499999999999,0.6575510126126375,0.22440747231215236,-0.30938198188944777,-0.3974518077980715,0.08806982590862372,0.028567652949221034,2.2541413180476866e-12
0.6,0.6592402421623931,0.22531709024634664,-0.30938198188939503,-0.3983814779560263,0.08899949606663127,0.029328587530351145,2.3068769117173815e-12
0.61875,0.6609195723215229,0.2262157062732542,-0.3093819818893433,-0.39930240013111296,0.08992041824176966,0.030080629639536356,2.358613304664914e-12
0.6375,0.6625890523503026,0.22710352415999538,-0.30938198188929245,-0.4002146451534771,0.09083266326418467,0.03082387540268644,2.409461519192746e-12
0.65625,0.6642487313742033,0.2279807413032882,-0.3093819818892425,-0.4011182835897804,0.0917363017005379,0.0315584200500344,2.459421555300878e-12
0.6749999999999999,0.665898658382908,0.22884754903259316,-0.3093819818891934,-0.4020133857359444,0.092631403846751,0.03228435792195849,2.50849341298931e-12
0.69375,0.667538882229318,0.22970413289425767,-0.3093819818891453,-0.40290002161014543,0.09351803972100015,0.033001782474784476,2.5566215811068105e-12
0.7125,0.6691694516285511,0.2305506729181054,-0.3093819818890979,-0.40377826094605507,0.09439627905695719,0.03371078628657182,2.6040281042583047e-12
0.73125,0.6707904151569367,0.23138734386778917,-0.3093819818890513,-0.4046481731863255,0.09526619129727418,0.03441146106288708,2.65060196014133e-12
0.75,0.6724018212510113,0.23221431547610907,-0.30938198188900556,-0.40550982747631276,0.09612784558730718,0.03510389764256725,2.6963431487558864e-12
0.7687499999999999,0.6740037182065169,0.23303175266639434,-0.3093819818889606,-0.4063632926580361,0.09698131076907553,0.03578818600347532,2.7413071812532053e-12
0.7875,0.6755961541774054,0.23383981576095467,-0.3093819818889164,-0.4072086372643691,0.09782665537545274,0.03646441526825001,2.7854940576332865e-12
0.80625,0.6771791771748508,0.23463866067752026,-0.3093819818888729,-0.4080459295134575,0.09866394762458455,0.03713267371005132,2.8290148001985926e-12
0.825,0.6787528350662725,0.23542843911451578,-0.30938198188883026,-0.4088752373033607,0.0994932554145304,0.03779304875830295,2.8716473643441986e-12
0.84375,0.6803171755743703,0.23620929872594196,-0.3093819818887883,-0.4096966282069119,0.10031464631812362,0.038445627004432874,2.9136137946750296e-12
0.8624999999999999,0.6818722462761737,0.23698138328657736,-0.309381981888747,-0.41051016946679353,0.10112818757804651,0.03909049420761257,2.9549140911910854e-12
0.88125,0.6834180946021061,0.23774483284815515,-0.30938198188870647,-0.4113159279908222,0.10193394610211576,0.03972773530049565,2.9954372315899036e-12
0.8999999999999999,0.6849547678350665,0.23849978388711804,-0.3093819818886666,-0.4121139703474407,0.10273198845877406,0.04035743439495606,3.0352942381739467e-12
0.91875,0.6864823131095278,0.23924636944450703,-0.30938198188862737,-0.4129043627614106,0.10352238087278327,0.04097967478782614,3.074540622094446e-12
0.9375,0.6880007774106554,0.2399847192584982,-0.30938198188858884,-0.41368717110970427,0.10430518922111541,0.041594538966634544,3.113065361048939e-12
0.9562499999999999,0.6895102075734438,0.24071495989005987,-0.3093819818885509,-0.4144624609175874,0.10508047902903653,0.04220210861534393,3.150979477339888e-12
0.975,0.6910106502818748,0.24143721484216973,-0.3093819818885136,-0.41523029735489336,0.10584831546637974,0.04280246462008813,3.1882829709672933e-12
0.9937499999999999,0.6925021520680952,0.2421516046729966,-0.309381981888477,-0.41599074523247975,0.10660876334400275,0.043395687074908616,3.2249203307799235e-12
1.0125,0.6939847593116172,0.2428582471034229,-0.30938198188844085,-0.4167438689988669,0.10736188711042605,0.04398185528748973,3.2610580902314723e-12
1.03125,0.6954585182385398,0.24355725711925552,-0.3093819818884055,-0.4174897327370526,0.10810775084864713,0.044561047784892296,3.2964186935657835e-12
1.05,0.696923474920792,0.24424874706844862,-0.30938198188837074,-0.41822840016149776,0.10884641827312705,0.04513334231928502,3.331168674236551e-12
1.0687499999999999,0.698379675275399,0.24493282675363906,-0.3093819818883364,-0.4189599346152814,0.10957795272694502,0.04569881587367309,3.3655300768486995e-12
1.0875,0.6998271650637704,0.24560960352026967,-0.30938198188830257,-0.41968439906741956,0.11030241717911694,0.04625754466762334,3.3993363679485356e-12
1.10625,0.7012659898910109,0.24627918234056556,-0.3093819818882694,-0.4204018561103432,0.11101987422207382,0.04680960416298533,3.4325320363848277e-12
1.125,0.7026961952052537,0.24694166589360184,-0.3093819818882366,-0.4211123679575332,0.11173038606929658,0.04735506906960755,3.46528361561127e-12
1.14375,0.7041178262970171,0.24759715464167864,-0.3093819818882046,-0.4218159964413071,0.11243401455310248,0.04789401335104809,3.4973135498717056e-12
1.1624999999999999,0.7055309282985825,0.24824574690326132,-0.3093819818881732,-0.42251280301075433,0.11313082112258116,0.048426510230279024,3.5287328614685975e-12
1.18125,0.7069355461833957,0.2488875389225667,-0.30938198188814225,-0.4232028487298158,0.11382086684167353,0.048952632195383615,3.559652572704408e-12
1.2,0.7083317247654907,0.24952262493612976,-0.3093819818881118,-0.42388619427550456,0.11450421238739278,0.04947245100524575,3.5901281947303687e-12
1.21875,0.7097195086989353,0.2501510972364079,-0.3093819818880819,-0.42456289993626395,0.11518091804818203,0.04998603769523065,3.6199931940927854e-12
1.2375,0.711098942477299,0.2507730462326281,-0.3093819818880524,-0.42523302561045834,0.11585104372240596,0.05049346258285616,3.6495251265478146e-12
1.2562499999999999,0.7124700704331428,0.2513885605090189,-0.30938198188802335,-0.4258966308049956,0.11651464891697227,0.05099479527345384,3.6785574586417624e-12
1.275,0.7138329367375307,0.2519977268805666,-0.3093819818879948,-0.42655377463407484,0.11717179274608,0.05149010466581893,3.707090190374629e-12
1.29375,0.7151875853995623,0.25260063044642694,-0.3093819818879668,-0.4272045158180578,0.117822533930091,0.051979458957848654,3.735123321746414e-12
1.3125,0.7165340602659274,0.25319735464111565,-0.3093819818879392,-0.42784891268246045,0.11846693079452125,0.052462925652167834,3.762712363908349e-12
1.33125,0.7178724050204806,0.2537879812835927,-0.3093819818879119,-0.42848702315706083,0.11910504126914895,0.052940571561741236,3.790023850314128e-12
1.3499999999999999,0.719202663183837,0.25437259062434825,-0.3093819818878852,-0.429118904775121,0.11973692288723582,0.05341246281547178,3.816724714056363e-12
1.36875,0.7205248781129886,0.2549512613905928,-0.30938198188785887,-0.4297446146727178,0.12036263278485891,0.053878664863783975,3.843036999739979e-12
1.3875,0.72183909300094,0.2555240708296465,-0.3093819818878329,-0.43036420958818233,0.12098222770034944,0.054339242484191745,3.869016218516208e-12
1.40625,0.7231453508763643,0.25609109475061737,-0.3093819818878074,-0.4309777458616433,0.12159576397383584,0.05479425978685002,3.894495836931355e-12
1.425,0.7244436946032792,0.2566524075644533,-0.30938198188778226,-0.4315852794346701,0.12220329754688786,0.05524378022008938,3.919642388439115e-12
1.4437499999999999,0.7257341668807403,0.2572080823224479,-0.30938198188775756,-0.4321868658500168,0.12280488396225922,0.05568786657593301,3.944344850737025e-12
1.4625,0.7270168102425556,0.2577581907532744,-0.3093819818877333,-0.4327825602514588,0.12340057836372548,0.05612658099559542,3.9686032238250846e-12
1.48125,0.7282916670570166,0.2583028032986183,-0.3093819818877094,-0.4333724173837239,0.12399043549601453,0.05655998497496216,3.992528530005757e-12
1.5,0.7295587795266492,0.25884198914747675,-0.30938198188768573,-0.4339564915925131,0.12457450970482736,0.05698813937005,4.0161762804302725e-12
1.51875,0.7308181896879807,0.2593758162691855,-0.3093819818876625,-0.43453483682460803,0.1251528549369455,0.05741110440244691,4.039379941644938e-12
1.5374999999999999,0.7320699394113265,0.2599043514452352,-0.30938198188763966,-0.4351075066280634,0.12572552474042373,0.057828939664731294,4.0622505359522165e-12
1.55625,0.7333140704005918,0.2604276602999312,-0.3093819818876173,-0.43567455415248174,0.12629257226486446,0.058241704125869875,4.0846215298984134e-12
1.575,0.7345506241930922,0.26094580732995054,-0.3093819818875952,-0.436236032149367,0.12685405026177182,0.058649456136593656,4.106714968088454e-12
1.59375,0.7357796421593897,0.2614588559328472,-0.30938198188757343,-0.43679199297255644,0.127410011084983,0.05905225343475149,4.128475339371107e-12
1.6125,0.7370011655031452,0.2619668684345513,-0.30938198188755195,-0.43734248857872615,0.12796050669117418,0.05945015315064072,4.149958154897604e-12
1.6312499999999999,0.7382152352609873,0.2624699061159093,-0.3093819818875309,-0.43788757052796995,0.12850558864043904,0.05984321181231432,4.170996881214251e-12
1.65,0.7394218923023969,0.26296802923830476,-0.3093819818875101,-0.4384272899844474,0.1290453080969373,0.060231485350864186,4.191813562925972e-12
1.66875,0.7406211773296063,0.26346129706840377,-0.30938198188748967,-0.43896169771710075,0.12957971582961111,0.06061502910567999,4.212241666579075e-12
1.6875,0.7418131308775145,0.2639497679020596,-0.30938198188746946,-0.439490844100437,0.13010886221296747,0.060993897829683286,4.232447725627253e-12
1.70625,0.7429977933136165,0.2644334990874151,-0.3093819818874498,-0.44001477911537357,0.13063279722792379,0.06136814569453627,4.252098673163118e-12
1.7249999999999999,0.744175204837947,0.26491254704723627,-0.30938198188743027,-0.44053355235014546,0.13115157046271522,0.06173782629582499,4.271638598396521e-12
1.74375,0.7453454054830391,0.26538696730050954,-0.30938198188741106,-0.44104721300127264,0.13166523111386155,0.062102992658216484,4.290845456722536e-12
1.7625,0.7465084351138959,0.26585681448333437,-0.3093819818873921,-0.44155580987458337,0.13217382798719127,0.06246369724058943,4.3098302704436264e-12
1.78125,0.7476643334279764,0.2663221423691397,-0.3093819818873734,-0.4420593913862948,0.13267740949892134,0.06281999194113816,4.328482017257329e-12
1.7999999999999998,0.7488131399551947,0.2667830038882528,-0.3093819818873552,-0.442558005564146,0.13317602367679077,0.06317192810244945,4.346689674861182e-12
1.8187499999999999,0.7499548940579313,0.2672394511468469,-0.3093819818873371,-0.4430517000485826,0.13366971816124548,0.06351955651655197,4.364786310162572e-12
1.8375,0.7510896349310585,0.2676915354452925,-0.3093819818873194,-0.44354052209399314,0.13415854020667373,0.0638629274299379,4.382494367405343e-12
1.85625,0.7522174016019779,0.2681393072959374,-0.3093819818873018,-0.44402451856999114,0.13464253668268936,0.06420209054855662,4.400091402345652e-12
1.875,0.7533382329306695,0.2685828164403369,-0.3093819818872846,-0.44450373596274617,0.13512175407546154,0.06453709504277998,4.4172998592273416e-12
1.8937499999999998,0.7544521676097533,0.2690221118659571,-0.30938198188726773,-0.4449782203763573,0.13559623848908958,0.0648679895523391,4.434175249201644e-12
1.9124999999999999,0.755559244164563,0.2694572418223716,-0.30938198188725097,-0.44544801753427143,0.13606603564702044,0.06519482219123235,4.450939616873484e-12
1.93125,0.7566595009532305,0.26988825383697096,-0.30938198188723454,-0.4459131727807429,0.13653119089350832,0.06551764055260414,4.467370917637936e-12
1.95,0.7577529761667822,0.27031519473020527,-0.3093819818872183,-0.4463737310823321,0.13699174919511378,0.06583649171359467,4.4835801737974634e-12
1.96875,0.7588397078292456,0.2707381106303751,-0.30938198188720234,-0.4468297370294439,0.1374477551422415,0.06615142224015993,4.499567385352066e-12
1.9874999999999998,0.7599197337977678,0.2711570469879911,-0.30938198188718663,-0.4472812348379017,0.13789925295071506,0.06646247819186235,4.515277041150512e-12
2.00625,0.7609930917627435,0.27157204858971623,-0.30938198188717125,-0.4477282683505584,0.13834628646338717,0.06676970512663127,4.53065363004157e-12
2.025,0.7620598192479539,0.2719831595719074,-0.30938198188715604,-0.4481708810389398,0.1387888991517838,0.06707314810549365,4.545863685478935e-12
2.0437499999999997,0.763119953610715,0.2723904234337708,-0.30938198188714094,-0.44860911600492237,0.13922713411778143,0.06737285169727447,4.560962718613837e-12
2.0625,0.7641735320420374,0.2727938830501464,-0.3093819818871262,-0.4490430159824414,0.1396610340953152,0.06766885998326681,4.5757286848413514e-12
2.08125,0.7652205915667932,0.27319358068393285,-0.3093819818871115,-0.44947262333922894,0.14009064145211741,0.0679612165618716,4.5903836287664035e-12
2.1,0.7662611690438952,0.27358955799816864,-0.3093819818870972,-0.44989798007858195,0.14051599819148472,0.06824996455320659,4.604705505784068e-12
2.11875,0.767295301166483,0.27398185606777975,-0.30938198188708316,-0.45031912784115585,0.1409371459540727,0.06853514660368488,4.618749827045576e-12
2.1374999999999997,0.7683230244621198,0.27437051539100704,-0.30938198188706934,-0.4507361079067861,0.14135412601971678,0.06881680489056245,4.6325721037021594e-12
2.15625,0.7693443752929967,0.2747555759005237,-0.30938198188705557,-0.451148961196334,0.14176697930927842,0.06909498112645493,4.646338869207511e-12
2.175,0.770359389856147,0.2751370769742546,-0.309381981887042,-0.4515577282735569,0.14217574638651484,0.06936971656382337,4.659883590107938e-12
2.19375,0.7713681041836682,0.27551505744590793,-0.3093819818870287,-0.4519624493470007,0.14258046745997197,0.06964105199942904,4.67320626640344e-12
2.2125,0.7723705541429519,0.27588955561522766,-0.3093819818870156,-0.4523631642719146,0.142981182384899,0.06990902777875703,4.686306898094017e-12
2.2312499999999997,0.7733667754369229,0.2762606092579788,-0.3093819818870026,-0.45275991255218573,0.14337793066518315,0.07017368380040882,4.699296507482131e-12
2.25,0.7743568036042855,0.27662825563567234,-0.30938198188698984,-0.4531527333422945,0.14377075145530463,0.07043505952046361,4.712064072265321e-12
2.26875,0.7753406740197776,0.2769925315050405,-0.3093819818869774,-0.4535416654492873,0.1441596835623099,0.07069319395680841,4.724498570141122e-12
2.2875,0.7763184218944325,0.2773534731272692,-0.3093819818869651,-0.4539267473347674,0.14454476544780234,0.07094812569343692,4.736822045714462e-12
2.30625,0.7772900822758481,0.27771111627699707,-0.3093819818869529,-0.4543080171169027,0.14492603522994982,0.07119989288471712,4.749034498985338e-12
2.3249999999999997,0.7782556900484634,0.2780654962510879,-0.3093819818869409,-0.45468551257244855,0.14530353068550764,0.07144853325962759,4.76102490765129e-12
2.34375,0.7792152799338421,0.27841664787718456,-0.30938198188692917,-0.45505927113878575,0.14567728925185658,0.07169408412596251,4.7727377605610855e-12
2.3625,0.7801688864909629,0.27876460552205107,-0.30938198188691746,-0.45542932991597185,0.14604734802905442,0.07193658237450543,4.784450613470881e-12
2.38125,0.7811165441165171,0.2791094030997103,-0.309381981886906,-0.4557957256688068,0.14641374378190075,0.0721760644831717,4.79588591062452e-12
2.4,0.7820582870452119,0.2794510740793828,-0.3093819818868947,-0.4561584948289085,0.1467765129420138,0.07241256652111973,4.8072101854756966e-12
2.4187499999999997,0.7829941493500812,0.27978965149323476,-0.30938198188688365,-0.4565176734968021,0.14713569160991846,0.07264612415283093,4.818256904570717e-12
2.4375,0.7839241649428021,0.2801251679439396,-0.30938198188687266,-0.4568732974440179,0.14749131555714523,0.07287677264215851,4.829248112514506e-12
2.45625,0.7848483675740182,0.2804576556120596,-0.30938198188686183,-0.45722540211520013,0.1478434202283383,0.07310454685634506,4.840072787004601e-12
2.475,0.7857667908336677,0.2807871462632537,-0.30938198188685123,-0.4575740226302244,0.14819204074337317,0.073329481270009,4.8506754168897714e-12
2.49375,0.786679468151319,0.28111367125531656,-0.30938198188684074,-0.45791919378632306,0.14853721189948232,0.07355160996910005,4.861167024472479e-12
2.5124999999999997,0.7875864327965105,0.2814372615450533,-0.3093819818868303,-0.45826095006021855,0.14887896817338822,0.07377096665482355,4.871603120903956e-12
2.53125,0.7884877178790981,0.2817579476949963,-0.3093819818868202,-0.45859932561026356,0.14921734372344334,0.07398758464753381,4.8817061504280446e-12
2.55,0.7893833563496055,0.282075759879968,-0.3093819818868102,-0.45893435427858675,0.14955237239177654,0.07420149689059671,4.891698157649671e-12
2.56875,0.7902733809995823,0.2823907278934946,-0.3093819818868003,-0.4592660695932446,0.14988408770644435,0.07441273595422124,4.901634653720066e-12
2.5875,0.7911578244619661,0.28270288115407477,-0.30938198188679056,-0.4595945047703783,0.15021252288358775,0.07462133403926041,4.911349105185536e-12
2.6062499999999997,0.79203671921145,0.28301224871130853,-0.3093819818867809,-0.4599196927163737,0.1505377108295928,0.0748273229809815,4.921008045499775e-12
2.625,0.7929100975648553,0.2833188592518897,-0.30938198188677146,-0.46024166603002636,0.1508596841432549,0.07503073425280558,4.930444941209089e-12
2.64375,0.7937779916815086,0.28362274110546587,-0.30938198188676214,-0.4605604570047084,0.15117847511794627,0.07523159897001658,4.93977081461594e-12
2.6625,0.7946404335636246,0.28392392225037055,-0.3093819818867529,-0.4608760976305387,0.15149411574378577,0.07542994789343992,4.948985665720329e-12
2.68125,0.7954974550566924,0.28422243031923006,-0.3093819818867438,-0.4611886195965545,0.15180663770981065,0.07562581143309083,4.958089494522255e-12
2.6999999999999997,0.7963490878498676,0.28451829260445016,-0.3093819818867349,-0.4614980542928846,0.15211607240614972,0.07581921965179236,4.967026789870488e-12
2.71875,0.7971953634763673,0.28481153606358395,-0.3093819818867261,-0.4618044328129232,0.1524224509261971,0.07601020226876336,4.9757975517650266e-12
2.7375,0.7980363133138715,0.2851021873245869,-0.3093819818867174,-0.4621077859555043,0.1527258040687869,0.07619878866317625,4.984512802508334e-12
2.75625,0.7988719685849265,0.2853902726909597,-0.30938198188670896,-0.46240814422707605,0.15302616234036712,0.0763850078776851,4.992950497495485e-12
2.775,0.7997023603573542,0.2856758181467836,-0.3093819818867004,-0.4627055378438736,0.1533235559571732,0.07656888862192367,5.001499214785099e-12
2.7937499999999997,0.8005275195446644,0.28595884936165106,-0.3093819818866922,-0.4629999967340927,0.15361801484740056,0.07675045927597393,5.009714865167325e-12
2.8125,0.8013474769064716,0.2862393916954939,-0.30938198188668387,-0.46329155054005927,0.15390956865337538,0.07692974789380491,5.018041537852014e-12
2.83125,0.8021622630489151,0.2865174702033124,-0.30938198188667576,-0.46358022862039944,0.15419824673372365,0.07710678220668206,5.0261461659317774e-12
2.85,0.8029719084250835,0.2867931096398082,-0.3093819818866679,-0.4638660600522055,0.1544840781655376,0.0772815896265474,5.034028749406616e-12
2.86875,0.8037764433354421,0.2870663344639226,-0.30938198188666,-0.46414907363319957,0.15476709174653955,0.0774541972493703,5.041911332881455e-12
2.8874999999999997,0.8045758979282643,0.28733716884328386,-0.3093819818866522,-0.46442929788389437,0.15504731599724214,0.07762463185846936,5.049682894053831e-12
2.90625,0.8053703022000668,0.28760563665856564,-0.3093819818866446,-0.46470676104975006,0.15532477916310544,0.07779291992780518,5.057287921772513e-12
2.925,0.8061596859960468,0.2878717615077586,-0.309381981886637,-0.4649814911033271,0.15559950921669005,0.0779590876252444,5.064892949491195e-12
2.94375,0.8069440790105245,0.28813556671035784,-0.3093819818866296,-0.46525351574643514,0.15587153385980557,0.07812316081579503,5.072331443756184e-12
2.9625,0.8077235107873866,0.28839707531146785,-0.30938198188662236,-0.4655228624122767,0.15614088052565434,0.07828516506481331,5.0795478934162475e-12
2.9812499999999997,0.808498010720535,0.288656310085828,-0.30938198188661514,-0.46578955826758617,0.15640757638097105,0.07844512564118207,5.086764343076311e-12
3.0,0.8092676080543366,0.2889132935417597,-0.30938198188660804,-0.46605363021476376,0.15667164832815572,0.07860306752046087,5.093869770433912e-12
3.01875,0.8100323318840776,0.28916804792503786,-0.30938198188660104,-0.4663151048940031,0.15693312300740206,0.07875901538800807,5.1008641754890505e-12
3.0375,0.8107922111564198,0.28942059522268837,-0.3093819818865941,-0.46657400868541365,0.15719202679881955,0.07891299364207488,5.107803069392958e-12
3.05625,0.8115472746698595,0.28967095716671304,-0.3093819818865873,-0.46683036771113623,0.15744838582454895,0.0790650263968716,5.1146309409944024e-12
3.0749999999999997,0.8122975510751902,0.289919155237745,-0.30938198188658056,-0.46708420783745247,0.15770222595087194,0.07921513748560623,5.121347790293385e-12
3.09375,0.8130430688759663,0.2901652106686345,-0.3093819818865739,-0.4673355546768872,0.1579535727903133,0.07936335046349546,5.1280091284411355e-12
3.1125,0.8137838564289711,0.2904091444479692,-0.3093819818865674,-0.46758443359030405,0.15820245170373662,0.07950968861074846,5.134503933135193e-12
3.13125,0.8145199419446855,0.29065097732352807,-0.309381981886561,-0.4678308696889932,0.15844888780243216,0.07965417493552325,5.140887715526787e-12
3.15,0.8152513534877606,0.290890729805672,-0.30938198188655464,-0.46807488783675216,0.15869290595019755,0.07979683217685618,5.147271497918382e-12
3.1687499999999997,0.8159781189774918,0.29112842217067286,-0.30938198188654836,-0.4683165126519588,0.15893453076541042,0.07993768280756443,5.153544258007514e-12
3.1875,0.8167002661882955,0.29136407446398144,-0.3093819818865422,-0.46855576850963543,0.15917378662309323,0.08007674903712175,5.159705995794184e-12
3.20625,0.8174178227501875,0.29159770650343664,-0.3093819818865361,-0.4687926795435058,0.15941069765696966,0.0802140528145077,5.165812222429622e-12
3.225,0.8181308161492639,0.29182933788241633,-0.30938198188653004,-0.46902726964804264,0.1596452877615126,0.08034961583103033,5.171862937913829e-12
3.24375,0.8188392737281841,0.292058987972933,-0.3093819818865241,-0.46925956248050776,0.15987758059398363,0.08048345952312268,5.177802631095574e-12
3.2624999999999997,0.8195432226866558,0.2922866759286733,-0.30938198188651833,-0.4694895814629817,0.16010759957646337,0.0806156050751132,5.183575790823625e-12
3.28125,0.8202426900819213,0.2925124206879847,-0.3093819818865126,-0.4697173497843857,0.16033536789787306,0.08074607342197014,5.189293439400444e-12
3.3,0.8209377028292466,0.29273624097680906,-0.309381981886507,-0.4699428904024937,0.16056090851598673,0.0808748852520202,5.194900065674801e-12
3.31875,0.8216282877024113,0.2929581553115652,-0.30938198188650134,-0.4701662260459353,0.1607842441594339,0.0810020610096416,5.2005622031003895e-12
3.3375,0.822314471334201,0.293178182001982,-0.3093819818864958,-0.47038737921618906,0.16100539732969324,0.08112762089793159,5.206113318223515e-12
3.3562499999999997,0.8229962802169011,0.29339633915388114,-0.30938198188649035,-0.47060637218956614,0.16122439030307578,0.08125158488134882,5.2115534110441786e-12
3.375,0.8236737407027919,0.2936126446719138,-0.309381981886485,-0.47082322701918383,0.16144124513269875,0.08137397268833042,5.216882481562379e-12
3.39375,0.8243468790046455,0.2938271162622491,-0.3093819818864797,-0.47103796553692906,0.16165598365044936,0.08149480381388431,5.22221155208058e-12
3.4125,0.8250157211962246,0.2940397714352178,-0.3093819818864745,-0.4712506093554125,0.16186862746893804,0.08161409752215654,5.227429600296318e-12
3.43125,0.8256802932127814,0.2942506275079109,-0.30938198188646937,-0.4714611798699114,0.162079197983442,0.0817318728489741,5.232536626209594e-12
3.4499999999999997,0.8263406208515597,0.29445970160673485,-0.30938198188646426,-0.4716696982603023,0.16228771637383804,0.08184814860436326,5.23764365212287e-12
3.46875,0.8269967297722967,0.2946670106699236,-0.3093819818864593,-0.47187618549298405,0.16249420360652472,0.08196294337504366,5.242584144582452e-12
3.4875,0.8276486454977269,0.2948725714500096,-0.3093819818864544,-0.4720806623227886,0.1626986804363343,0.08207627552689818,5.247524637042034e-12
3.50625,0.828296393414087,0.2950764005162529,-0.3093819818864495,-0.47228314929488263,0.16290116740843316,0.08218816320741895,5.252409618350384e-12
3.525,0.8289399987716218,0.2952785142570313,-0.3093819818864447,-0.47248366674665726,0.16310168486021256,0.08229862434812951,5.2571835773562725e-12
3.5437499999999997,0.8295794866850915,0.2954789288821908,-0.30938198188643995,-0.4726822348096074,0.1633002529231675,0.08240767666698343,5.261957536362161e-12
3.5625,0.8302148821342797,0.29567766042535776,-0.3093819818864353,-0.4728788734111999,0.1634968915247646,0.08251533767073939,5.266620473065586e-12
3.58125,0.8308462099645026,0.29587472474621385,-0.30938198188643073,-0.4730736022767302,0.16369162039029947,0.08262162465731306,5.2711723874665495e-12
3.5999999999999996,0.831473494887119,0.2960701375327338,-0.3093819818864262,-0.4732664409311684,0.16388445904474222,0.0827265547181058,5.275724301867513e-12
3.61875,0.8320967614800411,0.29626391430338805,-0.30938198188642163,-0.4734574087009936,0.164075426814572,0.08283014474031053,5.280276216268476e-12
3.6374999999999997,0.8327160341882468,0.29645607040930944,-0.3093819818864172,-0.47364652471601754,0.16426454282960035,0.08293241140919466,5.284717108366976e-12
3.65625,0.8333313373242919,0.29664662103642586,-0.3093819818864128,-0.47383380791119556,0.16445182602478275,0.08303337121036058,5.289102489314246e-12
3.675,0.8339426950688232,0.296835581207559,-0.30938198188640853,-0.4740192770284273,0.1646372951420188,0.0831330404319836,5.293376847959053e-12
3.6937499999999996,0.834550131471093,0.2970229657844902,-0.3093819818864043,-0.4742029506183454,0.16482096873194105,0.08323143516702769,5.297595695452628e-12
3.7125,0.8351536704494734,0.2972087894699939,-0.30938198188640015,-0.47438484704209244,0.1650028651556923,0.08332857131543908,5.3017590317949725e-12
3.7312499999999997,0.8357533357919718,0.29739306680983935,-0.3093819818863961,-0.4745649844730867,0.16518300258669064,0.08342446458631797,5.305811345834854e-12
3.75,0.8363491511567462,0.2975758121947611,-0.3093819818863919,-0.4747433808987755,0.1653613990123836,0.08351913050006844,5.31003019332843e-12
3.76875,0.8369411400726224,0.29775703986239915,-0.309381981886388,-0.474920054122378,0.16553807223599,0.08361258439052678,5.313915973914618e-12
3.7874999999999996,0.83752932593961,0.29793676389920976,-0.3093819818863839,-0.4750950217646144,0.16571303987823047,0.08370484140706838,5.318023799105731e-12
3.80625,0.8381137320294201,0.29811499824234583,-0.30938198188638,-0.47526830126542563,0.16588631937904566,0.08379591651669338,5.321909579691919e-12
3.8249999999999997,0.8386943814859824,0.29829175668150987,-0.3093819818863761,-0.47543990988567925,0.16605792799930313,0.08388582450609122,5.325795360278107e-12
3.84375,0.8392712973259638,0.2984670528607779,-0.30938198188637234,-0.4756098647088644,0.16622788282249207,0.08397457998368425,5.329570118561833e-12
3.8625,0.8398445024392863,0.29864090028039636,-0.30938198188636856,-0.4757781826427747,0.16639620075640618,0.0840621973816506,5.333344876845558e-12
3.8812499999999996,0.8404140195896453,0.2988133122985518,-0.3093819818863649,-0.4759448804211797,0.1665628985348148,0.08414869095792643,5.337008612826821e-12
3.9,0.840979871415029,0.2989843021331139,-0.30938198188636123,-0.4761099746054831,0.16672799271912186,0.08423407479818773,5.340672348808084e-12
3.9187499999999997,0.8415420804282362,0.29915388286335276,-0.30938198188635757,-0.47627348158637095,0.16689149970001335,0.08431836281781195,5.344336084789347e-12
3.9375,0.8421006690173969,0.29932206743163053,-0.309381981886354,-0.4764354175854462,0.16705343569909217,0.0844015687638194,5.347888798468148e-12
3.95625,0.8426556594464901,0.29948886864506785,-0.3093819818863506,-0.4765957986568523,0.16721381677050173,0.08448370621679484,5.351330489844486e-12
3.9749999999999996,0.8432070738558639,0.2996542991771862,-0.30938198188634713,-0.4767546406888844,0.16737265880253727,0.08456478859278913,5.354772181220824e-12
3.99375,0.8437549342627544,0.2998183715695255,-0.30938198188634364,-0.4769119594055885,0.16752997751924487,0.08464482914520147,5.358269383748393e-12
4.0125,0.8442992625618051,0.29998109823323893,-0.3093819818863403,-0.47706777036834974,0.16768578848200943,0.08472384096664205,5.3616000528222685e-12
4.03125,0.8448400805255861,0.30014249145066324,-0.30938198188633703,-0.4772220889774668,0.1678401070911298,0.08480183699077544,5.364875210744913e-12
4.05,0.8453774098051136,0.3003025633768679,-0.3093819818863337,-0.47737493047371604,0.1679929485873823,0.08487882999414488,5.368205879818788e-12
4.06875,0.8459112719303682,0.30046132604118053,-0.3093819818863306,-0.4775263099399032,0.16814432805357263,0.08495483259797759,5.371314504287739e-12
4.0874999999999995,0.8464416883108148,0.30061879134869113,-0.3093819818863273,-0.4776762423024026,0.16829426041607526,0.08502985726997128,5.374589662210383e-12
4.10625,0.8469686802359206,0.30077497108173423,-0.30938198188632426,-0.47782474233268535,0.1684427604463611,0.085103916326062,5.377642775528102e-12
4.125,0.8474922688756743,0.3009298769013505,-0.30938198188632116,-0.47797182464883503,0.16858984276251385,0.0851770219321735,5.3807513999970524e-12
4.14375,0.8480124752811038,0.30108352034872704,-0.30938198188631805,-0.4781175037170516,0.1687355218307335,0.0852491861059483,5.383860024466003e-12
4.1625,0.8485293203847947,0.3012359128466175,-0.30938198188631505,-0.4782617938531438,0.16887981196682883,0.08532042071846055,5.386857626632491e-12
4.1812499999999995,0.8490428250014078,0.30138706570074186,-0.30938198188631205,-0.47840470922400946,0.16902272733769738,0.08539073749591088,5.389855228798979e-12
4.2,0.8495530098281969,0.3015369901011673,-0.30938198188630917,-0.47854626384910354,0.16916428196279437,0.08546014802130339,5.392741808663004e-12
4.21875,0.8500598954455254,0.3016856971236684,-0.3093819818863063,-0.4786864716018952,0.16930448971558895,0.08552866373610497,5.3956283885270295e-12
4.2375,0.8505635023173832,0.3018331977310696,-0.3093819818863033,-0.47882534621131284,0.16944336432500953,0.08559629594188702,5.3986259906935175e-12
4.25625,0.8510638507919032,0.3019795027745683,-0.3093819818863005,-0.47896290126317737,0.16958091937687686,0.0856630558019498,5.40140154825508e-12
4.2749999999999995,0.8515609611018765,0.3021246229950399,-0.30938198188629784,-0.4790991502016234,0.16971716831532555,0.08572895434292956,5.404066083514181e-12
4.29375,0.8520548533652684,0.30226856902432425,-0.309381981886295,-0.47923410633050895,0.1698521244442139,0.08579400245638852,5.406897152226975e-12
4.3125,0.852545547585733,0.3024113513864953,-0.3093819818862923,-0.4793677828148147,0.16998580092852236,0.08585821090038802,5.4096171986373065e-12
4.33125,0.8530330636531273,0.30255298049911233,-0.3093819818862896,-0.4795001926820296,0.17011821079573994,0.08592159030104472,5.412281733896407e-12
4.35,0.853517421344025,0.30269346667445485,-0.30938198188628707,-0.47963134882352637,0.17024936693723933,0.08598415115407036,5.414835246853045e-12
4.3687499999999995,0.8539986403222302,0.3028328201207402,-0.30938198188628446,-0.4797612639959252,0.17037928210964076,0.08604590382629486,5.417444270960914e-12
4.3875,0.8544767401392891,0.30297105094332455,-0.30938198188628185,-0.4798899508224457,0.17050796893616385,0.08610685855717318,5.420053295068783e-12
4.40625,0.8549517402350028,0.30310816914588806,-0.30938198188627936,-0.4800174217942476,0.17063543990796826,0.08616702546027595,5.4225512968741896e-12
4.425,0.8554236599379376,0.3032441846316036,-0.3093819818862768,-0.48014368927176015,0.1707617073854833,0.08622641452476411,5.4251048098308274e-12
4.44375,0.8558925184659366,0.30337910720428984,-0.3093819818862744,-0.48026876548599995,0.17088678359972553,0.08628503561684757,5.4274917893337715e-12
4.4624999999999995,0.8563583349266288,0.303512946569549,-0.3093819818862719,-0.4803926625398776,0.1710106806536057,0.08634289848122818,5.429989791139178e-12
4.48125,0.8568211283179388,0.3036457123358892,-0.30938198188626964,-0.4805153924094934,0.17113341052322384,0.08640001274252711,5.43226574833966e-12
4.5,0.8572809175285945,0.3037774140158319,-0.30938198188626714,-0.480636966945421,0.17125498505915387,0.08645638790669664,5.434763750145066e-12
4.51875,0.8577377213386355,0.30390806102700463,-0.30938198188626487,-0.48075739787398125,0.17137541598771636,0.08651203336241683,5.437039707345548e-12
4.5375,0.8581915584199192,0.30403766269321925,-0.30938198188626254,-0.48087669679850314,0.17149471491224053,0.08656695838247684,5.439371175697261e-12
4.5562499999999995,0.8586424473366274,0.3041662282455357,-0.3093819818862602,-0.48099487520057554,0.17161289331431534,0.08662117212514128,5.4417026440489735e-12
4.575,0.859090406545771,0.30429376682331205,-0.3093819818862581,-0.48111194444128697,0.17172996255502887,0.0866746836355017,5.443812067795761e-12
4.59375,0.8595354543976944,0.3044202874752409,-0.30938198188625576,-0.481227915762454,0.17184593387619823,0.08672750184681322,5.446143536147474e-12
4.6125,0.859977609136579,0.3045457991603712,-0.3093819818862536,-0.4813428002878401,0.1719608184015865,0.08677963558181666,5.448308471045493e-12
4.63125,0.8604168889009455,0.30467031074911827,-0.3093819818862515,-0.4814566090243623,0.17207462713811084,0.08683109355404613,5.450417894792281e-12
4.6499999999999995,0.8608533117241556,0.30479383102425905,-0.30938198188624944,-0.4815693528632879,0.17218737097703848,0.08688188436912223,5.4524718073878375e-12
4.66875,0.8612868955349124,0.3049163686819156,-0.30938198188624727,-0.48168104258141997,0.1722990606951727,0.08693201652603112,5.454636742285857e-12
4.6875,0.8617176581577606,0.3050379323325252,-0.3093819818862452,-0.4817916888422728,0.1724097069560276,0.08698149841838955,5.456690654881413e-12
4.70625,0.8621456173135842,0.3051585305017982,-0.3093819818862431,-0.481901302197236,0.17251932031099285,0.08703033833569578,5.458800078628201e-12
4.725,0.862570790620105,0.30527817163166343,-0.3093819818862412,-0.4820098930867286,0.17262791120048737,0.08707854446456686,5.460687457770064e-12
4.7437499999999995,0.8629931955923789,0.3053968640812014,-0.3093819818862391,-0.4821174718413422,0.17273548995510304,0.08712612488996224,5.4627968815168515e-12
4.7625,0.8634128496432915,0.3055146161275656,-0.30938198188623717,-0.4822240486829743,0.17284206679673714,0.08717308759639368,5.4647397718099455e-12
4.78125,0.8638297700840525,0.30563143596689185,-0.3093819818862351,-0.4823296337259507,0.17294765183971558,0.0872194404691219,5.466793684405502e-12
4.8,0.8642439741246895,0.3057473317151963,-0.3093819818862334,-0.48243423697813803,0.17305225509190464,0.08726519129533993,5.468514530093671e-12
4.81875,0.8646554788745399,0.30586231140926196,-0.30938198188623145,-0.48253786834204504,0.17315588645581362,0.08731034776534322,5.470457420386765e-12
4.8374999999999995,0.8650643013427426,0.30597638300751356,-0.30938198188622956,-0.4826405376159155,0.173258555729686,0.08735491747368683,5.472344799528628e-12
4.85625,0.8654704584387279,0.30608955439088203,-0.3093819818862277,-0.4827422544948095,0.1733602726085818,0.08739890792032969,5.474232178670491e-12
4.875,0.8658739669727066,0.3062018333636573,-0.309381981886226,-0.4828430285716748,0.17346104668544882,0.08744232651176602,5.475897513207428e-12
4.89375,0.8662748436561575,0.30631322765433117,-0.3093819818862242,-0.4829428693384089,0.17356088745218473,0.08748518056214424,5.47772938119806e-12
4.9125,0.8666731051023145,0.3064237449164286,-0.3093819818862224,-0.4830417861869107,0.17365980430068828,0.08752747729437324,5.47950573803746e-12
4.9312499999999995,0.8670687678266519,0.30653339272932945,-0.3093819818862207,-0.4831397884101223,0.17375780652390163,0.0875692238412163,5.481226583725629e-12
4.95,0.8674618482473685,0.3066421785990795,-0.3093819818862189,-0.4832368852030611,0.17385490331684214,0.08761042724637277,5.483002940565029e-12
4.96875,0.8678523626858708,0.30675010995919144,-0.3093819818862172,-0.48333308566384214,0.17395110377762496,0.08765109446554753,5.484723786253198e-12
4.9875,0.8682403273672552,0.3068571941714358,-0.3093819818862156,-0.4834283987946909,0.17404641690847533,0.08769123236750843,5.486333609638905e-12
5.00625,0.8686257584207877,0.3069634385266221,-0.3093819818862139,-0.4835228335029457,0.17414085161673185,0.0877308477351319,5.4879989441758426e-12
5.0249999999999995,0.8690086718803841,0.3070688502453705,-0.30938198188621235,-0.4836163986020522,0.1742344167158399,0.08776994726643667,5.489553256410318e-12
5.04375,0.8693890836850875,0.30717343647887335,-0.3093819818862107,-0.48370910281254614,0.17432712092633545,0.08780853757560585,5.4912185909472555e-12
5.0625,0.8697670096795453,0.3072772043096482,-0.309381981886209,-0.48380095476302926,0.1744189728768202,0.08784662519399747,5.492883925484193e-12
5.08125,0.8701424656144848,0.30738016075228053,-0.3093819818862076,-0.4838919629911335,0.17450998110492597,0.08788421657114356,5.494327215416206e-12
5.1,0.8705154671471871,0.3074823127541583,-0.309381981886206,-0.4839821359444775,0.17460015405827145,0.08792131807573791,5.495881527650681e-12
5.1187499999999995,0.8708860298419598,0.3075836671961966,-0.30938198188620447,-0.4840714819816128,0.17468950009540832,0.08795793599661263,5.497435839885156e-12
5.1375,0.8712541691706094,0.30768423089355434,-0.309381981886203,-0.4841600093729623,0.1747780274867593,0.08799407654370353,5.4989346409684e-12
5.15625,0.8716199005129103,0.3077840105963413,-0.30938198188620153,-0.4842477263017477,0.1748657444155462,0.08802974584900472,5.500377930900413e-12
5.175,0.8719832391570743,0.3078830129903171,-0.30938198188620003,-0.4843346408649097,0.17495265897870962,0.08806494996751209,5.501876731983657e-12
5.19375,0.8723442003002181,0.30798124469758176,-0.3093819818861987,-0.4844207610740182,0.17503877918781954,0.08809969487815619,5.503208999613207e-12
5.2124999999999995,0.8727027990488291,0.3080787122772572,-0.3093819818861972,-0.484506094856174,0.17512411296997682,0.08813398648472442,5.504707800696451e-12
5.23125,0.8730590504192303,0.3081754222261614,-0.3093819818861957,-0.48459065005490154,0.17520866816870584,0.08816783061677265,5.506206601779695e-12
5.25,0.8734129693380434,0.30827138097947343,-0.30938198188619437,-0.4846744344310332,0.17529245254483883,0.0882012330305264,5.507538869409245e-12
5.26875,0.8737645706426509,0.3083665949113916,-0.3093819818861931,-0.4847574556635842,0.17537547377739113,0.08823419940977183,5.508815625887564e-12
5.2875,0.8741138690816564,0.30846107033578235,-0.3093819818861916,-0.4848397213506194,0.17545773946442783,0.08826673536673624,5.510314426970808e-12
5.3062499999999995,0.874460879315344,0.30855481350682235,-0.30938198188619026,-0.4849212390101123,0.175539257123922,0.08829884644295875,5.511646694600358e-12
5.325,0.8748056159161354,0.3086478306196327,-0.30938198188618904,-0.4850020160807935,0.1756200341946045,0.08833053811015079,5.512867939927446e-12
5.34375,0.8751480933690464,0.30874012781090504,-0.3093819818861877,-0.48508205992299275,0.17570007803680504,0.08836181577104671,5.514200207556996e-12
5.3625,0.8754883260721417,0.3088317111595208,-0.30938198188618654,-0.4851613778194717,0.17577939593328518,0.08839268476024463,5.515365941732853e-12
5.38125,0.8758263283369879,0.30892258668716277,-0.30938198188618515,-0.4852399769762481,0.17585799509006292,0.0884231503450376,5.516753720513634e-12
5.3999999999999995,0.8761621143891056,0.30901276035891906,-0.30938198188618393,-0.4853178645234131,0.17593588263722912,0.08845321772623509,5.517974965840722e-12
5.41875,0.8764956983684197,0.3091022380838808,-0.30938198188618277,-0.4853950475159386,0.1760130656297558,0.08848289203897501,5.519140700016578e-12
5.4375,0.8768270943297076,0.30919102571573165,-0.30938198188618155,-0.48547153293447765,0.1760895510482961,0.08851217835352641,5.520361945343666e-12
5.45625,0.8771563162430478,0.309279129053331,-0.3093819818861803,-0.4855473276861568,0.1761653457999765,0.08854108167608278,5.5215831906707535e-12
5.475,0.8774833779942646,0.30936655384129014,-0.30938198188617916,-0.4856224386053601,0.17624045671918093,0.08856960694954617,5.52274892484661e-12
5.4937499999999995,0.8778082933853729,0.30945330577054164,-0.30938198188617794,-0.48569687245450494,0.17631489056832697,0.08859775905430227,5.523970170173698e-12
5.5125,0.8781310761350213,0.3095393904789018,-0.30938198188617677,-0.4857706359248112,0.1763886540386344,0.08862554280898635,5.525135904349554e-12
5.53125,0.8784517398789329,0.3096248135516267,-0.30938198188617566,-0.48584373563706135,0.17646175375088569,0.08865296297124048,5.526246127374179e-12
5.55,0.8787702981703455,0.3097095805219618,-0.30938198188617455,-0.4859161781423536,0.17653419625617905,0.08868002423846173,5.527356350398804e-12
5.56875,0.8790867644804498,0.30979369687168484,-0.3093819818861735,-0.48598796992284715,0.17660598803667363,0.0887067312485418,5.528411062272198e-12
5.5874999999999995,0.8794011521988259,0.3098771680316424,-0.3093819818861724,-0.48605911739249974,0.17667713550632733,0.08873308858059789,5.5295212852968234e-12
5.60625,0.8797134746338788,0.3099599993822806,-0.3093819818861714,-0.4861296268977984,0.17674764501162696,0.08875910075569521,5.530520486018986e-12
5.625,0.880023745013272,0.31004219625416873,-0.3093819818861703,-0.48619950471848133,0.17681752283231109,0.0887847722375608,5.531630709043611e-12
5.64375,0.8803319764843592,0.31012376392851815,-0.30938198188616917,-0.48626875706825445,0.1768867751820853,0.08881010743328924,5.532740932068236e-12
5.6625,0.8806381821146155,0.31020470763769353,-0.30938198188616817,-0.4863373900954984,0.17695540820933023,0.08883511069403989,5.533740132790399e-12
5.6812499999999995,0.8809423748920658,0.3102850325657195,-0.30938198188616717,-0.48640540988396996,0.1770234279978028,0.08885978631572608,5.534739333512562e-12
5.7,0.8812445677257125,0.31036474384878054,-0.3093819818861661,-0.48647282245349527,0.17709084056732916,0.08888413853969618,5.5357940453859555e-12
5.71875,0.881544773445961,0.3104438465757157,-0.30938198188616517,-0.4865396337606568,0.17715765187449162,0.0889081715534066,5.536737734956887e-12
5.7375,0.8818430048050447,0.3105223457885074,-0.3093819818861642,-0.4866058496994723,0.17722386781330807,0.08893188949108702,5.537681424527818e-12
5.75625,0.8821392744774469,0.310600246482764,-0.30938198188616317,-0.48667147610206735,0.1772894942159042,0.08895529643439758,5.538736136401212e-12
5.7749999999999995,0.8824335950603222,0.3106775536081979,-0.3093819818861623,-0.48673651873934126,0.17735453685317898,0.08897839641307853,5.539624314820912e-12
5.79375,0.8827259790739159,0.3107542720690971,-0.3093819818861613,-0.48680098332162464,0.17741900143546335,0.08900119340559212,5.540623515543075e-12
5.8125,0.8830164389619822,0.31083040672479234,-0.3093819818861604,-0.48686487549933233,0.17748289361317196,0.08902369133975689,5.541511693962775e-12
5.83125,0.8833049870922003,0.31090596239011764,-0.3093819818861595,-0.4869282008636075,0.17754621897744802,0.0890458940933745,5.542399872382475e-12
5.85,0.8835916357565888,0.31098094383586694,-0.3093819818861586,-0.4869909649469604,0.17760898306080183,0.08906780549484916,5.543288050802175e-12
5.8687499999999995,0.8838763971719197,0.3110553557892444,-0.3093819818861576,-0.48705317322389985,0.17767119133774223,0.08908942932379968,5.544287251524338e-12
5.8875,0.8841592834801288,0.3111292029343102,-0.30938198188615684,-0.4871148311115585,0.1777328492254017,0.08911076931166434,5.545064407641576e-12
5.90625,0.8844403067487268,0.31120248991242083,-0.3093819818861559,-0.487175943970311,0.1777939620841551,0.0891318291422985,5.546008097212507e-12
5.925,0.8847194789712063,0.31127522132266494,-0.30938198188615507,-0.4872365171043866,0.1778545352182315,0.08915261245256517,5.546840764480976e-12
5.94375,0.8849968120674496,0.3113474017222935,-0.30938198188615423,-0.4872965557624742,0.17791457387631998,0.08917312283291857,5.547673431749445e-12
5.9624999999999995,0.8852723178841332,0.3114190356271457,-0.30938198188615346,-0.4873560651383224,0.17797408325216896,0.08919336382798071,5.548450587866682e-12
5.98125,0.8855460081951313,0.3114901275120696,-0.30938198188615257,-0.48741505037133204,0.17803306848517947,0.08921333893711114,5.5493387662863825e-12
6.0,0.8858178947019179,0.31156068181133834,-0.30938198188615174,-0.4874735165471433,0.17809153466099156,0.0892330516149699,5.550171433554851e-12
