nodes,time,left_energy,right_energy,left_native_R2_energy,right_native_R2_energy,energy_residual,quasiparticle_count
513,0.0,0.5554045171882683,0.0009268553649016303,0.5554258262812362,0.000926658989687737,0.0,0.7703019808802578
513,0.05,0.5533739875181268,0.00295738503504306,0.5533945313210668,0.002957410380059024,-1.1102230246251565e-16,0.7703017346852384
513,0.1,0.5513722410180475,0.004959131535122459,0.5513920178808743,0.004959375593504152,0.0,0.7703014902349429
513,0.15000000000000002,0.5493988480468527,0.006932524506317333,0.5494178562899233,0.006932984298603081,0.0,0.7703012475144959
513,0.2,0.5474533856076476,0.008877986945522427,0.5474716235238547,0.008878659519670781,0.0,0.7703010065091608
513,0.25,0.5455354372423472,0.010795935310822753,0.5455529030991494,0.010796817742220976,0.0,0.7703007672043387
513,0.30000000000000004,0.5436445929279119,0.012686779625258033,0.5436612849693039,0.012687869016721564,-1.1102230246251565e-16,0.7703005295855665
513,0.35000000000000003,0.5417804489742634,0.014550923578906607,0.5417963654226853,0.014552217060669895,0.0,0.7703002936385164
513,0.4,0.5399426079238533,0.016388764629316602,0.5399577469820416,0.01639025935901555,-1.1102230246251565e-16,0.7703000593489935
513,0.45,0.5381306784528586,0.01820069410031141,0.5381450383056402,0.01820238726295774,0.0,0.7702998267029353
513,0.5,0.5363442752739734,0.019987097279196352,0.5363578540900044,0.01998898608714424,-2.220446049250313e-16,0.7702995956864102
513,0.55,0.5345830190407771,0.02174835351239278,0.5345958149742264,0.021750435205297933,-1.1102230246251565e-16,0.7702993662856166
513,0.6000000000000001,0.5328465362536445,0.023484836299525424,0.5328585474458258,0.023487108144296977,0.0,0.7702991384868806
513,0.65,0.5311344591671814,0.02519691338598858,0.5311456837481332,0.025199372676734003,0.0,0.7702989122766558
513,0.7000000000000001,0.529446425699154,0.026884946854015927,0.5294568617891691,0.02688759091197926,-1.1102230246251565e-16,0.7702986876415212
513,0.75,0.5277820793408912,0.028549293212278778,0.5277917250519971,0.028552119385772408,-1.1102230246251565e-16,0.7702984645681814
513,0.8,0.526141069069133,0.03019030348403676,0.5261499225065259,0.03019330914836702,-2.220446049250313e-16,0.7702982430434633
513,0.8500000000000001,0.524523049259305,0.0318083232938649,0.5245311085227347,0.03181150585125166,-1.1102230246251565e-16,0.7702980230543167
513,0.9,0.5229276796001896,0.033403692952980284,0.5229349427853021,0.033407049832470864,-1.1102230246251565e-16,0.770297804587812
513,0.9500000000000001,0.5213546250099784,0.034976747543191467,0.5213610902096124,0.034980276200569045,-1.1102230246251565e-16,0.7702975876311403
513,1.0,0.5198035555536767,0.036527816999493125,0.5198092208591177,0.03653151491717984,-1.1102230246251565e-16,0.77029737217161
513,1.05,0.5182741463618415,0.03805722619132831,0.5182790098640329,0.03806109087828327,-1.1102230246251565e-16,0.7702971581966485
513,1.1,0.51676607755063,0.039565295002539934,0.5167701373413454,0.03956932399415248,-1.1102230246251565e-16,0.7702969456937981
513,1.1500000000000001,0.5152790341431365,0.04105233841003333,0.5152822883161099,0.04105652926801151,-2.220446049250313e-16,0.7702967346507181
513,1.2000000000000002,0.5138127059919992,0.04251866656117068,0.5138151526440178,0.04252301687342534,-1.1102230246251565e-16,0.7702965250551801
513,1.25,0.5123667877032516,0.04396458484991842,0.5123684249352102,0.043969092230443055,0.0,0.7702963168950699
513,1.3,0.5109409785614022,0.04539039399176775,0.5109418044793215,0.045395056080514175,0.0,0.770296110158385
513,1.35,0.5095349824557212,0.04679639009744864,0.5095349951717287,0.04680120456019883,-2.220446049250313e-16,0.7702959048332334
513,1.4000000000000001,0.508148507807713,0.048182864745456966,0.5081477054409905,0.04818782927369118,0.0,0.7702957009078331
513,1.4500000000000002,0.5067812674997557,0.049550105053414145,0.5067796481774521,0.04955521736417547,-1.1102230246251565e-16,0.7702954983705108
513,1.5,0.5054329788048914,0.05089839374827858,0.5054305406630019,0.0509036515840341,-1.1102230246251565e-16,0.7702952972097009
513,1.55,0.5041033633177423,0.052228009235427614,0.5041001045019565,0.052233410363926314,-1.1102230246251565e-16,0.770295097413944
513,1.6,0.5027921468865415,0.05353922566662837,0.502788065553059,0.05354476788075607,-1.1102230246251565e-16,0.7702948989718869
513,1.6500000000000001,0.501499059546254,0.054832313006915996,0.5014941538625691,0.05483799412454718,0.0,0.7702947018722799
513,1.7000000000000002,0.5002238354527734,0.05610753710039656,0.500218103598432,0.05611335496424374,-1.1102230246251565e-16,0.7702945061039778
513,1.75,0.49896621281817666,0.05736515973499322,0.49895965298550193,0.05737111221245331,-1.1102230246251565e-16,0.7702943116559375
513,1.8,0.4977259338470182,0.0586054387061517,0.49771854424180856,0.05861152368915021,-1.1102230246251565e-16,0.7702941185172172
513,1.85,0.49650274467364675,0.05982862787952315,0.4964945235158472,0.05983484328435585,-1.1102230246251565e-16,0.770293926676976
513,1.9000000000000001,0.4952963953005295,0.06103497725264046,0.49528734082487574,0.06104132101981287,0.0,0.7702937361244726
513,1.9500000000000002,0.4941066395375652,0.062224733015604744,0.49409674999420117,0.06223120310966957,-1.1102230246251565e-16,0.7702935468490635
513,2.0,0.4929332349423718,0.06339813761079814,0.49292250859744274,0.06340473202019069,-1.1102230246251565e-16,0.7702933588402036
513,2.0500000000000003,0.49177594276153114,0.06455542979163881,0.49176437789775146,0.06456214652851057,0.0,0.7702931720874441
513,2.1,0.4906345278727762,0.06569684468039369,0.4906221227899736,0.06570368178044418,-1.1102230246251565e-16,0.7702929865804323
513,2.15,0.4895087587281054,0.06682261382506452,0.4894955117437411,0.06682956934737161,-1.1102230246251565e-16,0.7702928023089097
513,2.2,0.48839840729780754,0.06793296525536233,0.4883843167474752,0.06794003728221078,-1.1102230246251565e-16,0.7702926192627124
513,2.25,0.4873032490153852,0.06902812353778481,0.48728831325328587,0.06903531017449377,0.0,0.7702924374317689
513,2.3000000000000003,0.48622306272335797,0.07010830982981203,0.48620728012275555,0.07011560920456097,0.0,0.7702922568061003
513,2.35,0.48515763061993605,0.07117374193323385,0.48514099957359014,0.0711811521968874,-1.1102230246251565e-16,0.7702920773758177
513,2.4000000000000004,0.4841067382065456,0.0722246343466243,0.48408925712712514,0.07223215367255588,-1.1102230246251565e-16,0.7702918991311242
513,2.45,0.4830701742361943,0.07326119831697561,0.483051841556671,0.0732688249008902,-1.1102230246251565e-16,0.770291722062311
513,2.5,0.482047730662663,0.07428364189050692,0.48202854483668583,0.07429137395026282,-1.1102230246251565e-16,0.7702915461597586
513,2.5500000000000003,0.4810392025905101,0.07529216996265983,0.4810191620927613,0.07530000573808966,-1.1102230246251565e-16,0.7702913714139348
513,2.6,0.48004438822587475,0.07628698432729517,0.4800234915524071,0.07629492208002589,-1.1102230246251565e-16,0.7702911978153942
513,2.6500000000000004,0.47906308882806686,0.07726828372510298,0.47904133449662395,0.07727632173837556,-1.1102230246251565e-16,0.7702910253547776
513,2.7,0.4780951086619305,0.0782362638912394,0.4780724952122493,0.07824440046972768,-1.1102230246251565e-16,0.7702908540228114
513,2.75,0.4771402549509675,0.07919111760220238,0.4771167809450654,0.07919935107183151,-1.1102230246251565e-16,0.7702906838103053
513,2.8000000000000003,0.47619833783121085,0.08013303472195908,0.47617400185365516,0.08014136342972354,-1.1102230246251565e-16,0.7702905147081531
513,2.85,0.4752691703058332,0.08106220224733672,0.47524397096399595,0.0810706245611179,-1.1102230246251565e-16,0.7702903467073321
513,2.9000000000000004,0.4743525682004806,0.0819788043526893,0.47432650412477784,0.08198731866107282,-1.1102230246251565e-16,0.7702901797989001
513,2.95,0.47344835011931846,0.0828830224338515,0.47342141996343445,0.08289162714594435,0.0,0.770290013973997
513,3.0,0.47255633740177827,0.08377503515139174,0.47252853984287607,0.08378372869663916,0.0,0.7702898492238424
513,3.0500000000000003,0.47167635407999436,0.08465501847317555,0.4716476878189118,0.08466379930117794,-1.1102230246251565e-16,0.7702896855397366
513,3.1,0.47080822683691925,0.0855231457162506,0.4707786905983515,0.08553201229658026,-1.1102230246251565e-16,0.7702895229130571
513,3.1500000000000004,0.4699517849651056,0.08637958758806433,0.4699213774977748,0.08638853841008226,-1.1102230246251565e-16,0.7702893613352609
513,3.2,0.469106860326145,0.08722451222702489,0.4690755804029574,0.08723354579969775,-1.1102230246251565e-16,0.7702892007978815
513,3.25,0.46827328731075346,0.0880580852424165,0.4682411337289432,0.08806720009413357,0.0,0.7702890412925292
513,3.3000000000000003,0.46745090279949075,0.08888046975367908,0.4674178743807534,0.08888966443206955,-2.220446049250313e-16,0.7702888828108898
513,3.35,0.4666395461241068,0.08969182642906308,0.466605641714719,0.08970109950081337,-1.1102230246251565e-16,0.7702887253447246
513,3.4000000000000004,0.4658390590295008,0.0904923135236691,0.4658042775004308,0.09050166357434065,-1.1102230246251565e-16,0.7702885688858694
513,3.45,0.46504928563628717,0.09128208691688272,0.46501362588329326,0.09129151255073004,-1.1102230246251565e-16,0.7702884134262328
513,3.5,0.46427007240395574,0.09206130014921408,0.46423353334767425,0.0920707999890032,-2.220446049250313e-16,0.7702882589577972
513,3.5500000000000003,0.46350126809461784,0.09283010445855208,0.46346384868064094,0.09283967714537927,-1.1102230246251565e-16,0.7702881054726167
513,3.6,0.4627427237373277,0.09358864881584225,0.46270442293627156,0.09359829300895345,0.0,0.7702879529628172
513,3.6500000000000004,0.4619942925929717,0.09433707996019818,0.4619551094005348,0.0943467943368088,-1.1102230246251565e-16,0.7702878014205955
513,3.7,0.4612558301197145,0.09507554243345549,0.46121576355672605,0.09508532568857068,0.0,0.7702876508382184
513,3.75,0.4605271939389929,0.095804178614177,0.4604862430514535,0.09581402946041265,-1.1102230246251565e-16,0.7702875012080219
513,3.8000000000000003,0.4598082438020512,0.09652312875111871,0.4597664076611634,0.09653304591852287,-1.1102230246251565e-16,0.7702873525224112
513,3.85,0.4590988415570054,0.09723253099616443,0.4590561192591969,0.0972425132320396,-1.1102230246251565e-16,0.7702872047738601
513,3.9000000000000004,0.45839885111643136,0.09793252143673851,0.45835524178336917,0.09794256750546447,-1.1102230246251565e-16,0.7702870579549088
513,3.95,0.45770813842546526,0.09862323412770463,0.45766364120406255,0.09863334281056198,-1.1102230246251565e-16,0.7702869120581655
513,4.0,0.4570265714304109,0.099304801122759,0.45698118549282624,0.09931497121775344,-1.1102230246251565e-16,0.7702867670763033
513,4.05,0.4563540200478438,0.0999773525053261,0.4563077445914723,0.09998758282701371,-1.1102230246251565e-16,0.7702866230020622
513,4.1000000000000005,0.4556903561342044,0.10064101641896553,0.45564319038166184,0.10065130579827836,-1.1102230246251565e-16,0.7702864798282465
513,4.15,0.4550354534558731,0.10129591909729688,0.4549873966549742,0.10130626638136987,0.0,0.7702863375477247
513,4.2,0.4543891876597185,0.10194218489345143,0.45434023908344745,0.10195258894544995,-1.1102230246251565e-16,0.7702861961534297
513,4.25,0.45375143624411224,0.10257993630905773,0.45370159519058667,0.10259039600800585,0.0,0.7702860556383564
513,4.3,0.4531220785304014,0.10320929402276849,0.4530713443228311,0.1032198082633785,-1.1102230246251565e-16,0.7702859159955634
513,4.3500000000000005,0.4525009956348331,0.10383037691833683,0.4524493676214715,0.10384094461083941,-1.1102230246251565e-16,0.77028577721817
513,4.4,0.4518880704409215,0.10444330211224835,0.4518355479950126,0.10445392218222378,-1.1102230246251565e-16,0.7702856392993577
513,4.45,0.45128318757225294,0.10504818498091696,0.45122977009197146,0.10505885636912723,-1.1102230246251565e-16,0.7702855022323685
513,4.5,0.45068623336571917,0.10564513918745075,0.4506319202741062,0.10565586084967278,-1.1102230246251565e-16,0.7702853660105043
513,4.55,0.4500970958451744,0.10623427670799557,0.4500418865900676,0.10624504761485525,0.0,0.7702852306271268
513,4.6000000000000005,0.44951566469550747,0.10681570785766242,0.44945955874946597,0.10682652699446982,-1.1102230246251565e-16,0.7702850960756565
513,4.65,0.44894183123712383,0.10738954131604606,0.4488848280973485,0.10740040768263154,-1.1102230246251565e-16,0.7702849623495727
513,4.7,0.44837548840082914,0.10795588415234073,0.4483175875890783,0.10796679676289224,-1.1102230246251565e-16,0.770284829442412
513,4.75,0.44781653070310984,0.10851484185006012,0.44775773176561023,0.10852579973296148,0.0,0.7702846973477685
513,4.800000000000001,0.4472648542218025,0.10906651833136742,0.4472051567291565,0.10907752052903766,-1.1102230246251565e-16,0.7702845660592933
513,4.8500000000000005,0.4467203565721478,0.1096110159810221,0.44665976011923586,0.10962206154975583,-1.1102230246251565e-16,0.7702844355706938
513,4.9,0.44618293688322064,0.11014843566994935,0.4461214410891001,0.11015952367975845,0.0,0.7702843058757325
513,4.95,0.4456524957747314,0.11067887677843846,0.4455901002825317,0.11069000631289465,-1.1102230246251565e-16,0.7702841769682278
513,5.0,0.445128935334194,0.11120243721897585,0.4450656398110074,0.11121360737505451,-1.1102230246251565e-16,0.7702840488420524
