time,amplitude,gamma,temperature,total_energy,field_work,heat_work,energy_residual,incorrect_residual_without_field_work
0.0,0.72,0.1,0.0,-0.3197325061224042,0.0,0.0,0.0,0.0
0.00625,0.72025,0.1002945195801145,0.07199281396512047,-0.31924794091726216,0.00023456520514306904,0.00025000000000000006,-1.0067359272614151e-15,0.0002345652051420623
0.0125,0.7204999999999999,0.10058901077381885,0.07893270559173027,-0.31876321062764523,0.0004692954947609569,0.0005000000000000001,-1.964357496109237e-15,0.00046929549475899256
0.018750000000000003,0.72075,0.1008834451974389,0.08357080136655966,-0.3182783449011715,0.0007041612212351065,0.0007500000000000002,-2.3985804661896815e-15,0.000704161221232708
0.025,0.721,0.10117779447277206,0.08716481761661729,-0.31779337148997494,0.0009391346324321898,0.0010000000000000002,-2.9054449818266548e-15,0.0009391346324292844
0.03125,0.72125,0.10147203022982254,0.09014584616107162,-0.3173083177535682,0.001174188368839442,0.0012500000000000002,-3.4310661950476273e-15,0.0011741883688360108
0.037500000000000006,0.7214999999999999,0.10176612410953567,0.09271799104918561,-0.3168232115536888,0.001409294568719456,0.0015000000000000002,-4.041472018156966e-15,0.0014092945687154146
0.043750000000000004,0.72175,0.10206004776653121,0.0949954215929689,-0.316338081066171,0.0016444250562378884,0.0017500000000000003,-4.6696587568950676e-15,0.0016444250562332187
0.05,0.722,0.10235377287183535,0.09704901419881766,-0.31585295467821656,0.001879551444193044,0.0020000000000000005,-5.3767754137901136e-15,0.0018795514441876673
0.05625,0.72225,0.10264727111561109,0.09892604859810979,-0.31536786092516733,0.0021146451972431177,0.0022500000000000007,-6.224621512673778e-15,0.002114645197236893
0.0625,0.7224999999999999,0.10294051420988683,0.10065977350915384,-0.3148828284482446,0.0023496776741664892,0.002500000000000001,-6.876443858772063e-15,0.002349677674159613
0.06875,0.72275,0.10323347389128279,0.1022745367675959,-0.31439788596451335,0.002584620157898684,0.002750000000000001,-7.805821961026638e-15,0.002584620157890878
0.07500000000000001,0.723,0.10352612192373513,0.1037887494179455,-0.31391306224447624,0.0028194438779366024,0.0030000000000000014,-8.615937824307807e-15,0.0028194438779279864
0.08125,0.72325,0.1038184301012174,0.10521670091471973,-0.31342838609469514,0.0030541200277184816,0.0032500000000000016,-9.4017675589253e-15,0.00305412002770908
0.08750000000000001,0.7234999999999999,0.10411037025045905,0.10656972401206757,-0.3129438863438592,0.0032886197785551123,0.003500000000000002,-1.0112136822337803e-14,0.003288619778545
0.09375,0.72375,0.10440191423366085,0.10785697167592989,-0.3124595918313038,0.0035229142911115054,0.003750000000000002,-1.1066668414994041e-14,0.0035229142911004387
0.1,0.724,0.10469303395120694,0.10908595223637006,-0.31197553139731776,0.003756974725098456,0.004000000000000002,-1.1994745474641633e-14,0.003756974725086461
0.10625000000000001,0.72425,0.10498370134437297,0.11026290827360415,-0.311491733874793,0.003990772247623978,0.004250000000000002,-1.2763227974499358e-14,0.003990772247611215
0.1125,0.7244999999999999,0.10527388839803065,0.11139309128941444,-0.31100822808189743,0.004224278040520416,0.004500000000000002,-1.3623650818583855e-14,0.004224278040506792
0.11875000000000001,0.72475,0.10556356714334773,0.11248096497279357,-0.31052504281554455,0.004457463306874312,0.0047500000000000025,-1.4638464052030287e-14,0.004457463306859673
0.125,0.725,0.10585270966048385,0.11353035837073311,-0.31004220684549394,0.00469029927692578,0.005000000000000003,-1.5497152172638806e-14,0.004690299276910283
0.13125,0.72525,0.1061412880812814,0.11454458317588427,-0.3095597489089584,0.0049227572134621115,0.005250000000000003,-1.6265634672496532e-14,0.004922757213445846
0.1375,0.7254999999999999,0.10642927459195153,0.11552652483156187,-0.309077697705621,0.005154808416800418,0.005500000000000003,-1.7186772838240216e-14,0.0051548084167832315
0.14375000000000002,0.72575,0.10671664143575496,0.11647871421383499,-0.3085960818929899,0.0053864242294324625,0.005750000000000003,-1.8166891602167112e-14,0.005386424229414296
0.15000000000000002,0.726,0.10700336091567716,0.1174033846894142,-0.30811493008203444,0.005617576040388799,0.006000000000000004,-1.902124291408569e-14,0.005617576040369778
0.15625,0.72625,0.10728940539709791,0.11830251801336171,-0.3076342708330567,0.005848235289367404,0.006250000000000004,-1.9905084525095873e-14,0.005848235289347499
0.1625,0.7264999999999999,0.10757474731045474,0.11917788160536588,-0.30715413265176217,0.006078373470662882,0.006500000000000004,-2.0828824776053523e-14,0.006078373470642053
0.16875,0.72675,0.10785935915390013,0.12003105909104139,-0.3066745439855006,0.006307962136925331,0.006750000000000004,-2.1701390684469857e-14,0.006307962136903629
0.17500000000000002,0.727,0.10814321349595224,0.12086347552782076,-0.3061955332196542,0.006536972902772565,0.0070000000000000045,-2.254793574074654e-14,0.006536972902750017
0.18125000000000002,0.72725,0.10842628297813878,0.1216764183961081,-0.3057171286741526,0.00676537744827509,0.007250000000000005,-2.3496829482105852e-14,0.006765377448251593
0.1875,0.7274999999999999,0.10870854031763387,0.12247105518719886,-0.3052393586000987,0.006993147522329869,0.007500000000000005,-2.4358119687928337e-14,0.006993147522305511
0.19375,0.72775,0.1089899583098877,0.12324844823409474,-0.30476225117649336,0.007220254945936225,0.007750000000000005,-2.5364259303994885e-14,0.007220254945910861
0.2,0.728,0.10927050983124843,0.12400956729190565,-0.30428583450704544,0.007446671615385014,0.008000000000000005,-2.6232488403721277e-14,0.0074466716153587815
0.20625000000000002,0.72825,0.10955016784157649,0.12475530026857895,-0.3038101366170608,0.007672369505370477,0.008250000000000006,-2.705648205481026e-14,0.00767236950534342
0.21250000000000002,0.7284999999999999,0.1098289053868508,0.12548646242541867,-0.30333518545039956,0.007897320672032694,0.008500000000000006,-2.8033131371785203e-14,0.007897320672004661
0.21875,0.72875,0.11010669560176661,0.12620380430395978,-0.30286100886649575,0.00812149725593739,0.008750000000000006,-2.892130979148533e-14,0.008121497255908468
0.225,0.729,0.1103835117123248,0.1269080185866809,-0.3023876346374352,0.008344871484998857,0.009000000000000006,-2.9814692381613384e-14,0.008344871484969043
0.23125,0.72925,0.11065932703841248,0.12759974606044297,-0.3019150904450839,0.008567415677350929,0.009250000000000006,-3.06213387979426e-14,0.008567415677320308
0.23750000000000002,0.7294999999999999,0.1109341149963745,0.12827958082096833,-0.30144340387826557,0.008789102244170248,0.009500000000000007,-3.159972283839352e-14,0.008789102244138649
0.24375000000000002,0.72975,0.1112078491015755,0.12894807483229273,-0.30097260242998125,0.0090099036924555,0.009750000000000007,-3.253300406846904e-14,0.009009903692422968
0.25,0.73,0.1114805029709527,0.12960574193554883,-0.30050271349467167,0.0092297926277658,0.010000000000000007,-3.325117958752344e-14,0.009229792627732549
0.25625000000000003,0.73025,0.11175205032555868,0.13025306138563394,-0.3000337643655175,0.009448741756920969,0.010250000000000007,-3.4236502521878265e-14,0.009448741756886732
0.2625,0.7304999999999999,0.11202246499309423,0.1308904809814732,-0.29956578223177316,0.009666723890666142,0.010500000000000008,-3.5083047578154947e-14,0.009666723890631059
0.26875,0.73075,0.11229172091043087,0.1315184198451048,-0.2990987941761375,0.00988371194630277,0.010750000000000008,-3.604755383079805e-14,0.009883711946266723
0.275,0.731,0.11255979212612285,0.13213727089620275,-0.2986328271721532,0.010099678950287893,0.011000000000000008,-3.690103778097864e-14,0.010099678950250992
0.28125,0.73125,0.11282665280290846,0.13274740306155158,-0.2981679080816387,0.010314598040803263,0.011250000000000008,-3.772329670859165e-14,0.01031459804076554
0.28750000000000003,0.7314999999999999,0.11309227722020027,0.13334916325309842,-0.2977040636521471,0.010528442470295777,0.011500000000000008,-3.8637495980431424e-14,0.01052844247025714
0.29375,0.73175,0.11335663977656404,0.13394287814330755,-0.29724132051445334,0.010741185607990427,0.011750000000000009,-3.9555164699223155e-14,0.010741185607950872
0.30000000000000004,0.732,0.11361971499218641,0.1345288557624433,-0.2967797051800677,0.010952800942376908,0.012000000000000009,-4.037915835031214e-14,0.010952800942336529
0.30625,0.73225,0.11388147751133051,0.13510738693896668,-0.2963192440387745,0.01116326208367083,0.01225000000000001,-4.1135497785838027e-14,0.011163262083629695
0.3125,0.7324999999999999,0.11414190210477994,0.13567874660133064,-0.2958599633561958,0.011372542766250422,0.01250000000000001,-4.200459424730241e-14,0.011372542766208417
0.31875000000000003,0.73275,0.11440096367227034,0.1362431949570068,-0.2954018892713778,0.011580616851069453,0.01275000000000001,-4.301940748074884e-14,0.011580616851026434
0.325,0.733,0.11465863724490866,0.1368009785624928,-0.2949450477944009,0.011787458328047092,0.01300000000000001,-4.3770542745846797e-14,0.011787458328003321
0.33125000000000004,0.73325,0.11491489798757963,0.13735233129627683,-0.29448946480401356,0.011993041318435269,0.01325000000000001,-4.461014890821957e-14,0.011993041318390659
0.3375,0.7334999999999999,0.11516972120133954,0.13789747524521845,-0.29403516604528557,0.012197340077164087,0.01350000000000001,-4.5439346729736485e-14,0.012197340077118647
0.34375,0.73375,0.11542308232579665,0.13843662151350594,-0.2935821771272848,0.012400328995165752,0.01375000000000001,-4.6330994596388564e-14,0.012400328995119421
0.35000000000000003,0.734,0.11567495694147847,0.13896997096223346,-0.2931305235207739,0.012601982601677438,0.01400000000000001,-4.7123763224909965e-14,0.012601982601630314
0.35625,0.73425,0.11592532077218529,0.13949771488667598,-0.29268023055592873,0.012802275566523465,0.014250000000000011,-4.798418606899446e-14,0.012802275566475481
0.36250000000000004,0.7344999999999999,0.11617414968733002,0.1400200356375079,-0.2922313234200759,0.013001182702377108,0.014500000000000011,-4.879950610270356e-14,0.013001182702328308
0.36875,0.73475,0.1164214197042639,0.14053710719148807,-0.29178382715545154,0.01319867896700234,0.014750000000000011,-4.9661663670264033e-14,0.013198678966952678
0.375,0.735,0.11666710699058808,0.1410490956765054,-0.2913377666569789,0.013394739465475765,0.015000000000000012,-5.0464840639641295e-14,0.0133947394654253
0.38125000000000003,0.73525,0.11691118786645051,0.14155615985533268,-0.2908931666700665,0.013589339452388969,0.015250000000000012,-5.123852730992695e-14,0.01358933945233773
0.3875,0.7354999999999999,0.11715363880682837,0.14205845157195646,-0.2904500517884248,0.013782454334031486,0.015500000000000012,-5.208507236620363e-14,0.013782454333979401
0.39375000000000004,0.73575,0.11739443644379541,0.1425561161639337,-0.29000844645190244,0.013974059670554572,0.01575000000000001,-5.279457426787815e-14,0.01397405967050178
0.4,0.736,0.1176335575687742,0.14304929284385648,-0.2895683749443419,0.014164131178115933,0.01600000000000001,-5.362030264244311e-14,0.014164131178062315
0.40625,0.73625,0.11787097913477301,0.1435381150526845,-0.289129861391453,0.014352644731005544,0.01625000000000001,-5.4355825396257273e-14,0.01435264473095119
0.41250000000000003,0.7364999999999999,0.11810667825860716,0.14402271078741888,-0.2886929297587067,0.014539576363752686,0.01650000000000001,-5.516767598301442e-14,0.014539576363697519
0.41875,0.73675,0.1183406322231045,0.14450320290533977,-0.28825760384924587,0.014724902273214316,0.01675000000000001,-5.597258767586766e-14,0.014724902273158345
0.42500000000000004,0.737,0.11857281847929503,0.14497970940680738,-0.2878239073018162,0.014908598820644828,0.01700000000000001,-5.678790770957676e-14,0.01490859882058804
0.43125,0.73725,0.1188032146485841,0.14545234369842855,-0.28739186358871444,0.015090642533747334,0.017250000000000012,-5.75546554859585e-14,0.015090642533689778
0.4375,0.7374999999999999,0.11903179852490937,0.14592121483821574,-0.2869614960137561,0.015271010108706481,0.017500000000000012,-5.835956717881174e-14,0.015271010108648123
0.44375000000000003,0.73775,0.1192585480768811,0.14638642776420943,-0.2865328277102604,0.015449678412202905,0.017750000000000012,-5.9088151038722e-14,0.015449678412143817
0.45,0.738,0.11948344144990551,0.14684808350789513,-0.2861058816390547,0.015626624483409342,0.018000000000000013,-5.983408213339203e-14,0.01562662448334951
0.45625000000000004,0.73825,0.11970645696829124,0.147306279393623,-0.2856806805864963,0.01580182553596846,0.018250000000000013,-6.056266599330229e-14,0.015801825535907896
0.4625,0.7384999999999999,0.11992757313733846,0.14776110922512622,-0.2852572471625132,0.015975258959952412,0.018500000000000013,-6.141614994348288e-14,0.015975258959890996
0.46875,0.73875,0.12014676864541056,0.14821266346013515,-0.28483560379866213,0.016146902323804176,0.018750000000000013,-6.209269209911383e-14,0.016146902323742083
0.47500000000000003,0.739,0.12036402236598825,0.14866102937399478,-0.2844157727462064,0.016316733376260682,0.019000000000000013,-6.285597042854363e-14,0.016316733376197826
0.48125,0.73925,0.12057931335970579,0.1491062912131131,-0.28399777607421006,0.016484730048257734,0.019250000000000014,-6.358455428845389e-14,0.01648473004819415
0.48750000000000004,0.7394999999999999,0.12079262087636908,0.14954853033899573,-0.2835816356676517,0.016650870454816752,0.019500000000000014,-6.425068810322898e-14,0.0166508704547525
0.49375,0.73975,0.12100392435695571,0.14998782536355668,-0.28316737322555596,0.016815132896913332,0.019750000000000014,-6.508335537169785e-14,0.01681513289684825
0.5,0.74,0.12121320343559643,0.1504242522763392,-0.28275501025914235,0.016977495863327627,0.020000000000000014,-6.576336697428076e-14,0.016977495863261863
0.50625,0.74025,0.12142043794153805,0.15085788456421556,-0.28234456808999403,0.01713793803247657,0.020250000000000015,-6.638786742563241e-14,0.01713793803241018
0.5125000000000001,0.7404999999999999,0.12162560790108756,0.1512887933241089,-0.28193606784824343,0.017296438274227863,0.020500000000000015,-6.708522626297508e-14,0.017296438274160778
0.51875,0.74075,0.12182869353953725,0.15171704736924446,-0.2815295304707764,0.01745297565169585,0.020750000000000015,-6.802891583390647e-14,0.01745297565162782
0.525,0.741,0.12202967528307057,0.15214271332928886,-0.2811249766994538,0.017607529423019103,0.021000000000000015,-6.869158020172961e-14,0.01760752942295041
0.53125,0.74125,0.12222853376064878,0.15256585574491902,-0.28072242707935363,0.017760079043119863,0.021250000000000015,-6.928485563051368e-14,0.01776007904305058
0.5375,0.7414999999999999,0.1224252498058779,0.1529865371571015,-0.28032190195702905,0.01791060416544523,0.021500000000000016,-7.007242008860715e-14,0.017910604165375158
0.5437500000000001,0.74175,0.12261980445885609,0.15340481819147117,-0.2799234214787847,0.018059084643690087,0.021750000000000016,-7.05616121088326e-14,0.018059084643619525
0.55,0.742,0.12281217896800094,0.1538207576381258,-0.2795270055889738,0.018205500533501794,0.022000000000000016,-7.139427937730147e-14,0.0182055005334304
0.55625,0.74225,0.12300235479185685,0.15423441252713457,-0.27913267402830955,0.018349832094166588,0.022250000000000016,-7.192510476095038e-14,0.018349832094094663
0.5625,0.7424999999999999,0.12319031360088212,0.1546458382000354,-0.27874044633219924,0.018492059790277675,0.022500000000000017,-7.270919977209189e-14,0.018492059790204966
0.56875,0.74275,0.1233760372792155,0.15505508837613308,-0.2783503418292799,0.018632164293190354,0.022750000000000017,-6.606867830605267e-14,0.018632164293124285
0.5750000000000001,0.743,0.12355950792642235,0.1554622152178766,-0.2779623796396079,0.018770126482863067,0.023000000000000017,-6.67625676964434e-14,0.018770126482796304
0.58125,0.74325,0.12374070785921981,0.15586726939468568,-0.27757657867267754,0.018905927449794014,0.023250000000000017,-6.734890423132356e-14,0.018905927449726665
0.5875,0.7434999999999999,0.12391961961318122,0.15627030013810356,-0.2771929576261959,0.019039548496276367,0.023500000000000017,-6.804973251561819e-14,0.019039548496208317
0.59375,0.74375,0.12409622594441935,0.15667135529668477,-0.27681153498450994,0.019170971137962914,0.023750000000000018,-6.864994683830616e-14,0.019170971137894264
0.6000000000000001,0.744,0.12427050983124843,0.1570704813881819,-0.2764323290170496,0.019300177105423946,0.024000000000000018,-6.935424456955275e-14,0.01930017710535459
0.6062500000000001,0.74425,0.1244424544758247,0.1574677236491623,-0.2760553577767874,0.019427148345686717,0.024250000000000018,-6.992323386967314e-14,0.019427148345616794
0.6125,0.7444999999999999,0.12461204330576542,0.15786312608220573,-0.2756806390987183,0.019551867023756424,0.02450000000000002,-7.053385653321698e-14,0.01955186702368589
0.61875,0.74475,0.1247792599757462,0.15825673150082464,-0.27530819059835676,0.01967431552411869,0.02475000000000002,-7.124509315836747e-14,0.019674315524047446
0.625,0.745,0.12494408836907636,0.15864858157223874,-0.2749380296702525,0.019794476452223514,0.02500000000000002,-7.180020467068005e-14,0.019794476452151714
0.6312500000000001,0.74525,0.1251065125992523,0.15903871685812718,-0.274570173486526,0.01991233263595066,0.02525000000000002,-7.246980793240709e-14,0.01991233263587819
0.6375000000000001,0.7454999999999999,0.1252665170114886,0.15942717685347216,-0.27420463899542075,0.020027867127056488,0.02550000000000002,-7.302838889167163e-14,0.02002786712698346
0.64375,0.74575,0.12542408618422704,0.15981400002360185,-0.27384144291987567,0.02014106320260212,0.02575000000000002,-7.358003095703225e-14,0.02014106320252854
0.65,0.746,0.12557920493062277,0.16019922383953256,-0.27348060175611544,0.020251904366363007,0.02600000000000002,-7.423922587790344e-14,0.020251904366288768
0.65625,0.74625,0.12573185830000816,0.16058288481170377,-0.27312213177225925,0.020360374350219795,0.02625000000000002,-7.483597075363946e-14,0.02036037435014496
0.6625000000000001,0.7464999999999999,0.12588203157933375,0.16096501852219403,-0.2727660490069492,0.02046645711553048,0.02650000000000002,-7.545006286413525e-14,0.02046645711545503
0.6687500000000001,0.74675,0.12602971029458632,0.16134565965549932,-0.2724123692679963,0.020570136854483854,0.02675000000000002,-7.592884654350485e-14,0.020570136854407926
0.675,0.747,0.12617488021218393,0.16172484202795132,-0.27206110813104656,0.020671397991434148,0.02700000000000002,-7.650130529057719e-14,0.020671397991357646
0.68125,0.74725,0.12631752734034773,0.1621025986158478,-0.2717122809382643,0.020770225184216912,0.02725000000000002,-7.698008896994679e-14,0.020770225184139932
0.6875,0.7474999999999999,0.12645763793045064,0.1624789615823624,-0.2713659027970358,0.020866603325446046,0.02750000000000002,-7.76601005725297e-14,0.020866603325368386
0.6937500000000001,0.74775,0.12659519847834239,0.16285396230329802,-0.2710219885786905,0.020960517543791975,0.02775000000000002,-7.824643710740986e-14,0.020960517543713728
0.7000000000000001,0.748,0.12673019572565103,0.1632276313917429,-0.270680552917242,0.021051953205240934,0.02800000000000002,-7.875297636239509e-14,0.02105195320516218
0.70625,0.74825,0.1268626166610609,0.1635999987216845,-0.2703416102081481,0.021140895914335347,0.02825000000000002,-7.926298506433227e-14,0.021140895914256084
0.7125,0.7484999999999999,0.12699244852156666,0.1639710934506497,-0.2700051746070888,0.021227331515395232,0.028500000000000022,-7.981115768274094e-14,0.02122733151531542
0.71875,0.74875,0.1271196787937033,0.16434094404136199,-0.2696712600287639,0.021311246093720638,0.028750000000000022,-8.033851361943789e-14,0.0213112460936403
0.7250000000000001,0.749,0.12724429521475245,0.1647095782825798,-0.2693398801457099,0.021392625976775066,0.029000000000000022,-8.078260282928795e-14,0.021392625976694283
0.7312500000000001,0.74925,0.12736628577392403,0.16507702330902185,-0.26901104838713585,0.021471457735349843,0.029250000000000023,-8.149383945443844e-14,0.02147145773526835
0.7375,0.7494999999999999,0.1274856387135141,0.16544330562051845,-0.2686847779377766,0.02154772818470942,0.029500000000000023,-8.183731470268185e-14,0.021547728184627583
0.74375,0.74975,0.12760234253003785,0.16580845110039022,-0.2683610817367691,0.02162142438571756,0.029750000000000023,-8.244793736622569e-14,0.02162142438563511
0.75,0.75,0.1277163859753386,0.1661724850330963,-0.2680399724765427,0.02169253364594438,0.030000000000000023,-8.28885571291238e-14,0.021692533645861493
0.7562500000000001,0.75025,0.12782775805767171,0.16653543212118918,-0.26772146260173335,0.02176104352075426,0.030250000000000023,-8.340897417191684e-14,0.02176104352067085
0.7625000000000001,0.7505,0.1279364480427641,0.16689731650160686,-0.26740556430811363,0.021826941814374473,0.030500000000000024,-8.390163563909425e-14,0.02182694181429057
0.76875,0.75075,0.12804244545484877,0.1672581617613349,-0.26709228954154396,0.021890216580944668,0.030750000000000024,-8.442552212883925e-14,0.021890216580860242
0.775,0.751,0.12814574007767454,0.1676179909524675,-0.26678164999694215,0.02195085612554701,0.031000000000000024,-8.49598169594401e-14,0.02195085612546205
0.78125,0.75125,0.12824632195549063,0.16797682660669525,-0.26647365711727256,0.022008849005217084,0.03125000000000002,-8.543513119185775e-14,0.02200884900513165
0.7875000000000001,0.7515,0.12834418139400636,0.1683346907492461,-0.26616832209255453,0.02206418402993541,0.03150000000000002,-8.573697307667771e-14,0.022064184029849672
0.7937500000000001,0.7517499999999999,0.12843930896132533,0.1686916049123044,-0.2658656558588909,0.022116850263599625,0.03175000000000002,-8.62990234828942e-14,0.022116850263513323
0.8,0.752,0.12853169548885462,0.16904759014793216,-0.26556566909751367,0.022166837024977282,0.03200000000000002,-8.674311269274426e-14,0.022166837024890536
0.80625,0.75225,0.12862133207218843,0.16940266704051296,-0.26526837223385213,0.022214133888639173,0.03225000000000002,-8.710393517574744e-14,0.02221413388855207
0.8125,0.7525,0.12870821007196628,0.16975685571874435,-0.2649737754366185,0.022258730685873224,0.03250000000000002,-8.750639102217406e-14,0.022258730685785717
0.8187500000000001,0.75275,0.12879232111470573,0.17011017586719204,-0.26468188861691333,0.022300617505578886,0.03275000000000002,-8.801293027715928e-14,0.022300617505490873
0.8250000000000001,0.753,0.12887365709360943,0.17046264673743122,-0.2643927214273507,0.02233978469514199,0.03300000000000002,-8.849171395652888e-14,0.022339784695053495
0.83125,0.75325,0.12895221016934644,0.17081428715879007,-0.26410628326120306,0.022376222861290034,0.03325000000000002,-8.88872309090516e-14,0.022376222861201146
0.8375,0.7535,0.1290279727708078,0.1711651155487128,-0.2638225832515656,0.022409922870927877,0.03350000000000002,-8.92758089676704e-14,0.0224099228708386
0.84375,0.7537499999999999,0.12910093759583632,0.17151514992275943,-0.2635416302705402,0.022440875851953805,0.03375000000000002,-8.977540932875172e-14,0.02244087585186403
0.8500000000000001,0.754,0.1291710976119303,0.17186440790425725,-0.26326343292843846,0.02246907319405592,0.03400000000000002,-9.017092628127443e-14,0.022469073193965745
0.8562500000000001,0.75425,0.12923844605692136,0.17221290673361891,-0.26298799957300584,0.022494506549488823,0.034250000000000023,-9.046235982523854e-14,0.022494506549398365
0.8625,0.7545,0.12930297643962618,0.17256066327734135,-0.2627153382886646,0.022517167833830575,0.034500000000000024,-9.098971576193549e-14,0.02251716783373959
0.86875,0.75475,0.12936468254047218,0.1729076940366983,-0.26244545689577575,0.02253704922671986,0.034750000000000024,-9.141298829007383e-14,0.02253704922662845
0.875,0.755,0.1294235584120969,0.17325401515614688,-0.2621783629499226,0.022554143172573378,0.035000000000000024,-9.175993298526919e-14,0.022554143172481618
0.8812500000000001,0.75525,0.12947959837992135,0.1735996424314187,-0.26191406374121295,0.022568442381283332,0.035250000000000024,-9.208606099875283e-14,0.022568442381191246
0.8875000000000001,0.7555,0.12953279704269677,0.17394459131741097,-0.26165256629360156,0.0225799398288951,0.035500000000000025,-9.246076126956382e-14,0.022579939828802638
0.89375,0.7557499999999999,0.12958314927302528,0.17428887693574585,-0.2613938773642321,0.022588628758264936,0.035750000000000025,-9.2821583752567e-14,0.022588628758172115
0.9,0.756,0.12963065021785414,0.17463251408212035,-0.2611380034427997,0.022594502679697752,0.036000000000000025,-9.324485628070533e-14,0.022594502679604507
0.90625,0.75625,0.12967529529894345,0.17497551723341145,-0.2608849507509329,0.02259755537156487,0.036250000000000025,-9.354322871857335e-14,0.022597555371471324
0.9125000000000001,0.7565,0.12971708021330733,0.17531790055455018,-0.26063472524159637,0.02259778088090179,0.036500000000000025,-9.395956235280778e-14,0.022597780880807834
0.9187500000000001,0.75675,0.1297560009336288,0.17565967790517692,-0.26038733259851254,0.022595173523985834,0.036750000000000026,-9.418160695773281e-14,0.022595173523891655
0.925,0.757,0.1297920537086478,0.17600086284608568,-0.26014277823560505,0.022589727886893732,0.037000000000000026,-9.458406280415943e-14,0.022589727886799145
0.93125,0.75725,0.12982523506352284,0.1763414686454658,-0.25990106729645995,0.022581438826039035,0.037250000000000026,-9.479222962127665e-14,0.022581438825944246
0.9375,0.7575,0.1298555418001659,0.1766815082849488,-0.2596622046538101,0.02257030146868934,0.037500000000000026,-9.526407440674234e-14,0.022570301468594074
0.9437500000000001,0.7577499999999999,0.1298829709975506,0.17702099446546785,-0.2594261949090364,0.022556311213463312,0.03775000000000003,-9.5513874587283e-14,0.022556311213367798
0.9500000000000001,0.758,0.12990752001199385,0.17735993961293745,-0.25919304239169255,0.02253946373080742,0.03800000000000003,-9.577755255563147e-14,0.022539463730711647
0.95625,0.75825,0.12992918647741047,0.1776983558837597,-0.25896275115904793,0.022519754963452376,0.03825000000000003,-9.611061946301902e-14,0.022519754963356266
0.9625,0.7585,0.12994796830554148,0.178036255170164,-0.2587353249956514,0.022497181126849234,0.03850000000000003,-9.641593079479094e-14,0.022497181126752815
0.96875,0.7587499999999999,0.12996386368615517,0.17837364910538672,-0.2585107674129159,0.022471738709585094,0.03875000000000003,-9.679063106560193e-14,0.0224717387094883
0.9750000000000001,0.759,0.1299768710872217,0.1787105490686963,-0.2582890816487229,0.02244342447377838,0.03900000000000003,-9.706818682175822e-14,0.022443424473681313
0.9812500000000001,0.75925,0.12998698925506064,0.17904696619027005,-0.2580702706670478,0.022412235455453663,0.03925000000000003,-9.726247585106762e-14,0.0224122354553564
0.9875,0.7595,0.12999421721446194,0.17938291135592802,-0.25785433715760586,0.02237816896489595,0.03950000000000003,-9.761635944016689e-14,0.022378168964798335
0.99375,0.7597499999999999,0.12999855426877985,0.17971839521172897,-0.25764128353551763,0.02234122258698444,0.03975000000000003,-9.787309851461146e-14,0.022341222586886568
1.0,0.76,0.13,0.18005342816843406,-0.2574311119409966,0.022301394181505674,0.04000000000000003,-9.808126533172867e-14,0.022301394181407592
1.00625,0.76025,0.12999855426877985,0.1803880204058423,-0.25722382423905643,0.022258681883446055,0.04025000000000003,-9.828943214884589e-14,0.022258681883347765
1.0125,0.7605,0.12999421721446194,0.1807221818770033,-0.25701942201923905,0.02221308410326368,0.04050000000000003,-9.853923232938655e-14,0.022213084103165144
1.01875,0.7607499999999999,0.12998698925506064,0.1810559223123114,-0.25681790659536347,0.02216459952713945,0.04075000000000003,-9.871964357088814e-14,0.02216459952704073
1.0250000000000001,0.761,0.1299768710872217,0.18138925122348487,-0.25661927900529574,0.022113227117207417,0.04100000000000003,-9.896250485752489e-14,0.022113227117108454
1.03125,0.76125,0.12996386368615517,0.18172217790743522,-0.256423540010739,0.022058966111764305,0.04125000000000003,-9.913597720512257e-14,0.02205896611166517
1.0375,0.7615,0.12994796830554148,0.18205471145003044,-0.25623069009704547,0.022001816025458202,0.04150000000000003,-9.946904411251012e-14,0.02200181602535873
1.04375,0.7617499999999999,0.12992918647741047,0.1823868607297548,-0.2560407294730475,0.021941776649456315,0.04175000000000003,-9.963557756620389e-14,0.021941776649356683
1.05,0.762,0.12990752001199385,0.18271863442127056,-0.2558536580709123,0.02187884805159181,0.04200000000000003,-9.9927011110168e-14,0.02187884805149188
1.0562500000000001,0.76225,0.1298829709975506,0.18305004099888358,-0.2556694755460146,0.02181303057648966,0.04225000000000003,-1.0006578898824614e-13,0.021813030576389593
1.0625,0.7625,0.1298555418001659,0.1833810887399171,-0.2554881812768329,0.021744324845671428,0.04250000000000003,-1.0016293350290084e-13,0.021744324845571268
1.06875,0.7627499999999999,0.12982523506352284,0.18371178572799643,-0.2553097743648655,0.021672731757639015,0.04275000000000003,-1.0033640585049852e-13,0.021672731757538678
1.075,0.763,0.1297920537086478,0.18404213985624782,-0.25513425363456754,0.021598252487937248,0.04300000000000003,-1.0059314492494309e-13,0.02159825248783665
1.08125,0.76325,0.1297560009336288,0.18437215883041438,-0.25496161763330955,0.02152088848919531,0.04325000000000003,-1.0066253386398216e-13,0.02152088848909465
1.0875000000000001,0.7635,0.12971708021330733,0.18470185017189208,-0.25479186463135806,0.02144064149114696,0.04350000000000003,-1.0082212842377203e-13,0.021440641491046138
1.09375,0.7637499999999999,0.12967529529894345,0.18503122122068819,-0.25462499262187566,0.021357513500629473,0.04375000000000003,-1.0094008962013845e-13,0.021357513500528537
1.1,0.764,0.12963065021785414,0.18536027913830525,-0.2544609993209441,0.021271506801561296,0.04400000000000003,-1.0123152316410255e-13,0.021271506801460068
1.10625,0.76425,0.12958314927302528,0.1856890309105527,-0.2542998821676072,0.021182623954898328,0.04425000000000003,-1.0131478989094944e-13,0.02118262395479701
1.1125,0.7645,0.12953279704269677,0.1860174833502891,-0.25414163832393677,0.021090867798568814,0.04450000000000003,-1.0139111772389242e-13,0.021090867798467423
1.1187500000000001,0.7647499999999999,0.12947959837992135,0.1863456431000966,-0.2539862646751189,0.02099624144738679,0.04475000000000003,-1.0152295670806666e-13,0.02099624144728527
1.125,0.765,0.1294235584120969,0.18667351663489046,-0.25383375782956186,0.02089874829294404,0.04500000000000003,-1.0170336794956825e-13,0.020898748292842335
1.13125,0.76525,0.12936468254047218,0.18700111026446567,-0.25368411411902553,0.020798392003480503,0.04525000000000003,-1.0184214582764639e-13,0.020798392003378664
1.1375,0.7655,0.12930297643962618,0.18732843013598272,-0.25353732959877295,0.020695176523733125,0.045500000000000033,-1.0188377919106983e-13,0.020695176523631238
1.14375,0.7657499999999999,0.12923844605692136,0.18765548223639442,-0.2533934000477432,0.020589106074763046,0.045750000000000034,-1.020433737508597e-13,0.020589106074661002
1.1500000000000001,0.766,0.1291710976119303,0.1879822723948161,-0.2532523209687452,0.020480185153761148,0.046000000000000034,-1.0218215162893785e-13,0.020480185153658965
1.15625,0.76625,0.12910093759583632,0.18830880628484029,-0.2531140875886746,0.02036841853383186,0.046250000000000034,-1.0226541835578473e-13,0.020368418533729594
1.1625,0.7665,0.1290279727708078,0.18863508942679882,-0.2529786948587512,0.020253811263755212,0.046500000000000034,-1.0220296831064957e-13,0.020253811263653006
1.16875,0.7667499999999999,0.12895221016934644,0.18896112718997304,-0.2528461374547794,0.020136368667727073,0.046750000000000035,-1.0228623503749645e-13,0.020136368667624784
1.175,0.767,0.12887365709360943,0.18928692479475429,-0.25271640977742904,0.020016096345077544,0.047000000000000035,-1.0239725733995897e-13,0.02001609634497515
1.1812500000000001,0.76725,0.12879232111470573,0.18961248731475638,-0.25258950595253915,0.01989300016996744,0.047250000000000035,-1.0239725733995897e-13,0.01989300016986504
1.1875,0.7675,0.12870821007196628,0.1899378196788813,-0.25246541983144377,0.019767086291062847,0.047500000000000035,-1.024250129155746e-13,0.01976708629096042
1.19375,0.7677499999999999,0.12862133207218843,0.19026292667333988,-0.25234414499131913,0.019638361131187672,0.047750000000000035,-1.0261236305098009e-13,0.01963836113108506
1.2000000000000002,0.768,0.12853169548885462,0.1905878129436289,-0.2522256747355525,0.019506831386954186,0.048000000000000036,-1.0251521853632539e-13,0.01950683138685167
1.20625,0.76825,0.12843930896132533,0.19091248299646568,-0.2521100020941353,0.019372504028371488,0.048250000000000036,-1.0260542415707619e-13,0.01937250402826888
1.2125000000000001,0.7685,0.12834418139400636,0.1912369412016822,-0.25199711982407486,0.019235386298431842,0.048500000000000036,-1.0250827964242148e-13,0.019235386298329334
1.21875,0.7687499999999999,0.12824632195549063,0.1915611917940793,-0.2518870204098319,0.01909548571267488,0.048750000000000036,-1.0259848526317228e-13,0.01909548571257228
1.225,0.769,0.12814574007767454,0.1918852388752428,-0.25177969606377726,0.018952810058729595,0.04900000000000004,-1.0266093530830744e-13,0.01895281005862693
1.2312500000000002,0.76925,0.12804244545484877,0.19220908641532225,-0.2516751387266727,0.01880736739583409,0.04925000000000004,-1.0259154636926837e-13,0.0188073673957315
1.2375,0.7695,0.1279364480427641,0.19253273825477424,-0.2515733400681737,0.01865916605433307,0.04950000000000004,-1.0260542415707619e-13,0.018659166054230465
1.2437500000000001,0.7697499999999999,0.12782775805767171,0.19285619810607044,-0.25147429148735373,0.018508214635153,0.04975000000000004,-1.0254297411194102e-13,0.01850821463505046
1.25,0.77,0.1277163859753386,0.19317946955582393,-0.25137798411314133,0.01835452200935857,0.05000000000000004,-9.57081636165924e-14,0.01835452200926286
1.25625,0.77025,0.12760234253003785,0.1935025560709784,-0.2512844088037247,0.018198097318775277,0.05025000000000004,-9.58053081312471e-14,0.018198097318679475
1.2625000000000002,0.7705,0.1274856387135141,0.193825460992592,-0.2511935561489913,0.018038949973508495,0.05050000000000004,-9.56110191019377e-14,0.018038949973412884
1.26875,0.7707499999999999,0.12736628577392403,0.19414818753900379,-0.2511054164708384,0.01787708965166138,0.05075000000000004,-9.558326352632207e-14,0.017877089651565793
1.2750000000000001,0.771,0.12724429521475245,0.19447073880871912,-0.25101997982349145,0.017712526299008328,0.05100000000000004,-9.558326352632207e-14,0.01771252629891274
1.28125,0.77125,0.1271196787937033,0.1947931177819342,-0.25093723599416207,0.017545270128337682,0.05125000000000004,-9.556244684461035e-14,0.01754527012824212
1.2875,0.7715,0.12699244852156666,0.19511532732203252,-0.2508571745037277,0.017375331618771948,0.05150000000000004,-9.544448564824393e-14,0.0173753316186765
1.2937500000000002,0.7717499999999999,0.1268626166610609,0.1954373701770544,-0.2507797846074341,0.0172027215150654,0.05175000000000004,-9.53195855579736e-14,0.017202721514970078
1.3,0.772,0.12673019572565103,0.19575924898114058,-0.25070505529562037,0.01702745082687911,0.05200000000000004,-9.529182998235797e-14,0.017027450826783815
1.3062500000000001,0.77225,0.12659519847834239,0.19608096625595048,-0.250632975294466,0.016849530828033345,0.05225000000000004,-9.514611321037592e-14,0.0168495308279382
1.3125,0.7725,0.12645763793045064,0.196402524412056,-0.25056353306676193,0.01666897305573729,0.05250000000000004,-9.504202980181731e-14,0.01666897305564225
1.31875,0.7727499999999999,0.12631752734034773,0.1967239257503119,-0.25049671681270297,0.016485789309796096,0.05275000000000004,-9.487549634812353e-14,0.016485789309701217
1.3250000000000002,0.773,0.12617488021218393,0.19704517246320277,-0.2504325144707037,0.01629999165179519,0.05300000000000004,-9.469508510662195e-14,0.016299991651700492
1.33125,0.77325,0.12602971029458632,0.19736626663616816,-0.250370913718237,0.016111592404261865,0.05325000000000004,-9.468120731881413e-14,0.016111592404167187
1.3375000000000001,0.7735,0.12588203157933375,0.19768721024890612,-0.2503119019726946,0.01592060414980407,0.05350000000000004,-9.447997939560082e-14,0.01592060414970959
1.34375,0.7737499999999999,0.12573185830000816,0.1980080051766559,-0.25025546639227214,0.015727039730226423,0.05375000000000004,-9.437589598704221e-14,0.015727039730132043
1.35,0.774,0.12557920493062277,0.1983286531914603,-0.25020159387687496,0.015530912245623403,0.05400000000000004,-9.418160695773281e-14,0.015530912245529223
1.3562500000000002,0.77425,0.12542408618422704,0.1986491559634087,-0.25015027106904847,0.015332235053449697,0.05425000000000004,-9.39803790345195e-14,0.015332235053355715
1.3625,0.7745,0.1252665170114886,0.198969515061861,-0.2501014843549303,0.015131021767567698,0.05450000000000004,-9.380690668692182e-14,0.015131021767473891
1.3687500000000001,0.7747499999999999,0.1251065125992523,0.19928973195665337,-0.2500552198652257,0.014927286257272113,0.05475000000000004,-9.364731212713195e-14,0.014927286257178464
1.375,0.775,0.12494408836907636,0.1996098080192831,-0.25001146347620595,0.014721042646291682,0.05500000000000004,-9.345302309782255e-14,0.01472104264619823
1.38125,0.77525,0.1247792599757462,0.19992974452409765,-0.24997020081072951,0.014512305311767996,0.05525000000000004,-9.332812300755222e-14,0.014512305311674668
1.3875000000000002,0.7755,0.1246120433057654,0.2002495426494051,-0.24993141723928586,0.014301088883211379,0.05550000000000004,-9.305750614529984e-14,0.014301088883118325
1.39375,0.7757499999999999,0.1244424544758247,0.20056920347866344,-0.24989509788106307,0.014087408241433843,0.05575000000000004,-9.272443923791229e-14,0.014087408241341116
1.4000000000000001,0.776,0.12427050983124843,0.20088872800157306,-0.24986122760503762,0.013871278517459097,0.05600000000000004,-9.25370891025068e-14,0.01387127851736656
1.40625,0.77625,0.12409622594441935,0.20120811711519085,-0.24982979103108682,0.013652715091409608,0.05625000000000004,-9.22525944524466e-14,0.01365271509131736
1.4125,0.7765,0.12391961961318122,0.20152737162502196,-0.2498007725311256,0.013431733591370698,0.05650000000000004,-9.210687768046455e-14,0.01343173359127859
1.4187500000000002,0.7767499999999999,0.12374070785921981,0.20184649224610252,-0.24977415623026425,0.01320834989223168,0.05675000000000004,-9.174605519746137e-14,0.013208349892139933
1.425,0.777,0.12355950792642235,0.20216547960405776,-0.24974992600799173,0.01298258011450403,0.057000000000000044,-9.15795217437676e-14,0.012982580114412452
1.4312500000000001,0.77725,0.1233760372792155,0.20248433423615816,-0.24972806549937893,0.012754440623116595,0.057250000000000044,-9.133666045713085e-14,0.012754440623025255
1.4375,0.7775,0.12319031360088212,0.20280305659235728,-0.2497085580963074,0.012523948026187838,0.057500000000000044,-9.105910470097456e-14,0.012523948026096778
1.44375,0.7777499999999999,0.12300235479185685,0.2031216470363178,-0.24969138694871978,0.012291119173775122,0.057750000000000044,-9.072603779358701e-14,0.012291119173684396
1.4500000000000002,0.778,0.12281217896800092,0.2034401058464261,-0.24967653496589365,0.012055971156601043,0.058000000000000045,-9.051093208256589e-14,0.012055971156510532
1.45625,0.77825,0.12261980445885609,0.2037584332167949,-0.24966398481773744,0.011818521304756816,0.058250000000000045,-9.007378176661973e-14,0.011818521304666742
1.4625000000000001,0.7785,0.1224252498058779,0.20407662925825495,-0.2496537189361113,0.011578787186382725,0.058500000000000045,-8.983785937388689e-14,0.011578787186292884
1.46875,0.7787499999999999,0.12222853376064877,0.20439469399933563,-0.24964571951616799,0.01133678660632567,0.058750000000000045,-8.947703689088371e-14,0.011336786606236195
1.475,0.779,0.12202967528307057,0.20471262738723542,-0.24963996851771963,0.01109253760477378,0.059000000000000045,-8.923417560424696e-14,0.011092537604684545
1.4812500000000002,0.77925,0.12182869353953725,0.20503042928878162,-0.24963644766662485,0.010846058455868156,0.059250000000000046,-8.882478086391643e-14,0.01084605845577933
1.4875,0.7795,0.12162560790108758,0.20534809949138128,-0.24963513845620086,0.010597367666291753,0.059500000000000046,-8.843620280529763e-14,0.010597367666203318
1.4937500000000001,0.7797499999999999,0.12142043794153805,0.20566563770396154,-0.24963602214865688,0.010346483973835396,0.059750000000000046,-8.809619700400617e-14,0.010346483973747302
1.5,0.78,0.12121320343559644,0.2059830435579018,-0.24963907977655103,0.010093426345940999,0.060000000000000046,-8.785333571736942e-14,0.010093426345853147
1.50625,0.78025,0.12100392435695571,0.20630031660795645,-0.2496442921442697,0.009838213978221972,0.06025000000000005,-8.749251323436624e-14,0.009838213978134482
1.5125000000000002,0.7805,0.12079262087636908,0.20661745633316944,-0.24965163982953037,0.00958086629296089,0.06050000000000005,-8.708311849403572e-14,0.009580866292873809
1.51875,0.7807499999999999,0.12057931335970579,0.20693446213778047,-0.24966110318490642,0.00932140293758441,0.06075000000000005,-8.665290707199347e-14,0.00932140293749776
1.5250000000000001,0.781,0.12036402236598825,0.20725133335212342,-0.24967266233937488,0.00905984378311552,0.06100000000000005,-8.622269564995122e-14,0.009059843783029299
1.53125,0.78125,0.12014676864541056,0.20756806923351792,-0.2496862971998869,0.008796208922603115,0.06125000000000005,-8.582717869742851e-14,0.008796208922517292
1.5375,0.7815,0.11992757313733846,0.20788466896714952,-0.24970198745296054,0.008530518669528978,0.06150000000000005,-8.5341456124155e-14,0.008530518669443633
1.5437500000000002,0.78175,0.11970645696829124,0.20820113166694923,-0.2497197125662969,0.008262793556192185,0.06175000000000005,-8.491818359601666e-14,0.008262793556107269
1.55,0.782,0.11948344144990553,0.20851745637646188,-0.2497394517904177,0.00799305433207099,0.06200000000000005,-8.451572774959004e-14,0.007993054331986472
1.5562500000000001,0.78225,0.1192585480768811,0.20883364206970156,-0.249761184160326,0.007721321962162248,0.06225000000000005,-8.407163853973998e-14,0.007721321962078177
1.5625,0.7825,0.11903179852490937,0.20914968765203668,-0.24978488849718938,0.00744761762529842,0.06250000000000004,-8.362061043598601e-14,0.0074476176252148
1.56875,0.78275,0.1188032146485841,0.20946559196099762,-0.24981054341004524,0.007171962712442215,0.06275000000000004,-8.328060463469455e-14,0.00717196271235894
1.5750000000000002,0.783,0.11857281847929502,0.2097813537671495,-0.24983812729752794,0.006894378824958935,0.06300000000000004,-8.269773754676635e-14,0.006894378824876243
1.58125,0.78325,0.1183406322231045,0.2100969717749239,-0.24986761834961985,0.006614887772866583,0.06325000000000004,-8.225364833691629e-14,0.006614887772784336
1.5875000000000001,0.7835,0.11810667825860714,0.21041244462345216,-0.24989899454942216,0.006333511573063801,0.06350000000000004,-8.178180355145059e-14,0.006333511572982023
1.59375,0.78375,0.11787097913477301,0.21072777088739356,-0.2499322336749497,0.006050272447535699,0.06375000000000004,-8.122669203913802e-14,0.006050272447454472
1.6,0.784,0.1176335575687742,0.21104294907775845,-0.24996731330094743,0.00576519282153766,0.06400000000000004,-8.090750291955828e-14,0.005765192821456752
1.6062500000000002,0.78425,0.11739443644379541,0.21135797764272624,-0.25000421080072727,0.0054782953217571845,0.06425000000000004,-8.026912468039882e-14,0.005478295321676915
1.6125,0.7845,0.11715363880682837,0.2116728549684594,-0.2500429033480301,0.0051896027744538645,0.06450000000000004,-7.97695243193175e-14,0.005189602774374094
1.6187500000000001,0.78475,0.11691118786645051,0.2119875793799123,-0.25008336791890595,0.004899138203577552,0.06475000000000004,-7.932543510946743e-14,0.0048991382034982295
1.625,0.7849999999999999,0.11666710699058808,0.2123021491416364,-0.25012558129361817,0.0046069248288648276,0.06500000000000004,-7.88119569605783e-14,0.00460692482878601
1.63125,0.78525,0.1164214197042639,0.2126165624585809,-0.2501695200585686,0.004312986063913842,0.06525000000000004,-7.822908987265009e-14,0.004312986063835608
1.6375000000000002,0.7855,0.11617414968733,0.2129308174768897,-0.2502151606082442,0.0040173455142376285,0.06550000000000004,-7.767397836033751e-14,0.004017345514159956
1.64375,0.78575,0.11592532077218529,0.21324491228469455,-0.25026247914718525,0.003720026975295985,0.06575000000000004,-7.704947790898586e-14,0.0037200269752189347
1.6500000000000001,0.786,0.11567495694147847,0.2135588449129049,-0.25031145169197466,0.003421054430506015,0.06600000000000004,-7.649436639667329e-14,0.003421054430429518
1.65625,0.78625,0.11542308232579666,0.21387261333599353,-0.25036205407324874,0.0031204520492314402,0.06625000000000004,-7.599476603559197e-14,0.0031204520491554394
1.6625,0.7865,0.11516972120133954,0.2141862154727799,-0.25041426193772875,0.0028182441847507816,0.06650000000000005,-7.53563877964325e-14,0.0028182441846754253
1.6687500000000002,0.78675,0.11491489798757963,0.2144996491872098,-0.25046805075027456,0.0025144553722045264,0.06675000000000005,-7.491229858658244e-14,0.0025144553721296176
1.675,0.7869999999999999,0.11465863724490866,0.21481291228913188,-0.25052339579595695,0.0022091103265213866,0.06700000000000005,-7.414902025715264e-14,0.0022091103264472306
1.6812500000000001,0.78725,0.11440096367227033,0.2151260025350719,-0.25058027218215406,0.0019022339403237704,0.06725000000000005,-7.364941989607132e-14,0.001902233940250117
1.6875,0.7875,0.11414190210477994,0.21543891762900363,-0.2506386548406646,0.0015938512818125831,0.06750000000000005,-7.301104165691186e-14,0.0015938512817395695
1.69375,0.78775,0.11388147751133051,0.2157516552231177,-0.2506985185298449,0.0012839875926314828,0.06775000000000005,-7.223388553967425e-14,0.001283987592559252
1.7000000000000002,0.788,0.1136197149921864,0.2160642129185876,-0.25075983783676514,0.000972668285710718,0.06800000000000005,-7.167877402736167e-14,0.0009726682856390362
1.70625,0.78825,0.11335663977656406,0.2163765882663334,-0.25082258717938455,0.0006599189430906762,0.06825000000000005,-7.10403957882022e-14,0.0006599189430196301
1.7125000000000001,0.7885,0.11309227722020027,0.21668877876778367,-0.25088674080874923,0.00034576531372528023,0.06850000000000005,-7.033262861000367e-14,0.0003457653136549471
1.71875,0.78875,0.11282665280290846,0.21700078187563454,-0.25095227281120847,3.0233311265368034e-05,0.06875000000000005,-6.965261700742076e-14,3.0233311195712598e-05
1.725,0.7889999999999999,0.11255979212612284,0.21731259499460737,-0.25101915711065104,-0.000286650988177801,0.06900000000000005,-6.905587213168474e-14,-0.00028665098824685875
1.7312500000000002,0.78925,0.11229172091043085,0.2176242154822043,-0.2510873674707613,-0.0006048613482887693,0.06925000000000005,-6.837586052910183e-14,-0.0006048613483571469
1.7375,0.7895,0.11202246499309423,0.21793564064946178,-0.25115687749729554,-0.0009243713748236834,0.06950000000000005,-6.76819711387111e-14,-0.0009243713748913612
1.7437500000000001,0.78975,0.11175205032555868,0.218246867761703,-0.2512276606403766,-0.0012451545179055234,0.06975000000000005,-6.69048150214735e-14,-0.0012451545179724272
1.75,0.79,0.1114805029709527,0.2185578940392878,-0.2512996901968091,-0.0015671840743386055,0.07000000000000005,-6.630807014573747e-14,-0.001567184074404912
1.75625,0.79025,0.1112078491015755,0.218868716658362,-0.2513729393124119,-0.0018904331899421924,0.07025000000000005,-6.551703624069205e-14,-0.0018904331900077148
1.7625000000000002,0.7905,0.1109341149963745,0.2191793327516045,-0.25144738098437214,-0.0022148748619030545,0.07050000000000005,-6.490641357714821e-14,-0.002214874861967961
1.76875,0.79075,0.11065932703841248,0.21948973940897362,-0.25152298806361495,-0.00254048194114681,0.07075000000000005,-6.396272400621683e-14,-0.002540481941210773
1.7750000000000001,0.7909999999999999,0.11038351171232479,0.21979993367845171,-0.25159973325719537,-0.002867227134727875,0.07100000000000005,-6.331046797924955e-14,-0.002867227134791192
1.78125,0.79125,0.11010669560176661,0.22010991256678872,-0.2516775891307046,-0.0031950830082378475,0.07125000000000005,-6.257494522543539e-14,-0.0031950830083004172
1.7875,0.7915,0.1098289053868508,0.2204196730402446,-0.25175652811069815,-0.003524021988232151,0.07150000000000005,-6.18255446838134e-14,-0.0035240219882939766
1.7937500000000002,0.79175,0.10955016784157649,0.22072921205636606,-0.2518365224760445,-0.003854016353486974,0.07175000000000005,-1.5333567748854193e-13,-0.0038540163536403133
1.8,0.792,0.10927050983124843,0.22103852653657396,-0.2519175443689394,-0.0041850382463826125,0.07200000000000005,-1.5258627694691995e-13,-0.004185038246535197
1.8062500000000001,0.79225,0.10898995830988771,0.2213476133292034,-0.25199956581148486,-0.004517059688928863,0.07225000000000005,-1.5182299861749016e-13,-0.004517059689080685
1.8125,0.7925,0.10870854031763388,0.22165646924485644,-0.2520825586966025,-0.004850052574047329,0.07250000000000005,-1.510042091368291e-13,-0.004850052574198335
1.81875,0.79275,0.10842628297813876,0.22196509105715834,-0.252166494790542,-0.005183988667987614,0.07275000000000005,-1.5019929744397587e-13,-0.0051839886681378095
1.8250000000000002,0.7929999999999999,0.10814321349595223,0.22227347550349044,-0.2522513457354145,-0.005518839612860904,0.07300000000000005,-1.4944989690235388e-13,-0.005518839613010348
1.83125,0.79325,0.10785935915390013,0.2225816192857229,-0.25233708305174335,-0.005854576929190537,0.07325000000000005,-1.4864498520950065e-13,-0.005854576929339175
1.8375000000000001,0.7935,0.10757474731045474,0.22288951907094398,-0.2524236781410313,-0.006191172018479323,0.07350000000000005,-1.4778456236541615e-13,-0.0061911720186271085
1.84375,0.79375,0.10728940539709793,0.22319717149219423,-0.25251110228834456,-0.0065285961657934235,0.07375000000000005,-1.469657728847551e-13,-0.006528596165940384
1.85,0.794,0.10700336091567716,0.22350457314919472,-0.252599326664913,-0.006866820542362571,0.07400000000000005,-1.462857612821722e-13,-0.006866820542508853
1.8562500000000002,0.79425,0.10671664143575495,0.2238117206090776,-0.25268832233074595,-0.0072058162081964075,0.07425000000000005,-1.4536982728685643e-13,-0.007205816208341778
1.8625,0.7945,0.10642927459195153,0.22411861040711545,-0.25277806023726535,-0.007545554114716729,0.07450000000000005,-1.4444001550373287e-13,-0.007545554114861172
1.8687500000000001,0.79475,0.1061412880812814,0.22442523904745043,-0.2528685112299532,-0.007886005107405397,0.07475000000000005,-1.4362122602307181e-13,-0.007886005107549013
1.875,0.7949999999999999,0.10585270966048387,0.22473160300382297,-0.2529596460510146,-0.008227139928467705,0.07500000000000005,-1.427469253911795e-13,-0.008227139928610447
1.88125,0.79525,0.10556356714334773,0.22503769872030008,-0.25305143534205704,-0.008568929219510963,0.07525000000000005,-1.4190038033490282e-13,-0.008568929219652868
1.8875000000000002,0.7955,0.10527388839803063,0.22534352261200308,-0.2531438496467832,-0.008911343524238046,0.07550000000000005,-1.4099832412739488e-13,-0.008911343524379042
1.89375,0.79575,0.10498370134437297,0.2256490710658356,-0.25323685941370006,-0.00925435329115571,0.07575000000000005,-1.4017953464673383e-13,-0.009254353291295883
1.9000000000000001,0.796,0.10469303395120694,0.22595434044121068,-0.2533304349988409,-0.009597928876297391,0.07600000000000005,-1.3933298959045715e-13,-0.00959792887643672
1.90625,0.79625,0.10440191423366085,0.2262593270707778,-0.25342454666850284,-0.009942040545960257,0.07625000000000005,-1.3840317780733358e-13,-0.009942040546098665
1.9125,0.7965,0.10411037025045905,0.22656402726114983,-0.25351916460199786,-0.010286658479456284,0.07650000000000005,-1.3740397708517094e-13,-0.010286658479593688
1.9187500000000002,0.79675,0.1038184301012174,0.22686843729362924,-0.2536142588944177,-0.01063175277187707,0.07675000000000005,-1.3644640972643174e-13,-0.010631752772013517
1.925,0.7969999999999999,0.10352612192373513,0.2271725534249346,-0.25370979955941203,-0.010977293436872159,0.07700000000000005,-1.3569700918480976e-13,-0.01097729343700786
1.9312500000000001,0.79725,0.10323347389128278,0.2274763718879263,-0.2538057565319796,-0.011323250409440605,0.07725000000000005,-1.3485046412853308e-13,-0.01132325040957545
1.9375,0.7975,0.10294051420988683,0.22777988889233228,-0.2539020996712736,-0.011669593548735514,0.07750000000000005,-1.339067745576017e-13,-0.011669593548869414
1.94375,0.79775,0.1026472711156111,0.22808310062547357,-0.25399879876341847,-0.012016292640881313,0.07775000000000006,-1.3297696277447812e-13,-0.012016292641014295
1.9500000000000002,0.798,0.10235377287183535,0.22838600325298927,-0.25409582352433957,-0.01236331740180345,0.07800000000000006,-1.3195000647669985e-13,-0.0123633174019354
1.95625,0.79825,0.10206004776653121,0.2286885929195614,-0.25419314360260553,-0.012710637480070298,0.07825000000000006,-1.3106182805699973e-13,-0.012710637480201362
1.9625000000000001,0.7985,0.10176612410953567,0.2289908657496394,-0.2542907285822812,-0.01305822245974694,0.07850000000000006,-1.300765051226449e-13,-0.01305822245987702
1.96875,0.79875,0.10147203022982254,0.2292928178481646,-0.2543885479857939,-0.013406041863260602,0.07875000000000006,-1.2913281555171352e-13,-0.013406041863389742
1.975,0.7989999999999999,0.10117779447277206,0.22959444530129372,-0.2544865712768098,-0.013754065154277434,0.07900000000000006,-1.2818912598078214e-13,-0.013754065154405623
1.9812500000000002,0.79925,0.1008834451974389,0.22989574417712272,-0.2545847678631218,-0.014102261740590347,0.07925000000000006,-1.2727319198546638e-13,-0.014102261740717617
1.9875,0.7995,0.10058901077381886,0.23019671052640964,-0.2546831070995481,-0.014450600977017653,0.07950000000000006,-1.2628786905111156e-13,-0.014450600977143943
1.9937500000000001,0.79975,0.10029451958011448,0.23049734038329772,-0.2547815582908416,-0.014799052168312189,0.07975000000000006,-1.2523315717771766e-13,-0.014799052168437424
2.0,0.7999999999999999,0.1,0.23079762976603735,-0.25488009069460915,-0.015147584572080649,0.08000000000000006,-1.2433110097020972e-13,-0.015147584572204983
